<?xml version='1.0' encoding='utf-8'?>
<osm attribution="https://www.openstreetmap.org/copyright" copyright="OpenStreetMap and contributors" generator="OSMnx 2.1.0" license="https://opendatacommons.org/licenses/odbl/1-0/" version="0.6"><bounds minlon="-6.2734882" minlat="53.3412141" maxlon="-6.2614887" maxlat="53.3483928" /><node changeset="1" timestamp="2026-05-15T09:34:42Z" user="OSMnx" lat="53.3456094" uid="1" id="389270" version="1" lon="-6.2734021" visible="true" /><node changeset="1" timestamp="2026-05-15T09:34:42Z" user="OSMnx" lat="53.3453413" uid="1" id="389279" version="1" lon="-6.2676306" visible="true" /><node changeset="1" timestamp="2026-05-15T09:34:42Z" user="OSMnx" lat="53.3441129" uid="1" id="389280" version="1" lon="-6.2672337" visible="true" /><node changeset="1" timestamp="2026-05-15T09:34:42Z" user="OSMnx" lat="53.3442515" uid="1" id="389332" version="1" lon="-6.2623822" visible="true" /><node changeset="1" timestamp="2026-05-15T09:34:42Z" user="OSMnx" lat="53.3428207" uid="1" id="389354" version="1" lon="-6.2698257" visible="true" /><node changeset="1" timestamp="2026-05-15T09:34:42Z" user="OSMnx" lat="53.3460812" uid="1" id="659784" version="1" lon="-6.2678881" visible="true" /><node changeset="1" timestamp="2026-05-15T09:34:42Z" user="OSMnx" lat="53.3479351" uid="1" id="659788" version="1" lon="-6.2634471" visible="true" /><node changeset="1" timestamp="2026-05-15T09:34:42Z" user="OSMnx" lat="53.3475882" uid="1" id="1442749" version="1" lon="-6.2662039" visible="true"><tag k="railway" v="tram_level_crossing" /></node><node changeset="1" timestamp="2026-05-15T09:34:42Z" user="OSMnx" lat="53.346805" uid="1" id="1442755" version="1" lon="-6.2659153" visible="true"><tag k="highway" v="traffic_signals" /></node><node changeset="1" timestamp="2026-05-15T09:34:42Z" user="OSMnx" lat="53.3471461" uid="1" id="1442757" version="1" lon="-6.2660452" visible="true" /><node changeset="1" timestamp="2026-05-15T09:34:42Z" user="OSMnx" lat="53.3466277" uid="1" id="1442759" version="1" lon="-6.2632002" visible="true" /><node changeset="1" timestamp="2026-05-15T09:34:42Z" user="OSMnx" lat="53.3441775" uid="1" id="1448436" version="1" lon="-6.2644509" visible="true"><tag k="highway" v="traffic_signals" /></node><node changeset="1" timestamp="2026-05-15T09:34:42Z" user="OSMnx" lat="53.3430052" uid="1" id="1448439" version="1" lon="-6.2644034" visible="true" /><node changeset="1" timestamp="2026-05-15T09:34:42Z" user="OSMnx" lat="53.3460523" uid="1" id="9102015" version="1" lon="-6.261839" visible="true" /><node changeset="1" timestamp="2026-05-15T09:34:42Z" user="OSMnx" lat="53.3455759" uid="1" id="12639663" version="1" lon="-6.2722095" visible="true"><tag k="highway" v="traffic_signals" /></node><node changeset="1" timestamp="2026-05-15T09:34:42Z" user="OSMnx" lat="53.3449816" uid="1" id="12639664" version="1" lon="-6.2720865" visible="true" /><node changeset="1" timestamp="2026-05-15T09:34:42Z" user="OSMnx" lat="53.3442045" uid="1" id="12639666" version="1" lon="-6.271859" visible="true" /><node changeset="1" timestamp="2026-05-15T09:34:42Z" user="OSMnx" lat="53.3481297" uid="1" id="12649678" version="1" lon="-6.2718607" visible="true" /><node changeset="1" timestamp="2026-05-15T09:34:42Z" user="OSMnx" lat="53.3480656" uid="1" id="14955927" version="1" lon="-6.2733176" visible="true" /><node changeset="1" timestamp="2026-05-15T09:34:42Z" user="OSMnx" lat="53.3472217" uid="1" id="14955928" version="1" lon="-6.2730285" visible="true" /><node changeset="1" timestamp="2026-05-15T09:34:42Z" user="OSMnx" lat="53.3462557" uid="1" id="18940355" version="1" lon="-6.2657034" visible="true" /><node changeset="1" timestamp="2026-05-15T09:34:42Z" user="OSMnx" lat="53.3414822" uid="1" id="26165126" version="1" lon="-6.2653904" visible="true" /><node changeset="1" timestamp="2026-05-15T09:34:42Z" user="OSMnx" lat="53.3421572" uid="1" id="26165156" version="1" lon="-6.264678" visible="true" /><node changeset="1" timestamp="2026-05-15T09:34:42Z" user="OSMnx" lat="53.3430248" uid="1" id="26165224" version="1" lon="-6.2637142" visible="true" /><node changeset="1" timestamp="2026-05-15T09:34:42Z" user="OSMnx" lat="53.3430433" uid="1" id="26165229" version="1" lon="-6.2628703" visible="true" /><node changeset="1" timestamp="2026-05-15T09:34:42Z" user="OSMnx" lat="53.3430552" uid="1" id="26165233" version="1" lon="-6.2620339" visible="true" /><node changeset="1" timestamp="2026-05-15T09:34:42Z" user="OSMnx" lat="53.3440405" uid="1" id="26165256" version="1" lon="-6.2623613" visible="true" /><node changeset="1" timestamp="2026-05-15T09:34:42Z" user="OSMnx" lat="53.3435625" uid="1" id="26165258" version="1" lon="-6.2617249" visible="true" /><node changeset="1" timestamp="2026-05-15T09:34:42Z" user="OSMnx" lat="53.3438435" uid="1" id="26165637" version="1" lon="-6.2644526" visible="true" /><node changeset="1" timestamp="2026-05-15T09:34:42Z" user="OSMnx" lat="53.3438521" uid="1" id="26165647" version="1" lon="-6.2637818" visible="true" /><node changeset="1" timestamp="2026-05-15T09:34:42Z" user="OSMnx" lat="53.3418657" uid="1" id="26165708" version="1" lon="-6.2636202" visible="true" /><node changeset="1" timestamp="2026-05-15T09:34:42Z" user="OSMnx" lat="53.3412339" uid="1" id="26165710" version="1" lon="-6.2640808" visible="true" /><node changeset="1" timestamp="2026-05-15T09:34:42Z" user="OSMnx" lat="53.3474782" uid="1" id="26165956" version="1" lon="-6.2669471" visible="true"><tag k="railway" v="tram_level_crossing" /></node><node changeset="1" timestamp="2026-05-15T09:34:42Z" user="OSMnx" lat="53.3456123" uid="1" id="26166024" version="1" lon="-6.271657" visible="true" /><node changeset="1" timestamp="2026-05-15T09:34:42Z" user="OSMnx" lat="53.3464833" uid="1" id="26756133" version="1" lon="-6.2680572" visible="true"><tag k="highway" v="traffic_signals" /></node><node changeset="1" timestamp="2026-05-15T09:34:42Z" user="OSMnx" lat="53.3449495" uid="1" id="26868380" version="1" lon="-6.2675057" visible="true" /><node changeset="1" timestamp="2026-05-15T09:34:42Z" user="OSMnx" lat="53.3462881" uid="1" id="26907148" version="1" lon="-6.2618852" visible="true" /><node changeset="1" timestamp="2026-05-15T09:34:42Z" user="OSMnx" lat="53.3461483" uid="1" id="26911362" version="1" lon="-6.2625499" visible="true" /><node changeset="1" timestamp="2026-05-15T09:34:42Z" user="OSMnx" lat="53.3456284" uid="1" id="26911593" version="1" lon="-6.2624748" visible="true" /><node changeset="1" timestamp="2026-05-15T09:34:42Z" user="OSMnx" lat="53.3449967" uid="1" id="26911822" version="1" lon="-6.2671029" visible="true" /><node changeset="1" timestamp="2026-05-15T09:34:42Z" user="OSMnx" lat="53.3448847" uid="1" id="26911836" version="1" lon="-6.2633611" visible="true" /><node changeset="1" timestamp="2026-05-15T09:34:42Z" user="OSMnx" lat="53.3442105" uid="1" id="26911837" version="1" lon="-6.2633394" visible="true" /><node changeset="1" timestamp="2026-05-15T09:34:42Z" user="OSMnx" lat="53.344194" uid="1" id="26912097" version="1" lon="-6.2637996" visible="true" /><node changeset="1" timestamp="2026-05-15T09:34:42Z" user="OSMnx" lat="53.3441831" uid="1" id="26912098" version="1" lon="-6.2642535" visible="true" /><node changeset="1" timestamp="2026-05-15T09:34:42Z" user="OSMnx" lat="53.3449225" uid="1" id="26912106" version="1" lon="-6.264834" visible="true" /><node changeset="1" timestamp="2026-05-15T09:34:42Z" user="OSMnx" lat="53.3441726" uid="1" id="26912118" version="1" lon="-6.2648459" visible="true" /><node changeset="1" timestamp="2026-05-15T09:34:42Z" user="OSMnx" lat="53.3448537" uid="1" id="26912252" version="1" lon="-6.2657651" visible="true" /><node changeset="1" timestamp="2026-05-15T09:34:42Z" user="OSMnx" lat="53.3438813" uid="1" id="26912394" version="1" lon="-6.2686141" visible="true"><tag k="highway" v="traffic_signals" /></node><node changeset="1" timestamp="2026-05-15T09:34:42Z" user="OSMnx" lat="53.3436671" uid="1" id="26912396" version="1" lon="-6.2677877" visible="true" /><node changeset="1" timestamp="2026-05-15T09:34:42Z" user="OSMnx" lat="53.3440647" uid="1" id="26912398" version="1" lon="-6.2676492" visible="true" /><node changeset="1" timestamp="2026-05-15T09:34:42Z" user="OSMnx" lat="53.3433888" uid="1" id="26912401" version="1" lon="-6.2688777" visible="true" /><node changeset="1" timestamp="2026-05-15T09:34:42Z" user="OSMnx" lat="53.3435152" uid="1" id="26912402" version="1" lon="-6.2683821" visible="true" /><node changeset="1" timestamp="2026-05-15T09:34:42Z" user="OSMnx" lat="53.3431941" uid="1" id="26912404" version="1" lon="-6.2699389" visible="true" /><node changeset="1" timestamp="2026-05-15T09:34:42Z" user="OSMnx" lat="53.3430738" uid="1" id="26912410" version="1" lon="-6.2707474" visible="true" /><node changeset="1" timestamp="2026-05-15T09:34:42Z" user="OSMnx" lat="53.3429903" uid="1" id="26912411" version="1" lon="-6.2709883" visible="true" /><node changeset="1" timestamp="2026-05-15T09:34:42Z" user="OSMnx" lat="53.3428936" uid="1" id="26912412" version="1" lon="-6.2714658" visible="true"><tag k="highway" v="crossing" /></node><node changeset="1" timestamp="2026-05-15T09:34:42Z" user="OSMnx" lat="53.3413896" uid="1" id="32235240" version="1" lon="-6.2648787" visible="true" /><node changeset="1" timestamp="2026-05-15T09:34:42Z" user="OSMnx" lat="53.3415471" uid="1" id="51509946" version="1" lon="-6.2700555" visible="true" /><node changeset="1" timestamp="2026-05-15T09:34:42Z" user="OSMnx" lat="53.3415139" uid="1" id="51510551" version="1" lon="-6.2656155" visible="true" /><node changeset="1" timestamp="2026-05-15T09:34:42Z" user="OSMnx" lat="53.3415312" uid="1" id="51510553" version="1" lon="-6.265856" visible="true" /><node changeset="1" timestamp="2026-05-15T09:34:42Z" user="OSMnx" lat="53.3415003" uid="1" id="51510555" version="1" lon="-6.2661293" visible="true" /><node changeset="1" timestamp="2026-05-15T09:34:42Z" user="OSMnx" lat="53.3413205" uid="1" id="51510558" version="1" lon="-6.2665979" visible="true" /><node changeset="1" timestamp="2026-05-15T09:34:42Z" user="OSMnx" lat="53.3430521" uid="1" id="135109467" version="1" lon="-6.2626811" visible="true" /><node changeset="1" timestamp="2026-05-15T09:34:42Z" user="OSMnx" lat="53.3471937" uid="1" id="195863866" version="1" lon="-6.2633882" visible="true" /><node changeset="1" timestamp="2026-05-15T09:34:42Z" user="OSMnx" lat="53.3472717" uid="1" id="195865275" version="1" lon="-6.2634132" visible="true" /><node changeset="1" timestamp="2026-05-15T09:34:42Z" user="OSMnx" lat="53.3416857" uid="1" id="248662984" version="1" lon="-6.2691756" visible="true" /><node changeset="1" timestamp="2026-05-15T09:34:42Z" user="OSMnx" lat="53.3416412" uid="1" id="248662985" version="1" lon="-6.2700661" visible="true" /><node changeset="1" timestamp="2026-05-15T09:34:42Z" user="OSMnx" lat="53.344155" uid="1" id="256880415" version="1" lon="-6.2668041" visible="true" /><node changeset="1" timestamp="2026-05-15T09:34:42Z" user="OSMnx" lat="53.345431" uid="1" id="262366031" version="1" lon="-6.2721569" visible="true" /><node changeset="1" timestamp="2026-05-15T09:34:42Z" user="OSMnx" lat="53.3450496" uid="1" id="262366032" version="1" lon="-6.2721023" visible="true" /><node changeset="1" timestamp="2026-05-15T09:34:42Z" user="OSMnx" lat="53.3459631" uid="1" id="279364511" version="1" lon="-6.2634759" visible="true" /><node changeset="1" timestamp="2026-05-15T09:34:42Z" user="OSMnx" lat="53.3463085" uid="1" id="281264464" version="1" lon="-6.2651481" visible="true"><tag k="highway" v="crossing" /></node><node changeset="1" timestamp="2026-05-15T09:34:42Z" user="OSMnx" lat="53.3468998" uid="1" id="281264465" version="1" lon="-6.265261" visible="true" /><node changeset="1" timestamp="2026-05-15T09:34:42Z" user="OSMnx" lat="53.3426122" uid="1" id="305304042" version="1" lon="-6.2644655" visible="true" /><node changeset="1" timestamp="2026-05-15T09:34:42Z" user="OSMnx" lat="53.34424" uid="1" id="305305162" version="1" lon="-6.2626055" visible="true" /><node changeset="1" timestamp="2026-05-15T09:34:42Z" user="OSMnx" lat="53.3449749" uid="1" id="305306642" version="1" lon="-6.2699508" visible="true" /><node changeset="1" timestamp="2026-05-15T09:34:42Z" user="OSMnx" lat="53.3448256" uid="1" id="305306643" version="1" lon="-6.2679899" visible="true" /><node changeset="1" timestamp="2026-05-15T09:34:42Z" user="OSMnx" lat="53.3450824" uid="1" id="305306649" version="1" lon="-6.2685602" visible="true" /><node changeset="1" timestamp="2026-05-15T09:34:42Z" user="OSMnx" lat="53.3450671" uid="1" id="305306650" version="1" lon="-6.2684164" visible="true" /><node changeset="1" timestamp="2026-05-15T09:34:42Z" user="OSMnx" lat="53.3450406" uid="1" id="305306651" version="1" lon="-6.2682916" visible="true" /><node changeset="1" timestamp="2026-05-15T09:34:42Z" user="OSMnx" lat="53.3449841" uid="1" id="305306652" version="1" lon="-6.2681945" visible="true" /><node changeset="1" timestamp="2026-05-15T09:34:42Z" user="OSMnx" lat="53.3447476" uid="1" id="305306783" version="1" lon="-6.2681467" visible="true" /><node changeset="1" timestamp="2026-05-15T09:34:42Z" user="OSMnx" lat="53.3435403" uid="1" id="305307347" version="1" lon="-6.2718371" visible="true" /><node changeset="1" timestamp="2026-05-15T09:34:42Z" user="OSMnx" lat="53.3450623" uid="1" id="305307803" version="1" lon="-6.268875" visible="true" /><node changeset="1" timestamp="2026-05-15T09:34:42Z" user="OSMnx" lat="53.3440409" uid="1" id="305309020" version="1" lon="-6.2678446" visible="true" /><node changeset="1" timestamp="2026-05-15T09:34:42Z" user="OSMnx" lat="53.3442644" uid="1" id="305309135" version="1" lon="-6.2679804" visible="true" /><node changeset="1" timestamp="2026-05-15T09:34:42Z" user="OSMnx" lat="53.3453949" uid="1" id="344982488" version="1" lon="-6.267649" visible="true" /><node changeset="1" timestamp="2026-05-15T09:34:42Z" user="OSMnx" lat="53.3460027" uid="1" id="344982489" version="1" lon="-6.2678608" visible="true" /><node changeset="1" timestamp="2026-05-15T09:34:42Z" user="OSMnx" lat="53.3463619" uid="1" id="411193753" version="1" lon="-6.2700242" visible="true" /><node changeset="1" timestamp="2026-05-15T09:34:42Z" user="OSMnx" lat="53.3461361" uid="1" id="411193754" version="1" lon="-6.2718305" visible="true" /><node changeset="1" timestamp="2026-05-15T09:34:42Z" user="OSMnx" lat="53.3462468" uid="1" id="411193755" version="1" lon="-6.2709099" visible="true" /><node changeset="1" timestamp="2026-05-15T09:34:42Z" user="OSMnx" lat="53.346188" uid="1" id="411193756" version="1" lon="-6.2713619" visible="true" /><node changeset="1" timestamp="2026-05-15T09:34:42Z" user="OSMnx" lat="53.3460181" uid="1" id="411193757" version="1" lon="-6.2713009" visible="true" /><node changeset="1" timestamp="2026-05-15T09:34:42Z" user="OSMnx" lat="53.3461826" uid="1" id="411503255" version="1" lon="-6.2699676" visible="true" /><node changeset="1" timestamp="2026-05-15T09:34:42Z" user="OSMnx" lat="53.3456621" uid="1" id="411503256" version="1" lon="-6.2711315" visible="true" /><node changeset="1" timestamp="2026-05-15T09:34:42Z" user="OSMnx" lat="53.3460621" uid="1" id="411503257" version="1" lon="-6.2708586" visible="true" /><node changeset="1" timestamp="2026-05-15T09:34:42Z" user="OSMnx" lat="53.3457175" uid="1" id="411503258" version="1" lon="-6.2707329" visible="true" /><node changeset="1" timestamp="2026-05-15T09:34:42Z" user="OSMnx" lat="53.3464967" uid="1" id="411503259" version="1" lon="-6.2714445" visible="true" /><node changeset="1" timestamp="2026-05-15T09:34:42Z" user="OSMnx" lat="53.3466068" uid="1" id="411503260" version="1" lon="-6.2706616" visible="true" /><node changeset="1" timestamp="2026-05-15T09:34:42Z" user="OSMnx" lat="53.3462946" uid="1" id="411503261" version="1" lon="-6.270542" visible="true" /><node changeset="1" timestamp="2026-05-15T09:34:42Z" user="OSMnx" lat="53.3465526" uid="1" id="411503262" version="1" lon="-6.2710712" visible="true" /><node changeset="1" timestamp="2026-05-15T09:34:42Z" user="OSMnx" lat="53.3463439" uid="1" id="411503263" version="1" lon="-6.2714004" visible="true" /><node changeset="1" timestamp="2026-05-15T09:34:42Z" user="OSMnx" lat="53.346364" uid="1" id="411503264" version="1" lon="-6.2688761" visible="true" /><node changeset="1" timestamp="2026-05-15T09:34:42Z" user="OSMnx" lat="53.3463791" uid="1" id="411503265" version="1" lon="-6.2691338" visible="true" /><node changeset="1" timestamp="2026-05-15T09:34:42Z" user="OSMnx" lat="53.3464118" uid="1" id="411503267" version="1" lon="-6.2692035" visible="true" /><node changeset="1" timestamp="2026-05-15T09:34:42Z" user="OSMnx" lat="53.3464647" uid="1" id="411503268" version="1" lon="-6.2692554" visible="true" /><node changeset="1" timestamp="2026-05-15T09:34:42Z" user="OSMnx" lat="53.346556" uid="1" id="411503269" version="1" lon="-6.2692988" visible="true" /><node changeset="1" timestamp="2026-05-15T09:34:42Z" user="OSMnx" lat="53.3465867" uid="1" id="411503270" version="1" lon="-6.2693316" visible="true" /><node changeset="1" timestamp="2026-05-15T09:34:42Z" user="OSMnx" lat="53.3465886" uid="1" id="411503271" version="1" lon="-6.269391" visible="true" /><node changeset="1" timestamp="2026-05-15T09:34:42Z" user="OSMnx" lat="53.3464788" uid="1" id="411503273" version="1" lon="-6.270066" visible="true" /><node changeset="1" timestamp="2026-05-15T09:34:42Z" user="OSMnx" lat="53.3471499" uid="1" id="411503278" version="1" lon="-6.2694319" visible="true" /><node changeset="1" timestamp="2026-05-15T09:34:42Z" user="OSMnx" lat="53.3482227" uid="1" id="411503299" version="1" lon="-6.271282" visible="true" /><node changeset="1" timestamp="2026-05-15T09:34:42Z" user="OSMnx" lat="53.3483103" uid="1" id="411503314" version="1" lon="-6.2695359" visible="true" /><node changeset="1" timestamp="2026-05-15T09:34:42Z" user="OSMnx" lat="53.3441352" uid="1" id="434149497" version="1" lon="-6.2669948" visible="true" /><node changeset="1" timestamp="2026-05-15T09:34:42Z" user="OSMnx" lat="53.3438217" uid="1" id="434149498" version="1" lon="-6.2668825" visible="true" /><node changeset="1" timestamp="2026-05-15T09:34:42Z" user="OSMnx" lat="53.3416301" uid="1" id="434149502" version="1" lon="-6.2697635" visible="true" /><node changeset="1" timestamp="2026-05-15T09:34:42Z" user="OSMnx" lat="53.3450493" uid="1" id="434153495" version="1" lon="-6.2666634" visible="true" /><node changeset="1" timestamp="2026-05-15T09:34:42Z" user="OSMnx" lat="53.3441871" uid="1" id="448020530" version="1" lon="-6.2732765" visible="true" /><node changeset="1" timestamp="2026-05-15T09:34:42Z" user="OSMnx" lat="53.3438561" uid="1" id="448020531" version="1" lon="-6.2732532" visible="true" /><node changeset="1" timestamp="2026-05-15T09:34:42Z" user="OSMnx" lat="53.3432336" uid="1" id="448020534" version="1" lon="-6.2734882" visible="true" /><node changeset="1" timestamp="2026-05-15T09:34:42Z" user="OSMnx" lat="53.3467745" uid="1" id="480606979" version="1" lon="-6.2720257" visible="true" /><node changeset="1" timestamp="2026-05-15T09:34:42Z" user="OSMnx" lat="53.3467314" uid="1" id="480606980" version="1" lon="-6.2724677" visible="true" /><node changeset="1" timestamp="2026-05-15T09:34:42Z" user="OSMnx" lat="53.3465986" uid="1" id="480606981" version="1" lon="-6.2724597" visible="true" /><node changeset="1" timestamp="2026-05-15T09:34:42Z" user="OSMnx" lat="53.3461542" uid="1" id="528397836" version="1" lon="-6.2668561" visible="true" /><node changeset="1" timestamp="2026-05-15T09:34:42Z" user="OSMnx" lat="53.3430219" uid="1" id="530261201" version="1" lon="-6.2723617" visible="true" /><node changeset="1" timestamp="2026-05-15T09:34:42Z" user="OSMnx" lat="53.3440648" uid="1" id="530261203" version="1" lon="-6.2723364" visible="true" /><node changeset="1" timestamp="2026-05-15T09:34:42Z" user="OSMnx" lat="53.3438813" uid="1" id="530261204" version="1" lon="-6.2723179" visible="true" /><node changeset="1" timestamp="2026-05-15T09:34:42Z" user="OSMnx" lat="53.3435481" uid="1" id="530261205" version="1" lon="-6.2723042" visible="true" /><node changeset="1" timestamp="2026-05-15T09:34:42Z" user="OSMnx" lat="53.3441985" uid="1" id="530261207" version="1" lon="-6.2723424" visible="true" /><node changeset="1" timestamp="2026-05-15T09:34:42Z" user="OSMnx" lat="53.3463946" uid="1" id="532751154" version="1" lon="-6.2643329" visible="true" /><node changeset="1" timestamp="2026-05-15T09:34:42Z" user="OSMnx" lat="53.3441788" uid="1" id="544365320" version="1" lon="-6.2662859" visible="true" /><node changeset="1" timestamp="2026-05-15T09:34:42Z" user="OSMnx" lat="53.3448483" uid="1" id="544365920" version="1" lon="-6.267949" visible="true" /><node changeset="1" timestamp="2026-05-15T09:34:42Z" user="OSMnx" lat="53.3449047" uid="1" id="544365923" version="1" lon="-6.267771" visible="true" /><node changeset="1" timestamp="2026-05-15T09:34:42Z" user="OSMnx" lat="53.3443634" uid="1" id="544418873" version="1" lon="-6.2719228" visible="true" /><node changeset="1" timestamp="2026-05-15T09:34:42Z" user="OSMnx" lat="53.3450266" uid="1" id="549665006" version="1" lon="-6.2693252" visible="true" /><node changeset="1" timestamp="2026-05-15T09:34:42Z" user="OSMnx" lat="53.3452006" uid="1" id="549665013" version="1" lon="-6.2656938" visible="true" /><node changeset="1" timestamp="2026-05-15T09:34:42Z" user="OSMnx" lat="53.3452525" uid="1" id="549665018" version="1" lon="-6.2656314" visible="true" /><node changeset="1" timestamp="2026-05-15T09:34:42Z" user="OSMnx" lat="53.3457257" uid="1" id="549665019" version="1" lon="-6.2649542" visible="true"><tag k="highway" v="crossing" /></node><node changeset="1" timestamp="2026-05-15T09:34:42Z" user="OSMnx" lat="53.3445504" uid="1" id="549665020" version="1" lon="-6.2648157" visible="true" /><node changeset="1" timestamp="2026-05-15T09:34:42Z" user="OSMnx" lat="53.3441968" uid="1" id="549665021" version="1" lon="-6.2637236" visible="true" /><node changeset="1" timestamp="2026-05-15T09:34:42Z" user="OSMnx" lat="53.344901" uid="1" id="549665037" version="1" lon="-6.2627165" visible="true" /><node changeset="1" timestamp="2026-05-15T09:34:42Z" user="OSMnx" lat="53.3441635" uid="1" id="549669182" version="1" lon="-6.2666693" visible="true" /><node changeset="1" timestamp="2026-05-15T09:34:42Z" user="OSMnx" lat="53.3442778" uid="1" id="550879544" version="1" lon="-6.2618083" visible="true" /><node changeset="1" timestamp="2026-05-15T09:34:42Z" user="OSMnx" lat="53.3456722" uid="1" id="559481844" version="1" lon="-6.2614887" visible="true" /><node changeset="1" timestamp="2026-05-15T09:34:42Z" user="OSMnx" lat="53.3434522" uid="1" id="561034241" version="1" lon="-6.2618685" visible="true" /><node changeset="1" timestamp="2026-05-15T09:34:42Z" user="OSMnx" lat="53.3453016" uid="1" id="567740013" version="1" lon="-6.2655561" visible="true" /><node changeset="1" timestamp="2026-05-15T09:34:42Z" user="OSMnx" lat="53.3439962" uid="1" id="577470659" version="1" lon="-6.2680722" visible="true" /><node changeset="1" timestamp="2026-05-15T09:34:42Z" user="OSMnx" lat="53.3457101" uid="1" id="577470678" version="1" lon="-6.2650575" visible="true" /><node changeset="1" timestamp="2026-05-15T09:34:42Z" user="OSMnx" lat="53.3442874" uid="1" id="577470682" version="1" lon="-6.2648132" visible="true" /><node changeset="1" timestamp="2026-05-15T09:34:42Z" user="OSMnx" lat="53.3442431" uid="1" id="577470683" version="1" lon="-6.2633398" visible="true" /><node changeset="1" timestamp="2026-05-15T09:34:42Z" user="OSMnx" lat="53.3460825" uid="1" id="577470687" version="1" lon="-6.2625191" visible="true" /><node changeset="1" timestamp="2026-05-15T09:34:42Z" user="OSMnx" lat="53.3462248" uid="1" id="577470692" version="1" lon="-6.2618584" visible="true" /><node changeset="1" timestamp="2026-05-15T09:34:42Z" user="OSMnx" lat="53.3483928" uid="1" id="621545491" version="1" lon="-6.2733856" visible="true" /><node changeset="1" timestamp="2026-05-15T09:34:42Z" user="OSMnx" lat="53.3465691" uid="1" id="631814620" version="1" lon="-6.2674682" visible="true" /><node changeset="1" timestamp="2026-05-15T09:34:42Z" user="OSMnx" lat="53.3480817" uid="1" id="635327105" version="1" lon="-6.2722429" visible="true" /><node changeset="1" timestamp="2026-05-15T09:34:42Z" user="OSMnx" lat="53.3462437" uid="1" id="635335677" version="1" lon="-6.2709331" visible="true" /><node changeset="1" timestamp="2026-05-15T09:34:42Z" user="OSMnx" lat="53.3464543" uid="1" id="635335707" version="1" lon="-6.2706008" visible="true" /><node changeset="1" timestamp="2026-05-15T09:34:42Z" user="OSMnx" lat="53.3465552" uid="1" id="635335710" version="1" lon="-6.2710504" visible="true" /><node changeset="1" timestamp="2026-05-15T09:34:42Z" user="OSMnx" lat="53.3483804" uid="1" id="683654487" version="1" lon="-6.2672931" visible="true" /><node changeset="1" timestamp="2026-05-15T09:34:42Z" user="OSMnx" lat="53.3477848" uid="1" id="683654488" version="1" lon="-6.267063" visible="true" /><node changeset="1" timestamp="2026-05-15T09:34:42Z" user="OSMnx" lat="53.3433375" uid="1" id="746020044" version="1" lon="-6.270204" visible="true" /><node changeset="1" timestamp="2026-05-15T09:34:42Z" user="OSMnx" lat="53.3435205" uid="1" id="746020045" version="1" lon="-6.270101" visible="true" /><node changeset="1" timestamp="2026-05-15T09:34:42Z" user="OSMnx" lat="53.3434258" uid="1" id="746020050" version="1" lon="-6.2701456" visible="true" /><node changeset="1" timestamp="2026-05-15T09:34:42Z" user="OSMnx" lat="53.342637" uid="1" id="746020057" version="1" lon="-6.2698362" visible="true" /><node changeset="1" timestamp="2026-05-15T09:34:42Z" user="OSMnx" lat="53.3465366" uid="1" id="759833838" version="1" lon="-6.2697293" visible="true" /><node changeset="1" timestamp="2026-05-15T09:34:42Z" user="OSMnx" lat="53.341393" uid="1" id="772972754" version="1" lon="-6.2689459" visible="true" /><node changeset="1" timestamp="2026-05-15T09:34:42Z" user="OSMnx" lat="53.3428185" uid="1" id="826215560" version="1" lon="-6.2721648" visible="true" /><node changeset="1" timestamp="2026-05-15T09:34:42Z" user="OSMnx" lat="53.3441187" uid="1" id="1334890306" version="1" lon="-6.2718304" visible="true"><tag k="highway" v="crossing" /></node><node changeset="1" timestamp="2026-05-15T09:34:42Z" user="OSMnx" lat="53.3482273" uid="1" id="1396845249" version="1" lon="-6.2703881" visible="true" /><node changeset="1" timestamp="2026-05-15T09:34:42Z" user="OSMnx" lat="53.3435914" uid="1" id="1396858833" version="1" lon="-6.2700343" visible="true"><tag k="highway" v="traffic_signals" /></node><node changeset="1" timestamp="2026-05-15T09:34:42Z" user="OSMnx" lat="53.3436651" uid="1" id="1396858834" version="1" lon="-6.2697876" visible="true" /><node changeset="1" timestamp="2026-05-15T09:34:42Z" user="OSMnx" lat="53.3437941" uid="1" id="1396858836" version="1" lon="-6.2701418" visible="true" /><node changeset="1" timestamp="2026-05-15T09:34:42Z" user="OSMnx" lat="53.3438341" uid="1" id="1396858837" version="1" lon="-6.2701475" visible="true" /><node changeset="1" timestamp="2026-05-15T09:34:42Z" user="OSMnx" lat="53.3440998" uid="1" id="1396858839" version="1" lon="-6.2699308" visible="true" /><node changeset="1" timestamp="2026-05-15T09:34:42Z" user="OSMnx" lat="53.3441913" uid="1" id="1396858842" version="1" lon="-6.2698301" visible="true" /><node changeset="1" timestamp="2026-05-15T09:34:42Z" user="OSMnx" lat="53.344339" uid="1" id="1396858843" version="1" lon="-6.2697527" visible="true" /><node changeset="1" timestamp="2026-05-15T09:34:42Z" user="OSMnx" lat="53.3444136" uid="1" id="1396858844" version="1" lon="-6.2697767" visible="true" /><node changeset="1" timestamp="2026-05-15T09:34:42Z" user="OSMnx" lat="53.3445026" uid="1" id="1396858845" version="1" lon="-6.2698141" visible="true" /><node changeset="1" timestamp="2026-05-15T09:34:42Z" user="OSMnx" lat="53.3451298" uid="1" id="1396858852" version="1" lon="-6.2699886" visible="true" /><node changeset="1" timestamp="2026-05-15T09:34:42Z" user="OSMnx" lat="53.3429543" uid="1" id="1420455242" version="1" lon="-6.2717973" visible="true"><tag k="ref" v="J21" /><tag k="junction" v="yes" /></node><node changeset="1" timestamp="2026-05-15T09:34:42Z" user="OSMnx" lat="53.3431539" uid="1" id="1420455244" version="1" lon="-6.2717863" visible="true" /><node changeset="1" timestamp="2026-05-15T09:34:42Z" user="OSMnx" lat="53.3439021" uid="1" id="1423559574" version="1" lon="-6.2623727" visible="true" /><node changeset="1" timestamp="2026-05-15T09:34:42Z" user="OSMnx" lat="53.3416908" uid="1" id="1426048961" version="1" lon="-6.2723324" visible="true" /><node changeset="1" timestamp="2026-05-15T09:34:42Z" user="OSMnx" lat="53.3417263" uid="1" id="1426048962" version="1" lon="-6.2678067" visible="true" /><node changeset="1" timestamp="2026-05-15T09:34:42Z" user="OSMnx" lat="53.3418634" uid="1" id="1426048964" version="1" lon="-6.2700157" visible="true" /><node changeset="1" timestamp="2026-05-15T09:34:42Z" user="OSMnx" lat="53.3422213" uid="1" id="1426048972" version="1" lon="-6.2723148" visible="true" /><node changeset="1" timestamp="2026-05-15T09:34:42Z" user="OSMnx" lat="53.3421688" uid="1" id="1426048974" version="1" lon="-6.2694494" visible="true" /><node changeset="1" timestamp="2026-05-15T09:34:42Z" user="OSMnx" lat="53.3422472" uid="1" id="1426048975" version="1" lon="-6.272478" visible="true" /><node changeset="1" timestamp="2026-05-15T09:34:42Z" user="OSMnx" lat="53.3422422" uid="1" id="1426048976" version="1" lon="-6.2683826" visible="true" /><node changeset="1" timestamp="2026-05-15T09:34:42Z" user="OSMnx" lat="53.3424363" uid="1" id="1426048980" version="1" lon="-6.2685543" visible="true" /><node changeset="1" timestamp="2026-05-15T09:34:42Z" user="OSMnx" lat="53.3424967" uid="1" id="1426048981" version="1" lon="-6.2731833" visible="true" /><node changeset="1" timestamp="2026-05-15T09:34:42Z" user="OSMnx" lat="53.3454265" uid="1" id="1426049017" version="1" lon="-6.264937" visible="true" /><node changeset="1" timestamp="2026-05-15T09:34:42Z" user="OSMnx" lat="53.3422906" uid="1" id="1426051353" version="1" lon="-6.2722764" visible="true"><tag k="ref" v="J21" /><tag k="junction" v="yes" /></node><node changeset="1" timestamp="2026-05-15T09:34:42Z" user="OSMnx" lat="53.3441785" uid="1" id="1426051354" version="1" lon="-6.2658996" visible="true" /><node changeset="1" timestamp="2026-05-15T09:34:42Z" user="OSMnx" lat="53.3442818" uid="1" id="1426051355" version="1" lon="-6.2659103" visible="true" /><node changeset="1" timestamp="2026-05-15T09:34:42Z" user="OSMnx" lat="53.3447624" uid="1" id="1426051359" version="1" lon="-6.265793" visible="true" /><node changeset="1" timestamp="2026-05-15T09:34:42Z" user="OSMnx" lat="53.3449101" uid="1" id="1426051361" version="1" lon="-6.2618189" visible="true" /><node changeset="1" timestamp="2026-05-15T09:34:42Z" user="OSMnx" lat="53.3450123" uid="1" id="1426051365" version="1" lon="-6.2657243" visible="true" /><node changeset="1" timestamp="2026-05-15T09:34:42Z" user="OSMnx" lat="53.3450727" uid="1" id="1426051366" version="1" lon="-6.2657015" visible="true" /><node changeset="1" timestamp="2026-05-15T09:34:42Z" user="OSMnx" lat="53.3451881" uid="1" id="1426051367" version="1" lon="-6.2657084" visible="true" /><node changeset="1" timestamp="2026-05-15T09:34:42Z" user="OSMnx" lat="53.3456539" uid="1" id="1426051372" version="1" lon="-6.2618154" visible="true" /><node changeset="1" timestamp="2026-05-15T09:34:42Z" user="OSMnx" lat="53.342116" uid="1" id="1426100484" version="1" lon="-6.2699835" visible="true" /><node changeset="1" timestamp="2026-05-15T09:34:42Z" user="OSMnx" lat="53.3421205" uid="1" id="1426100485" version="1" lon="-6.2697506" visible="true" /><node changeset="1" timestamp="2026-05-15T09:34:42Z" user="OSMnx" lat="53.3415069" uid="1" id="1430847297" version="1" lon="-6.2723417" visible="true"><tag k="highway" v="traffic_signals" /></node><node changeset="1" timestamp="2026-05-15T09:34:42Z" user="OSMnx" lat="53.3435939" uid="1" id="1514046910" version="1" lon="-6.2680683" visible="true" /><node changeset="1" timestamp="2026-05-15T09:34:42Z" user="OSMnx" lat="53.3427583" uid="1" id="1573119393" version="1" lon="-6.271757" visible="true" /><node changeset="1" timestamp="2026-05-15T09:34:42Z" user="OSMnx" lat="53.3422418" uid="1" id="1573119398" version="1" lon="-6.272146" visible="true" /><node changeset="1" timestamp="2026-05-15T09:34:42Z" user="OSMnx" lat="53.3419029" uid="1" id="1573119421" version="1" lon="-6.2722095" visible="true" /><node changeset="1" timestamp="2026-05-15T09:34:42Z" user="OSMnx" lat="53.3415049" uid="1" id="1573119429" version="1" lon="-6.272222" visible="true"><tag k="ref" v="J20" /><tag k="highway" v="traffic_signals" /><tag k="junction" v="yes" /></node><node changeset="1" timestamp="2026-05-15T09:34:42Z" user="OSMnx" lat="53.3427905" uid="1" id="1574285183" version="1" lon="-6.2721498" visible="true"><tag k="highway" v="crossing" /></node><node changeset="1" timestamp="2026-05-15T09:34:42Z" user="OSMnx" lat="53.3429183" uid="1" id="1574285185" version="1" lon="-6.2723064" visible="true" /><node changeset="1" timestamp="2026-05-15T09:34:42Z" user="OSMnx" lat="53.3430672" uid="1" id="1574285187" version="1" lon="-6.273105" visible="true" /><node changeset="1" timestamp="2026-05-15T09:34:42Z" user="OSMnx" lat="53.3433558" uid="1" id="1574285201" version="1" lon="-6.2718066" visible="true" /><node changeset="1" timestamp="2026-05-15T09:34:42Z" user="OSMnx" lat="53.3435012" uid="1" id="1660049101" version="1" lon="-6.261819" visible="true" /><node changeset="1" timestamp="2026-05-15T09:34:42Z" user="OSMnx" lat="53.3414071" uid="1" id="2363474214" version="1" lon="-6.2664143" visible="true" /><node changeset="1" timestamp="2026-05-15T09:34:42Z" user="OSMnx" lat="53.342338" uid="1" id="2363474215" version="1" lon="-6.2645738" visible="true" /><node changeset="1" timestamp="2026-05-15T09:34:42Z" user="OSMnx" lat="53.3440782" uid="1" id="2364173221" version="1" lon="-6.2718232" visible="true" /><node changeset="1" timestamp="2026-05-15T09:34:42Z" user="OSMnx" lat="53.3464833" uid="1" id="2364274598" version="1" lon="-6.263871" visible="true" /><node changeset="1" timestamp="2026-05-15T09:34:42Z" user="OSMnx" lat="53.3463631" uid="1" id="2364275845" version="1" lon="-6.269043" visible="true" /><node changeset="1" timestamp="2026-05-15T09:34:42Z" user="OSMnx" lat="53.347321" uid="1" id="2364275846" version="1" lon="-6.2682373" visible="true" /><node changeset="1" timestamp="2026-05-15T09:34:42Z" user="OSMnx" lat="53.3457855" uid="1" id="2364585597" version="1" lon="-6.2701964" visible="true" /><node changeset="1" timestamp="2026-05-15T09:34:42Z" user="OSMnx" lat="53.3455742" uid="1" id="2369340279" version="1" lon="-6.2728533" visible="true"><tag k="ref" v="1478" /></node><node changeset="1" timestamp="2026-05-15T09:34:42Z" user="OSMnx" lat="53.3469339" uid="1" id="2369340286" version="1" lon="-6.2729714" visible="true" /><node changeset="1" timestamp="2026-05-15T09:34:42Z" user="OSMnx" lat="53.3478411" uid="1" id="2369340289" version="1" lon="-6.27324" visible="true" /><node changeset="1" timestamp="2026-05-15T09:34:42Z" user="OSMnx" lat="53.3472488" uid="1" id="2374400075" version="1" lon="-6.2660844" visible="true" /><node changeset="1" timestamp="2026-05-15T09:34:42Z" user="OSMnx" lat="53.346319" uid="1" id="2374401124" version="1" lon="-6.2650563" visible="true" /><node changeset="1" timestamp="2026-05-15T09:34:42Z" user="OSMnx" lat="53.3439497" uid="1" id="2376143186" version="1" lon="-6.262258" visible="true" /><node changeset="1" timestamp="2026-05-15T09:34:42Z" user="OSMnx" lat="53.3438362" uid="1" id="2376143199" version="1" lon="-6.2621019" visible="true" /><node changeset="1" timestamp="2026-05-15T09:34:42Z" user="OSMnx" lat="53.3467364" uid="1" id="2376855614" version="1" lon="-6.2663797" visible="true" /><node changeset="1" timestamp="2026-05-15T09:34:42Z" user="OSMnx" lat="53.3461063" uid="1" id="2377733459" version="1" lon="-6.2723637" visible="true" /><node changeset="1" timestamp="2026-05-15T09:34:42Z" user="OSMnx" lat="53.3421002" uid="1" id="2385329658" version="1" lon="-6.2722071" visible="true" /><node changeset="1" timestamp="2026-05-15T09:34:42Z" user="OSMnx" lat="53.3424789" uid="1" id="2385329668" version="1" lon="-6.2731357" visible="true" /><node changeset="1" timestamp="2026-05-15T09:34:42Z" user="OSMnx" lat="53.3430421" uid="1" id="2385329683" version="1" lon="-6.2710144" visible="true" /><node changeset="1" timestamp="2026-05-15T09:34:42Z" user="OSMnx" lat="53.3423171" uid="1" id="2385329698" version="1" lon="-6.2721005" visible="true" /><node changeset="1" timestamp="2026-05-15T09:34:42Z" user="OSMnx" lat="53.3429834" uid="1" id="2385329713" version="1" lon="-6.2715144" visible="true"><tag k="highway" v="crossing" /></node><node changeset="1" timestamp="2026-05-15T09:34:42Z" user="OSMnx" lat="53.3429572" uid="1" id="2385329737" version="1" lon="-6.2719732" visible="true" /><node changeset="1" timestamp="2026-05-15T09:34:42Z" user="OSMnx" lat="53.3422807" uid="1" id="2385552046" version="1" lon="-6.2726356" visible="true" /><node changeset="1" timestamp="2026-05-15T09:34:42Z" user="OSMnx" lat="53.341613" uid="1" id="2385552055" version="1" lon="-6.2723333" visible="true" /><node changeset="1" timestamp="2026-05-15T09:34:42Z" user="OSMnx" lat="53.3438661" uid="1" id="2386604559" version="1" lon="-6.2675723" visible="true" /><node changeset="1" timestamp="2026-05-15T09:34:42Z" user="OSMnx" lat="53.3449295" uid="1" id="2386616696" version="1" lon="-6.2676256" visible="true"><tag k="highway" v="stop" /></node><node changeset="1" timestamp="2026-05-15T09:34:42Z" user="OSMnx" lat="53.3415041" uid="1" id="2386737661" version="1" lon="-6.2675204" visible="true" /><node changeset="1" timestamp="2026-05-15T09:34:42Z" user="OSMnx" lat="53.3468347" uid="1" id="2411549779" version="1" lon="-6.271535" visible="true" /><node changeset="1" timestamp="2026-05-15T09:34:42Z" user="OSMnx" lat="53.3479532" uid="1" id="2420191468" version="1" lon="-6.2632154" visible="true" /><node changeset="1" timestamp="2026-05-15T09:34:42Z" user="OSMnx" lat="53.3479833" uid="1" id="2420191470" version="1" lon="-6.2629573" visible="true" /><node changeset="1" timestamp="2026-05-15T09:34:42Z" user="OSMnx" lat="53.348119" uid="1" id="2420191471" version="1" lon="-6.2617415" visible="true" /><node changeset="1" timestamp="2026-05-15T09:34:42Z" user="OSMnx" lat="53.3466111" uid="1" id="2421345447" version="1" lon="-6.2632694" visible="true"><tag k="highway" v="crossing" /></node><node changeset="1" timestamp="2026-05-15T09:34:42Z" user="OSMnx" lat="53.3473425" uid="1" id="2421345535" version="1" lon="-6.2630968" visible="true" /><node changeset="1" timestamp="2026-05-15T09:34:42Z" user="OSMnx" lat="53.3430437" uid="1" id="2464758361" version="1" lon="-6.2643997" visible="true"><tag k="highway" v="crossing" /></node><node changeset="1" timestamp="2026-05-15T09:34:42Z" user="OSMnx" lat="53.3413956" uid="1" id="2468942556" version="1" lon="-6.2701071" visible="true" /><node changeset="1" timestamp="2026-05-15T09:34:42Z" user="OSMnx" lat="53.3414775" uid="1" id="2468942557" version="1" lon="-6.2701962" visible="true" /><node changeset="1" timestamp="2026-05-15T09:34:42Z" user="OSMnx" lat="53.3415886" uid="1" id="2468942558" version="1" lon="-6.2700699" visible="true"><tag k="highway" v="traffic_signals" /></node><node changeset="1" timestamp="2026-05-15T09:34:42Z" user="OSMnx" lat="53.341397" uid="1" id="2468942559" version="1" lon="-6.2700506" visible="true" /><node changeset="1" timestamp="2026-05-15T09:34:42Z" user="OSMnx" lat="53.3415" uid="1" id="2468942560" version="1" lon="-6.2701476" visible="true" /><node changeset="1" timestamp="2026-05-15T09:34:42Z" user="OSMnx" lat="53.3416315" uid="1" id="2468942561" version="1" lon="-6.2695319" visible="true" /><node changeset="1" timestamp="2026-05-15T09:34:42Z" user="OSMnx" lat="53.3413479" uid="1" id="2468942562" version="1" lon="-6.2700855" visible="true"><tag k="highway" v="traffic_signals" /></node><node changeset="1" timestamp="2026-05-15T09:34:42Z" user="OSMnx" lat="53.3414805" uid="1" id="2468942564" version="1" lon="-6.2702278" visible="true"><tag k="highway" v="traffic_signals" /></node><node changeset="1" timestamp="2026-05-15T09:34:42Z" user="OSMnx" lat="53.3414389" uid="1" id="2468942565" version="1" lon="-6.2701101" visible="true" /><node changeset="1" timestamp="2026-05-15T09:34:42Z" user="OSMnx" lat="53.3431885" uid="1" id="2468943038" version="1" lon="-6.2698637" visible="true"><tag k="highway" v="stop" /></node><node changeset="1" timestamp="2026-05-15T09:34:42Z" user="OSMnx" lat="53.3437439" uid="1" id="2504628946" version="1" lon="-6.2675511" visible="true" /><node changeset="1" timestamp="2026-05-15T09:34:42Z" user="OSMnx" lat="53.3438204" uid="1" id="2504628947" version="1" lon="-6.2675643" visible="true" /><node changeset="1" timestamp="2026-05-15T09:34:42Z" user="OSMnx" lat="53.3413536" uid="1" id="2522022629" version="1" lon="-6.2665354" visible="true" /><node changeset="1" timestamp="2026-05-15T09:34:42Z" user="OSMnx" lat="53.3414481" uid="1" id="2522022630" version="1" lon="-6.2663181" visible="true" /><node changeset="1" timestamp="2026-05-15T09:34:42Z" user="OSMnx" lat="53.3415073" uid="1" id="2522022631" version="1" lon="-6.2660606" visible="true" /><node changeset="1" timestamp="2026-05-15T09:34:42Z" user="OSMnx" lat="53.3415237" uid="1" id="2522022632" version="1" lon="-6.2657124" visible="true" /><node changeset="1" timestamp="2026-05-15T09:34:42Z" user="OSMnx" lat="53.3415003" uid="1" id="2558913525" version="1" lon="-6.2653785" visible="true" /><node changeset="1" timestamp="2026-05-15T09:34:42Z" user="OSMnx" lat="53.3420481" uid="1" id="2558913527" version="1" lon="-6.2647743" visible="true" /><node changeset="1" timestamp="2026-05-15T09:34:42Z" user="OSMnx" lat="53.3422258" uid="1" id="2558913528" version="1" lon="-6.2646287" visible="true" /><node changeset="1" timestamp="2026-05-15T09:34:42Z" user="OSMnx" lat="53.3424536" uid="1" id="2558913529" version="1" lon="-6.2645185" visible="true" /><node changeset="1" timestamp="2026-05-15T09:34:42Z" user="OSMnx" lat="53.3427788" uid="1" id="2558913530" version="1" lon="-6.2644369" visible="true" /><node changeset="1" timestamp="2026-05-15T09:34:42Z" user="OSMnx" lat="53.3468824" uid="1" id="2576422873" version="1" lon="-6.2729635" visible="true" /><node changeset="1" timestamp="2026-05-15T09:34:42Z" user="OSMnx" lat="53.3416652" uid="1" id="2705322910" version="1" lon="-6.2691124" visible="true" /><node changeset="1" timestamp="2026-05-15T09:34:42Z" user="OSMnx" lat="53.3432234" uid="1" id="2705322916" version="1" lon="-6.2696006" visible="true" /><node changeset="1" timestamp="2026-05-15T09:34:42Z" user="OSMnx" lat="53.3432654" uid="1" id="2705322918" version="1" lon="-6.2693879" visible="true" /><node changeset="1" timestamp="2026-05-15T09:34:42Z" user="OSMnx" lat="53.3430802" uid="1" id="2705523713" version="1" lon="-6.2707006" visible="true" /><node changeset="1" timestamp="2026-05-15T09:34:42Z" user="OSMnx" lat="53.3431117" uid="1" id="2705523716" version="1" lon="-6.2705743" visible="true" /><node changeset="1" timestamp="2026-05-15T09:34:42Z" user="OSMnx" lat="53.3431669" uid="1" id="2705523718" version="1" lon="-6.2704309" visible="true" /><node changeset="1" timestamp="2026-05-15T09:34:42Z" user="OSMnx" lat="53.3432018" uid="1" id="2705523720" version="1" lon="-6.2703649" visible="true" /><node changeset="1" timestamp="2026-05-15T09:34:42Z" user="OSMnx" lat="53.3432248" uid="1" id="2705523722" version="1" lon="-6.2701122" visible="true" /><node changeset="1" timestamp="2026-05-15T09:34:42Z" user="OSMnx" lat="53.3432592" uid="1" id="2705523726" version="1" lon="-6.2702637" visible="true" /><node changeset="1" timestamp="2026-05-15T09:34:42Z" user="OSMnx" lat="53.3436179" uid="1" id="2705523735" version="1" lon="-6.2699738" visible="true" /><node changeset="1" timestamp="2026-05-15T09:34:42Z" user="OSMnx" lat="53.3441798" uid="1" id="2705523737" version="1" lon="-6.2661186" visible="true"><tag k="highway" v="crossing" /></node><node changeset="1" timestamp="2026-05-15T09:34:42Z" user="OSMnx" lat="53.343004" uid="1" id="2705755588" version="1" lon="-6.2628758" visible="true" /><node changeset="1" timestamp="2026-05-15T09:34:42Z" user="OSMnx" lat="53.3476174" uid="1" id="2831312889" version="1" lon="-6.2662165" visible="true"><tag k="highway" v="crossing" /></node><node changeset="1" timestamp="2026-05-15T09:34:42Z" user="OSMnx" lat="53.3475392" uid="1" id="2831312890" version="1" lon="-6.2661867" visible="true" /><node changeset="1" timestamp="2026-05-15T09:34:42Z" user="OSMnx" lat="53.3476185" uid="1" id="2866940434" version="1" lon="-6.2703156" visible="true" /><node changeset="1" timestamp="2026-05-15T09:34:42Z" user="OSMnx" lat="53.346705" uid="1" id="2869485825" version="1" lon="-6.2726703" visible="true"><tag k="highway" v="crossing" /></node><node changeset="1" timestamp="2026-05-15T09:34:42Z" user="OSMnx" lat="53.3425589" uid="1" id="2879981031" version="1" lon="-6.2698534" visible="true" /><node changeset="1" timestamp="2026-05-15T09:34:42Z" user="OSMnx" lat="53.3421335" uid="1" id="2881520206" version="1" lon="-6.2696698" visible="true" /><node changeset="1" timestamp="2026-05-15T09:34:42Z" user="OSMnx" lat="53.3452274" uid="1" id="2957809408" version="1" lon="-6.2689481" visible="true"><tag k="highway" v="crossing" /></node><node changeset="1" timestamp="2026-05-15T09:34:42Z" user="OSMnx" lat="53.3463163" uid="1" id="3125558036" version="1" lon="-6.2617647" visible="true"><tag k="ref" v="329" /></node><node changeset="1" timestamp="2026-05-15T09:34:42Z" user="OSMnx" lat="53.3470045" uid="1" id="3125558042" version="1" lon="-6.2616125" visible="true" /><node changeset="1" timestamp="2026-05-15T09:34:42Z" user="OSMnx" lat="53.3473114" uid="1" id="3155917245" version="1" lon="-6.2730591" visible="true" /><node changeset="1" timestamp="2026-05-15T09:34:42Z" user="OSMnx" lat="53.3479428" uid="1" id="3155917255" version="1" lon="-6.2703371" visible="true" /><node changeset="1" timestamp="2026-05-15T09:34:42Z" user="OSMnx" lat="53.3481238" uid="1" id="3155917256" version="1" lon="-6.2733391" visible="true"><tag k="highway" v="stop" /></node><node changeset="1" timestamp="2026-05-15T09:34:42Z" user="OSMnx" lat="53.3481225" uid="1" id="3155917257" version="1" lon="-6.2703632" visible="true" /><node changeset="1" timestamp="2026-05-15T09:34:42Z" user="OSMnx" lat="53.348206" uid="1" id="3155917258" version="1" lon="-6.2714203" visible="true" /><node changeset="1" timestamp="2026-05-15T09:34:42Z" user="OSMnx" lat="53.3482315" uid="1" id="3155917259" version="1" lon="-6.2710766" visible="true" /><node changeset="1" timestamp="2026-05-15T09:34:42Z" user="OSMnx" lat="53.3483418" uid="1" id="3155918761" version="1" lon="-6.2704011" visible="true" /><node changeset="1" timestamp="2026-05-15T09:34:42Z" user="OSMnx" lat="53.3435917" uid="1" id="3211234666" version="1" lon="-6.2680682" visible="true"><tag k="highway" v="crossing" /></node><node changeset="1" timestamp="2026-05-15T09:34:42Z" user="OSMnx" lat="53.343633" uid="1" id="3211234671" version="1" lon="-6.2675176" visible="true" /><node changeset="1" timestamp="2026-05-15T09:34:42Z" user="OSMnx" lat="53.3436919" uid="1" id="3211234673" version="1" lon="-6.2677035" visible="true" /><node changeset="1" timestamp="2026-05-15T09:34:42Z" user="OSMnx" lat="53.3437238" uid="1" id="3211234674" version="1" lon="-6.2676048" visible="true" /><node changeset="1" timestamp="2026-05-15T09:34:42Z" user="OSMnx" lat="53.3446322" uid="1" id="3224845410" version="1" lon="-6.2648223" visible="true" /><node changeset="1" timestamp="2026-05-15T09:34:42Z" user="OSMnx" lat="53.3453253" uid="1" id="3224845498" version="1" lon="-6.2655144" visible="true" /><node changeset="1" timestamp="2026-05-15T09:34:42Z" user="OSMnx" lat="53.3453484" uid="1" id="3224845500" version="1" lon="-6.2654588" visible="true" /><node changeset="1" timestamp="2026-05-15T09:34:42Z" user="OSMnx" lat="53.3453605" uid="1" id="3224845501" version="1" lon="-6.2654091" visible="true" /><node changeset="1" timestamp="2026-05-15T09:34:42Z" user="OSMnx" lat="53.3442474" uid="1" id="3395696970" version="1" lon="-6.269778" visible="true" /><node changeset="1" timestamp="2026-05-15T09:34:42Z" user="OSMnx" lat="53.3442941" uid="1" id="3395696972" version="1" lon="-6.2697569" visible="true" /><node changeset="1" timestamp="2026-05-15T09:34:42Z" user="OSMnx" lat="53.3438291" uid="1" id="3395699516" version="1" lon="-6.2718104" visible="true" /><node changeset="1" timestamp="2026-05-15T09:34:42Z" user="OSMnx" lat="53.3439218" uid="1" id="3395699518" version="1" lon="-6.2718104" visible="true" /><node changeset="1" timestamp="2026-05-15T09:34:42Z" user="OSMnx" lat="53.3445329" uid="1" id="3395699546" version="1" lon="-6.2698237" visible="true" /><node changeset="1" timestamp="2026-05-15T09:34:42Z" user="OSMnx" lat="53.3441705" uid="1" id="3399745651" version="1" lon="-6.2718477" visible="true" /><node changeset="1" timestamp="2026-05-15T09:34:42Z" user="OSMnx" lat="53.3479298" uid="1" id="3451120770" version="1" lon="-6.2638306" visible="true" /><node changeset="1" timestamp="2026-05-15T09:34:42Z" user="OSMnx" lat="53.3478745" uid="1" id="3451120772" version="1" lon="-6.2641881" visible="true" /><node changeset="1" timestamp="2026-05-15T09:34:42Z" user="OSMnx" lat="53.3478479" uid="1" id="3451120774" version="1" lon="-6.2643541" visible="true" /><node changeset="1" timestamp="2026-05-15T09:34:42Z" user="OSMnx" lat="53.3477751" uid="1" id="3451120776" version="1" lon="-6.2648373" visible="true" /><node changeset="1" timestamp="2026-05-15T09:34:42Z" user="OSMnx" lat="53.3477515" uid="1" id="3451120778" version="1" lon="-6.2649809" visible="true" /><node changeset="1" timestamp="2026-05-15T09:34:42Z" user="OSMnx" lat="53.347673" uid="1" id="3451120780" version="1" lon="-6.2654892" visible="true"><tag k="highway" v="crossing" /></node><node changeset="1" timestamp="2026-05-15T09:34:42Z" user="OSMnx" lat="53.3476668" uid="1" id="3451120782" version="1" lon="-6.265531" visible="true" /><node changeset="1" timestamp="2026-05-15T09:34:42Z" user="OSMnx" lat="53.3475698" uid="1" id="3451120784" version="1" lon="-6.2661963" visible="true"><tag k="highway" v="traffic_signals" /></node><node changeset="1" timestamp="2026-05-15T09:34:42Z" user="OSMnx" lat="53.3470739" uid="1" id="3451159937" version="1" lon="-6.2702715" visible="true" /><node changeset="1" timestamp="2026-05-15T09:34:42Z" user="OSMnx" lat="53.3470002" uid="1" id="3451159939" version="1" lon="-6.2709932" visible="true" /><node changeset="1" timestamp="2026-05-15T09:34:42Z" user="OSMnx" lat="53.3469117" uid="1" id="3451159942" version="1" lon="-6.2715571" visible="true"><tag k="railway" v="tram_level_crossing" /></node><node changeset="1" timestamp="2026-05-15T09:34:42Z" user="OSMnx" lat="53.3468185" uid="1" id="3451159944" version="1" lon="-6.2728884" visible="true"><tag k="railway" v="tram_level_crossing" /></node><node changeset="1" timestamp="2026-05-15T09:34:42Z" user="OSMnx" lat="53.3468011" uid="1" id="3451159945" version="1" lon="-6.272859" visible="true" /><node changeset="1" timestamp="2026-05-15T09:34:42Z" user="OSMnx" lat="53.3470563" uid="1" id="3451181341" version="1" lon="-6.2702692" visible="true"><tag k="railway" v="tram_level_crossing" /></node><node changeset="1" timestamp="2026-05-15T09:34:42Z" user="OSMnx" lat="53.3479423" uid="1" id="3451318400" version="1" lon="-6.2636241" visible="true"><tag k="railway" v="tram_level_crossing" /></node><node changeset="1" timestamp="2026-05-15T09:34:42Z" user="OSMnx" lat="53.3473725" uid="1" id="3451318412" version="1" lon="-6.267601" visible="true" /><node changeset="1" timestamp="2026-05-15T09:34:42Z" user="OSMnx" lat="53.3470294" uid="1" id="3451318423" version="1" lon="-6.2702651" visible="true"><tag k="railway" v="tram_level_crossing" /></node><node changeset="1" timestamp="2026-05-15T09:34:42Z" user="OSMnx" lat="53.3468852" uid="1" id="3451318428" version="1" lon="-6.2715495" visible="true"><tag k="railway" v="tram_level_crossing" /></node><node changeset="1" timestamp="2026-05-15T09:34:42Z" user="OSMnx" lat="53.3467851" uid="1" id="3451318432" version="1" lon="-6.2724604" visible="true"><tag k="railway" v="tram_level_crossing" /></node><node changeset="1" timestamp="2026-05-15T09:34:42Z" user="OSMnx" lat="53.3413739" uid="1" id="3562571800" version="1" lon="-6.2673392" visible="true" /><node changeset="1" timestamp="2026-05-15T09:34:42Z" user="OSMnx" lat="53.342869" uid="1" id="3585952598" version="1" lon="-6.2720272" visible="true"><tag k="highway" v="crossing" /></node><node changeset="1" timestamp="2026-05-15T09:34:42Z" user="OSMnx" lat="53.3428581" uid="1" id="3585952599" version="1" lon="-6.2717919" visible="true" /><node changeset="1" timestamp="2026-05-15T09:34:42Z" user="OSMnx" lat="53.3427511" uid="1" id="3585952601" version="1" lon="-6.2719153" visible="true"><tag k="highway" v="crossing" /></node><node changeset="1" timestamp="2026-05-15T09:34:42Z" user="OSMnx" lat="53.3426894" uid="1" id="3585952602" version="1" lon="-6.2717827" visible="true"><tag k="highway" v="crossing" /></node><node changeset="1" timestamp="2026-05-15T09:34:42Z" user="OSMnx" lat="53.3429606" uid="1" id="3660383725" version="1" lon="-6.2720103" visible="true"><tag k="highway" v="crossing" /></node><node changeset="1" timestamp="2026-05-15T09:34:42Z" user="OSMnx" lat="53.3430537" uid="1" id="3660383730" version="1" lon="-6.2718112" visible="true"><tag k="highway" v="crossing" /></node><node changeset="1" timestamp="2026-05-15T09:34:42Z" user="OSMnx" lat="53.3428744" uid="1" id="3702082140" version="1" lon="-6.2716361" visible="true" /><node changeset="1" timestamp="2026-05-15T09:34:42Z" user="OSMnx" lat="53.3456323" uid="1" id="3771240561" version="1" lon="-6.2623763" visible="true" /><node changeset="1" timestamp="2026-05-15T09:34:42Z" user="OSMnx" lat="53.3457001" uid="1" id="3791173555" version="1" lon="-6.2677556" visible="true" /><node changeset="1" timestamp="2026-05-15T09:34:42Z" user="OSMnx" lat="53.3478887" uid="1" id="3823355882" version="1" lon="-6.2732565" visible="true" /><node changeset="1" timestamp="2026-05-15T09:34:42Z" user="OSMnx" lat="53.3461584" uid="1" id="3930982283" version="1" lon="-6.2716107" visible="true" /><node changeset="1" timestamp="2026-05-15T09:34:42Z" user="OSMnx" lat="53.346782" uid="1" id="4043189647" version="1" lon="-6.2728189" visible="true"><tag k="railway" v="tram_level_crossing" /></node><node changeset="1" timestamp="2026-05-15T09:34:42Z" user="OSMnx" lat="53.3469318" uid="1" id="4043189648" version="1" lon="-6.2702488" visible="true" /><node changeset="1" timestamp="2026-05-15T09:34:42Z" user="OSMnx" lat="53.3469334" uid="1" id="4043189649" version="1" lon="-6.2715631" visible="true" /><node changeset="1" timestamp="2026-05-15T09:34:42Z" user="OSMnx" lat="53.3469379" uid="1" id="4043189650" version="1" lon="-6.2715245" visible="true" /><node changeset="1" timestamp="2026-05-15T09:34:42Z" user="OSMnx" lat="53.3468153" uid="1" id="4043189651" version="1" lon="-6.2724516" visible="true"><tag k="railway" v="tram_level_crossing" /></node><node changeset="1" timestamp="2026-05-15T09:34:42Z" user="OSMnx" lat="53.3468396" uid="1" id="4043189654" version="1" lon="-6.2729132" visible="true" /><node changeset="1" timestamp="2026-05-15T09:34:42Z" user="OSMnx" lat="53.3473052" uid="1" id="4043189655" version="1" lon="-6.2683631" visible="true"><tag k="highway" v="traffic_signals" /></node><node changeset="1" timestamp="2026-05-15T09:34:42Z" user="OSMnx" lat="53.3474627" uid="1" id="4043190918" version="1" lon="-6.2669405" visible="true"><tag k="railway" v="tram_level_crossing" /></node><node changeset="1" timestamp="2026-05-15T09:34:42Z" user="OSMnx" lat="53.3475557" uid="1" id="4043190919" version="1" lon="-6.2661921" visible="true"><tag k="railway" v="tram_level_crossing" /></node><node changeset="1" timestamp="2026-05-15T09:34:42Z" user="OSMnx" lat="53.3475815" uid="1" id="4043192944" version="1" lon="-6.2661088" visible="true"><tag k="highway" v="crossing" /></node><node changeset="1" timestamp="2026-05-15T09:34:42Z" user="OSMnx" lat="53.3480729" uid="1" id="4242675790" version="1" lon="-6.2724754" visible="true" /><node changeset="1" timestamp="2026-05-15T09:34:42Z" user="OSMnx" lat="53.3480745" uid="1" id="4242675793" version="1" lon="-6.2729772" visible="true" /><node changeset="1" timestamp="2026-05-15T09:34:42Z" user="OSMnx" lat="53.3418898" uid="1" id="4339504897" version="1" lon="-6.2714724" visible="true" /><node changeset="1" timestamp="2026-05-15T09:34:42Z" user="OSMnx" lat="53.3412761" uid="1" id="4460729969" version="1" lon="-6.2666665" visible="true" /><node changeset="1" timestamp="2026-05-15T09:34:42Z" user="OSMnx" lat="53.3472733" uid="1" id="4571260269" version="1" lon="-6.2730461" visible="true" /><node changeset="1" timestamp="2026-05-15T09:34:42Z" user="OSMnx" lat="53.3415011" uid="1" id="4877121843" version="1" lon="-6.2716562" visible="true" /><node changeset="1" timestamp="2026-05-15T09:34:42Z" user="OSMnx" lat="53.343011" uid="1" id="5330083343" version="1" lon="-6.2641063" visible="true" /><node changeset="1" timestamp="2026-05-15T09:34:42Z" user="OSMnx" lat="53.3460563" uid="1" id="5376849365" version="1" lon="-6.2629556" visible="true"><tag k="highway" v="crossing" /></node><node changeset="1" timestamp="2026-05-15T09:34:42Z" user="OSMnx" lat="53.3424964" uid="1" id="5458033878" version="1" lon="-6.2719508" visible="true" /><node changeset="1" timestamp="2026-05-15T09:34:42Z" user="OSMnx" lat="53.344263" uid="1" id="5504143189" version="1" lon="-6.2621793" visible="true"><tag k="highway" v="crossing" /></node><node changeset="1" timestamp="2026-05-15T09:34:42Z" user="OSMnx" lat="53.3458906" uid="1" id="5597069859" version="1" lon="-6.2639071" visible="true"><tag k="ref" v="135101" /></node><node changeset="1" timestamp="2026-05-15T09:34:42Z" user="OSMnx" lat="53.3415706" uid="1" id="5684729793" version="1" lon="-6.2638202" visible="true" /><node changeset="1" timestamp="2026-05-15T09:34:42Z" user="OSMnx" lat="53.3472818" uid="1" id="5857257654" version="1" lon="-6.2702887" visible="true" /><node changeset="1" timestamp="2026-05-15T09:34:42Z" user="OSMnx" lat="53.3414993" uid="1" id="5967961084" version="1" lon="-6.2714603" visible="true" /><node changeset="1" timestamp="2026-05-15T09:34:42Z" user="OSMnx" lat="53.3464339" uid="1" id="6182480210" version="1" lon="-6.2641278" visible="true" /><node changeset="1" timestamp="2026-05-15T09:34:42Z" user="OSMnx" lat="53.3463571" uid="1" id="6182480211" version="1" lon="-6.264668" visible="true" /><node changeset="1" timestamp="2026-05-15T09:34:42Z" user="OSMnx" lat="53.3469384" uid="1" id="6183740627" version="1" lon="-6.2650154" visible="true" /><node changeset="1" timestamp="2026-05-15T09:34:42Z" user="OSMnx" lat="53.3430625" uid="1" id="6185220672" version="1" lon="-6.2643988" visible="true" /><node changeset="1" timestamp="2026-05-15T09:34:42Z" user="OSMnx" lat="53.3433634" uid="1" id="6214288529" version="1" lon="-6.2689832" visible="true" /><node changeset="1" timestamp="2026-05-15T09:34:42Z" user="OSMnx" lat="53.3440742" uid="1" id="6214288573" version="1" lon="-6.266973" visible="true"><tag k="highway" v="crossing" /></node><node changeset="1" timestamp="2026-05-15T09:34:42Z" user="OSMnx" lat="53.3442569" uid="1" id="6214288576" version="1" lon="-6.2659027" visible="true"><tag k="highway" v="crossing" /></node><node changeset="1" timestamp="2026-05-15T09:34:42Z" user="OSMnx" lat="53.3433299" uid="1" id="6214434154" version="1" lon="-6.2691155" visible="true" /><node changeset="1" timestamp="2026-05-15T09:34:42Z" user="OSMnx" lat="53.3436658" uid="1" id="6214434169" version="1" lon="-6.270054" visible="true"><tag k="highway" v="crossing" /></node><node changeset="1" timestamp="2026-05-15T09:34:42Z" user="OSMnx" lat="53.343189" uid="1" id="6224327342" version="1" lon="-6.2698579" visible="true"><tag k="highway" v="crossing" /></node><node changeset="1" timestamp="2026-05-15T09:34:42Z" user="OSMnx" lat="53.3431582" uid="1" id="6224327367" version="1" lon="-6.2699392" visible="true"><tag k="highway" v="crossing" /></node><node changeset="1" timestamp="2026-05-15T09:34:42Z" user="OSMnx" lat="53.3432114" uid="1" id="6224327369" version="1" lon="-6.2700427" visible="true"><tag k="highway" v="crossing" /></node><node changeset="1" timestamp="2026-05-15T09:34:42Z" user="OSMnx" lat="53.3466015" uid="1" id="6231067882" version="1" lon="-6.2719794" visible="true" /><node changeset="1" timestamp="2026-05-15T09:34:42Z" user="OSMnx" lat="53.3465509" uid="1" id="6231067884" version="1" lon="-6.2724504" visible="true" /><node changeset="1" timestamp="2026-05-15T09:34:42Z" user="OSMnx" lat="53.3432332" uid="1" id="6240707948" version="1" lon="-6.2717934" visible="true" /><node changeset="1" timestamp="2026-05-15T09:34:42Z" user="OSMnx" lat="53.3432773" uid="1" id="6240707949" version="1" lon="-6.2717984" visible="true" /><node changeset="1" timestamp="2026-05-15T09:34:42Z" user="OSMnx" lat="53.3443705" uid="1" id="6339965662" version="1" lon="-6.2618107" visible="true"><tag k="highway" v="crossing" /></node><node changeset="1" timestamp="2026-05-15T09:34:42Z" user="OSMnx" lat="53.347504" uid="1" id="6340285562" version="1" lon="-6.2669573" visible="true"><tag k="highway" v="crossing" /></node><node changeset="1" timestamp="2026-05-15T09:34:42Z" user="OSMnx" lat="53.3415048" uid="1" id="7015260159" version="1" lon="-6.2721225" visible="true" /><node changeset="1" timestamp="2026-05-15T09:34:42Z" user="OSMnx" lat="53.3427789" uid="1" id="7015280841" version="1" lon="-6.271886" visible="true" /><node changeset="1" timestamp="2026-05-15T09:34:42Z" user="OSMnx" lat="53.342971" uid="1" id="7015280842" version="1" lon="-6.2720707" visible="true"><tag k="highway" v="traffic_signals" /></node><node changeset="1" timestamp="2026-05-15T09:34:42Z" user="OSMnx" lat="53.3429054" uid="1" id="7015280843" version="1" lon="-6.2714076" visible="true"><tag k="highway" v="traffic_signals" /></node><node changeset="1" timestamp="2026-05-15T09:34:42Z" user="OSMnx" lat="53.3427449" uid="1" id="7015280844" version="1" lon="-6.2721098" visible="true"><tag k="highway" v="traffic_signals" /></node><node changeset="1" timestamp="2026-05-15T09:34:42Z" user="OSMnx" lat="53.3427044" uid="1" id="7015280845" version="1" lon="-6.2719472" visible="true"><tag k="highway" v="traffic_signals" /></node><node changeset="1" timestamp="2026-05-15T09:34:42Z" user="OSMnx" lat="53.3478493" uid="1" id="7191335625" version="1" lon="-6.2636143" visible="true" /><node changeset="1" timestamp="2026-05-15T09:34:42Z" user="OSMnx" lat="53.3479029" uid="1" id="7191335626" version="1" lon="-6.2635873" visible="true" /><node changeset="1" timestamp="2026-05-15T09:34:42Z" user="OSMnx" lat="53.347939" uid="1" id="7191336933" version="1" lon="-6.263742" visible="true" /><node changeset="1" timestamp="2026-05-15T09:34:42Z" user="OSMnx" lat="53.3439868" uid="1" id="7576866719" version="1" lon="-6.2676186" visible="true"><tag k="highway" v="crossing" /></node><node changeset="1" timestamp="2026-05-15T09:34:42Z" user="OSMnx" lat="53.3427293" uid="1" id="7959562078" version="1" lon="-6.2698215" visible="true" /><node changeset="1" timestamp="2026-05-15T09:34:42Z" user="OSMnx" lat="53.3453923" uid="1" id="7969240093" version="1" lon="-6.2649272" visible="true"><tag k="highway" v="crossing" /></node><node changeset="1" timestamp="2026-05-15T09:34:42Z" user="OSMnx" lat="53.3469289" uid="1" id="8195183364" version="1" lon="-6.2619097" visible="true" /><node changeset="1" timestamp="2026-05-15T09:34:42Z" user="OSMnx" lat="53.34162" uid="1" id="8559000147" version="1" lon="-6.2700694" visible="true" /><node changeset="1" timestamp="2026-05-15T09:34:42Z" user="OSMnx" lat="53.3444434" uid="1" id="8995851515" version="1" lon="-6.2680142" visible="true" /><node changeset="1" timestamp="2026-05-15T09:34:42Z" user="OSMnx" lat="53.3418182" uid="1" id="9007677170" version="1" lon="-6.2723282" visible="true" /><node changeset="1" timestamp="2026-05-15T09:34:42Z" user="OSMnx" lat="53.348068" uid="1" id="9294615365" version="1" lon="-6.2621985" visible="true" /><node changeset="1" timestamp="2026-05-15T09:34:42Z" user="OSMnx" lat="53.3453905" uid="1" id="9635494411" version="1" lon="-6.267239" visible="true" /><node changeset="1" timestamp="2026-05-15T09:34:42Z" user="OSMnx" lat="53.3455634" uid="1" id="9635494412" version="1" lon="-6.2660649" visible="true" /><node changeset="1" timestamp="2026-05-15T09:34:42Z" user="OSMnx" lat="53.3450732" uid="1" id="9722501108" version="1" lon="-6.2664716" visible="true" /><node changeset="1" timestamp="2026-05-15T09:34:42Z" user="OSMnx" lat="53.3460682" uid="1" id="9773888367" version="1" lon="-6.2680916" visible="true" /><node changeset="1" timestamp="2026-05-15T09:34:42Z" user="OSMnx" lat="53.3460215" uid="1" id="9773888370" version="1" lon="-6.2684808" visible="true" /><node changeset="1" timestamp="2026-05-15T09:34:42Z" user="OSMnx" lat="53.3460388" uid="1" id="9773888383" version="1" lon="-6.2678733" visible="true" /><node changeset="1" timestamp="2026-05-15T09:34:42Z" user="OSMnx" lat="53.3455232" uid="1" id="9773888387" version="1" lon="-6.2721822" visible="true" /><node changeset="1" timestamp="2026-05-15T09:34:42Z" user="OSMnx" lat="53.3423683" uid="1" id="9842761492" version="1" lon="-6.2699096" visible="true" /><node changeset="1" timestamp="2026-05-15T09:34:42Z" user="OSMnx" lat="53.3428165" uid="1" id="9872940981" version="1" lon="-6.2630031" visible="true" /><node changeset="1" timestamp="2026-05-15T09:34:42Z" user="OSMnx" lat="53.3420864" uid="1" id="9872971598" version="1" lon="-6.2634804" visible="true" /><node changeset="1" timestamp="2026-05-15T09:34:42Z" user="OSMnx" lat="53.3442035" uid="1" id="9973428240" version="1" lon="-6.2719363" visible="true"><tag k="highway" v="give_way" /></node><node changeset="1" timestamp="2026-05-15T09:34:42Z" user="OSMnx" lat="53.3448907" uid="1" id="10050840446" version="1" lon="-6.2720702" visible="true"><tag k="highway" v="crossing" /></node><node changeset="1" timestamp="2026-05-15T09:34:42Z" user="OSMnx" lat="53.3466868" uid="1" id="10224464997" version="1" lon="-6.2726343" visible="true" /><node changeset="1" timestamp="2026-05-15T09:34:42Z" user="OSMnx" lat="53.3468587" uid="1" id="10224636508" version="1" lon="-6.2722974" visible="true" /><node changeset="1" timestamp="2026-05-15T09:34:42Z" user="OSMnx" lat="53.3468488" uid="1" id="10224636509" version="1" lon="-6.2723988" visible="true"><tag k="railway" v="tram_level_crossing" /></node><node changeset="1" timestamp="2026-05-15T09:34:42Z" user="OSMnx" lat="53.3469065" uid="1" id="10224638917" version="1" lon="-6.2729662" visible="true"><tag k="highway" v="crossing" /></node><node changeset="1" timestamp="2026-05-15T09:34:42Z" user="OSMnx" lat="53.3468063" uid="1" id="10224638924" version="1" lon="-6.272454" visible="true" /><node changeset="1" timestamp="2026-05-15T09:34:42Z" user="OSMnx" lat="53.3468363" uid="1" id="10224638925" version="1" lon="-6.2724242" visible="true" /><node changeset="1" timestamp="2026-05-15T09:34:42Z" user="OSMnx" lat="53.3466971" uid="1" id="10224638932" version="1" lon="-6.2724656" visible="true"><tag k="highway" v="crossing" /></node><node changeset="1" timestamp="2026-05-15T09:34:42Z" user="OSMnx" lat="53.3473364" uid="1" id="10249513882" version="1" lon="-6.271649" visible="true" /><node changeset="1" timestamp="2026-05-15T09:34:42Z" user="OSMnx" lat="53.341525" uid="1" id="10287815238" version="1" lon="-6.2659557" visible="true" /><node changeset="1" timestamp="2026-05-15T09:34:42Z" user="OSMnx" lat="53.3448996" uid="1" id="10293086475" version="1" lon="-6.262543" visible="true" /><node changeset="1" timestamp="2026-05-15T09:34:42Z" user="OSMnx" lat="53.3472071" uid="1" id="10306668143" version="1" lon="-6.2694438" visible="true" /><node changeset="1" timestamp="2026-05-15T09:34:42Z" user="OSMnx" lat="53.3470402" uid="1" id="10306668145" version="1" lon="-6.2702671" visible="true" /><node changeset="1" timestamp="2026-05-15T09:34:42Z" user="OSMnx" lat="53.3470912" uid="1" id="10306668146" version="1" lon="-6.26985" visible="true" /><node changeset="1" timestamp="2026-05-15T09:34:42Z" user="OSMnx" lat="53.3471652" uid="1" id="10306668147" version="1" lon="-6.2694358" visible="true"><tag k="railway" v="tram_level_crossing" /></node><node changeset="1" timestamp="2026-05-15T09:34:42Z" user="OSMnx" lat="53.3458366" uid="1" id="10311341211" version="1" lon="-6.2698187" visible="true" /><node changeset="1" timestamp="2026-05-15T09:34:42Z" user="OSMnx" lat="53.3465866" uid="1" id="10557367113" version="1" lon="-6.2633934" visible="true"><tag k="highway" v="traffic_signals" /></node><node changeset="1" timestamp="2026-05-15T09:34:42Z" user="OSMnx" lat="53.3412674" uid="1" id="10612578477" version="1" lon="-6.2640286" visible="true" /><node changeset="1" timestamp="2026-05-15T09:34:42Z" user="OSMnx" lat="53.3423934" uid="1" id="10613033651" version="1" lon="-6.27292" visible="true" /><node changeset="1" timestamp="2026-05-15T09:34:42Z" user="OSMnx" lat="53.345237" uid="1" id="10677764803" version="1" lon="-6.2721285" visible="true" /><node changeset="1" timestamp="2026-05-15T09:34:42Z" user="OSMnx" lat="53.3441911" uid="1" id="10743377334" version="1" lon="-6.2729456" visible="true" /><node changeset="1" timestamp="2026-05-15T09:34:42Z" user="OSMnx" lat="53.3428336" uid="1" id="10743755510" version="1" lon="-6.2629915" visible="true" /><node changeset="1" timestamp="2026-05-15T09:34:42Z" user="OSMnx" lat="53.3424122" uid="1" id="10745395130" version="1" lon="-6.2722716" visible="true" /><node changeset="1" timestamp="2026-05-15T09:34:42Z" user="OSMnx" lat="53.342696" uid="1" id="10745395131" version="1" lon="-6.2720956" visible="true" /><node changeset="1" timestamp="2026-05-15T09:34:42Z" user="OSMnx" lat="53.3426387" uid="1" id="10745395132" version="1" lon="-6.2721286" visible="true" /><node changeset="1" timestamp="2026-05-15T09:34:42Z" user="OSMnx" lat="53.3481749" uid="1" id="10746776405" version="1" lon="-6.2703757" visible="true" /><node changeset="1" timestamp="2026-05-15T09:34:42Z" user="OSMnx" lat="53.3440035" uid="1" id="10780370623" version="1" lon="-6.2700512" visible="true" /><node changeset="1" timestamp="2026-05-15T09:34:42Z" user="OSMnx" lat="53.3439096" uid="1" id="10780370625" version="1" lon="-6.2701271" visible="true" /><node changeset="1" timestamp="2026-05-15T09:34:42Z" user="OSMnx" lat="53.3435673" uid="1" id="10780370626" version="1" lon="-6.2700666" visible="true"><tag k="highway" v="traffic_signals" /></node><node changeset="1" timestamp="2026-05-15T09:34:42Z" user="OSMnx" lat="53.3462105" uid="1" id="10937078681" version="1" lon="-6.2679425" visible="true"><tag k="highway" v="traffic_signals" /></node><node changeset="1" timestamp="2026-05-15T09:34:42Z" user="OSMnx" lat="53.3460726" uid="1" id="10937078682" version="1" lon="-6.2680224" visible="true"><tag k="highway" v="traffic_signals" /></node><node changeset="1" timestamp="2026-05-15T09:34:42Z" user="OSMnx" lat="53.3454768" uid="1" id="10956454830" version="1" lon="-6.2676779" visible="true"><tag k="highway" v="traffic_signals" /></node><node changeset="1" timestamp="2026-05-15T09:34:42Z" user="OSMnx" lat="53.3454425" uid="1" id="10956454831" version="1" lon="-6.267666" visible="true" /><node changeset="1" timestamp="2026-05-15T09:34:42Z" user="OSMnx" lat="53.3453689" uid="1" id="10956454832" version="1" lon="-6.2673824" visible="true"><tag k="highway" v="traffic_signals" /></node><node changeset="1" timestamp="2026-05-15T09:34:42Z" user="OSMnx" lat="53.3454177" uid="1" id="10956454835" version="1" lon="-6.2676573" visible="true"><tag k="highway" v="crossing" /></node><node changeset="1" timestamp="2026-05-15T09:34:42Z" user="OSMnx" lat="53.3450928" uid="1" id="10956461379" version="1" lon="-6.2704937" visible="true" /><node changeset="1" timestamp="2026-05-15T09:34:42Z" user="OSMnx" lat="53.3449906" uid="1" id="10956461380" version="1" lon="-6.2718891" visible="true"><tag k="highway" v="traffic_signals" /></node><node changeset="1" timestamp="2026-05-15T09:34:42Z" user="OSMnx" lat="53.344987" uid="1" id="10956461381" version="1" lon="-6.2719376" visible="true" /><node changeset="1" timestamp="2026-05-15T09:34:42Z" user="OSMnx" lat="53.3449853" uid="1" id="10956461382" version="1" lon="-6.2719813" visible="true" /><node changeset="1" timestamp="2026-05-15T09:34:42Z" user="OSMnx" lat="53.3449819" uid="1" id="10956461384" version="1" lon="-6.2722029" visible="true" /><node changeset="1" timestamp="2026-05-15T09:34:42Z" user="OSMnx" lat="53.3450778" uid="1" id="10956461386" version="1" lon="-6.2721062" visible="true" /><node changeset="1" timestamp="2026-05-15T09:34:42Z" user="OSMnx" lat="53.3450649" uid="1" id="10956461387" version="1" lon="-6.2721044" visible="true"><tag k="highway" v="crossing" /></node><node changeset="1" timestamp="2026-05-15T09:34:42Z" user="OSMnx" lat="53.3448234" uid="1" id="10956461388" version="1" lon="-6.2720735" visible="true"><tag k="highway" v="traffic_signals" /></node><node changeset="1" timestamp="2026-05-15T09:34:42Z" user="OSMnx" lat="53.3448529" uid="1" id="10956461389" version="1" lon="-6.2720817" visible="true" /><node changeset="1" timestamp="2026-05-15T09:34:42Z" user="OSMnx" lat="53.3449019" uid="1" id="10956461390" version="1" lon="-6.2720722" visible="true" /><node changeset="1" timestamp="2026-05-15T09:34:42Z" user="OSMnx" lat="53.3452165" uid="1" id="10956470823" version="1" lon="-6.2690749" visible="true" /><node changeset="1" timestamp="2026-05-15T09:34:42Z" user="OSMnx" lat="53.3452257" uid="1" id="10956470824" version="1" lon="-6.2689674" visible="true" /><node changeset="1" timestamp="2026-05-15T09:34:42Z" user="OSMnx" lat="53.3452325" uid="1" id="10956470825" version="1" lon="-6.2688838" visible="true"><tag k="highway" v="traffic_signals" /></node><node changeset="1" timestamp="2026-05-15T09:34:42Z" user="OSMnx" lat="53.345492" uid="1" id="11423629835" version="1" lon="-6.2721661" visible="true" /><node changeset="1" timestamp="2026-05-15T09:34:42Z" user="OSMnx" lat="53.3456047" uid="1" id="11423629836" version="1" lon="-6.2722245" visible="true" /><node changeset="1" timestamp="2026-05-15T09:34:42Z" user="OSMnx" lat="53.3455695" uid="1" id="11423629837" version="1" lon="-6.2724194" visible="true"><tag k="highway" v="crossing" /></node><node changeset="1" timestamp="2026-05-15T09:34:42Z" user="OSMnx" lat="53.3441474" uid="1" id="11642373015" version="1" lon="-6.2668713" visible="true"><tag k="highway" v="traffic_signals" /></node><node changeset="1" timestamp="2026-05-15T09:34:42Z" user="OSMnx" lat="53.3440749" uid="1" id="11642373017" version="1" lon="-6.2675694" visible="true"><tag k="highway" v="traffic_signals" /></node><node changeset="1" timestamp="2026-05-15T09:34:42Z" user="OSMnx" lat="53.3449239" uid="1" id="11661938739" version="1" lon="-6.2699361" visible="true" /><node changeset="1" timestamp="2026-05-15T09:34:42Z" user="OSMnx" lat="53.3450699" uid="1" id="11661938740" version="1" lon="-6.2699737" visible="true" /><node changeset="1" timestamp="2026-05-15T09:34:42Z" user="OSMnx" lat="53.3437013" uid="1" id="11661938741" version="1" lon="-6.270091" visible="true"><tag k="highway" v="traffic_signals" /></node><node changeset="1" timestamp="2026-05-15T09:34:42Z" user="OSMnx" lat="53.3436237" uid="1" id="11661938742" version="1" lon="-6.2699511" visible="true"><tag k="highway" v="traffic_signals" /></node><node changeset="1" timestamp="2026-05-15T09:34:42Z" user="OSMnx" lat="53.343767" uid="1" id="11661938747" version="1" lon="-6.2701345" visible="true" /><node changeset="1" timestamp="2026-05-15T09:34:42Z" user="OSMnx" lat="53.3436078" uid="1" id="11661938748" version="1" lon="-6.2699969" visible="true" /><node changeset="1" timestamp="2026-05-15T09:34:42Z" user="OSMnx" lat="53.3437382" uid="1" id="11661938751" version="1" lon="-6.2701263" visible="true" /><node changeset="1" timestamp="2026-05-15T09:34:42Z" user="OSMnx" lat="53.3437689" uid="1" id="11661938752" version="1" lon="-6.270135" visible="true" /><node changeset="1" timestamp="2026-05-15T09:34:42Z" user="OSMnx" lat="53.3415146" uid="1" id="11742165391" version="1" lon="-6.2655993" visible="true"><tag k="highway" v="traffic_signals" /></node><node changeset="1" timestamp="2026-05-15T09:34:42Z" user="OSMnx" lat="53.3413598" uid="1" id="11742165392" version="1" lon="-6.2654321" visible="true"><tag k="highway" v="traffic_signals" /></node><node changeset="1" timestamp="2026-05-15T09:34:42Z" user="OSMnx" lat="53.3415923" uid="1" id="11742165393" version="1" lon="-6.2652855" visible="true"><tag k="highway" v="traffic_signals" /></node><node changeset="1" timestamp="2026-05-15T09:34:42Z" user="OSMnx" lat="53.3414573" uid="1" id="11742165394" version="1" lon="-6.2652795" visible="true"><tag k="highway" v="crossing" /></node><node changeset="1" timestamp="2026-05-15T09:34:42Z" user="OSMnx" lat="53.3414009" uid="1" id="11742165395" version="1" lon="-6.2654212" visible="true"><tag k="highway" v="crossing" /></node><node changeset="1" timestamp="2026-05-15T09:34:42Z" user="OSMnx" lat="53.3415001" uid="1" id="11742165396" version="1" lon="-6.2654835" visible="true"><tag k="highway" v="crossing" /></node><node changeset="1" timestamp="2026-05-15T09:34:42Z" user="OSMnx" lat="53.3415661" uid="1" id="11742165397" version="1" lon="-6.2653163" visible="true"><tag k="highway" v="crossing" /></node><node changeset="1" timestamp="2026-05-15T09:34:42Z" user="OSMnx" lat="53.3415069" uid="1" id="11742165398" version="1" lon="-6.2655398" visible="true" /><node changeset="1" timestamp="2026-05-15T09:34:42Z" user="OSMnx" lat="53.3413924" uid="1" id="11742165399" version="1" lon="-6.2654235" visible="true" /><node changeset="1" timestamp="2026-05-15T09:34:42Z" user="OSMnx" lat="53.3460109" uid="1" id="11826300470" version="1" lon="-6.271243" visible="true" /><node changeset="1" timestamp="2026-05-15T09:34:42Z" user="OSMnx" lat="53.346049" uid="1" id="11826300471" version="1" lon="-6.2713247" visible="true" /><node changeset="1" timestamp="2026-05-15T09:34:42Z" user="OSMnx" lat="53.3415226" uid="1" id="11826895028" version="1" lon="-6.2690272" visible="true" /><node changeset="1" timestamp="2026-05-15T09:34:42Z" user="OSMnx" lat="53.3476657" uid="1" id="11909725866" version="1" lon="-6.2694933" visible="true" /><node changeset="1" timestamp="2026-05-15T09:34:42Z" user="OSMnx" lat="53.3435477" uid="1" id="11909772214" version="1" lon="-6.2719658" visible="true"><tag k="highway" v="stop" /></node><node changeset="1" timestamp="2026-05-15T09:34:42Z" user="OSMnx" lat="53.345749" uid="1" id="11951122372" version="1" lon="-6.2648" visible="true"><tag k="highway" v="traffic_signals" /></node><node changeset="1" timestamp="2026-05-15T09:34:42Z" user="OSMnx" lat="53.3456821" uid="1" id="11951122376" version="1" lon="-6.2650456" visible="true"><tag k="highway" v="give_way" /></node><node changeset="1" timestamp="2026-05-15T09:34:42Z" user="OSMnx" lat="53.3457221" uid="1" id="11951143997" version="1" lon="-6.2649777" visible="true" /><node changeset="1" timestamp="2026-05-15T09:34:42Z" user="OSMnx" lat="53.3459778" uid="1" id="11951143998" version="1" lon="-6.2633937" visible="true" /><node changeset="1" timestamp="2026-05-15T09:34:42Z" user="OSMnx" lat="53.3459489" uid="1" id="11951143999" version="1" lon="-6.2635604" visible="true" /><node changeset="1" timestamp="2026-05-15T09:34:42Z" user="OSMnx" lat="53.3460895" uid="1" id="11951144006" version="1" lon="-6.2627982" visible="true"><tag k="highway" v="traffic_signals" /></node><node changeset="1" timestamp="2026-05-15T09:34:42Z" user="OSMnx" lat="53.3460452" uid="1" id="11951144007" version="1" lon="-6.2630177" visible="true" /><node changeset="1" timestamp="2026-05-15T09:34:42Z" user="OSMnx" lat="53.3453602" uid="1" id="11951145290" version="1" lon="-6.2674485" visible="true" /><node changeset="1" timestamp="2026-05-15T09:34:42Z" user="OSMnx" lat="53.3453625" uid="1" id="11951145291" version="1" lon="-6.2674313" visible="true"><tag k="highway" v="crossing" /></node><node changeset="1" timestamp="2026-05-15T09:34:42Z" user="OSMnx" lat="53.3453287" uid="1" id="11951145292" version="1" lon="-6.2677528" visible="true" /><node changeset="1" timestamp="2026-05-15T09:34:42Z" user="OSMnx" lat="53.3412141" uid="1" id="12015832633" version="1" lon="-6.2640097" visible="true" /><node changeset="1" timestamp="2026-05-15T09:34:42Z" user="OSMnx" lat="53.3412491" uid="1" id="12015832634" version="1" lon="-6.2641402" visible="true" /><node changeset="1" timestamp="2026-05-15T09:34:42Z" user="OSMnx" lat="53.3412853" uid="1" id="12015832635" version="1" lon="-6.2642693" visible="true" /><node changeset="1" timestamp="2026-05-15T09:34:42Z" user="OSMnx" lat="53.341313" uid="1" id="12015832636" version="1" lon="-6.2644095" visible="true" /><node changeset="1" timestamp="2026-05-15T09:34:42Z" user="OSMnx" lat="53.3423812" uid="1" id="12023137253" version="1" lon="-6.2685042" visible="true"><tag k="highway" v="give_way" /></node><node changeset="1" timestamp="2026-05-15T09:34:42Z" user="OSMnx" lat="53.3416359" uid="1" id="12023160708" version="1" lon="-6.2698934" visible="true"><tag k="highway" v="give_way" /></node><node changeset="1" timestamp="2026-05-15T09:34:42Z" user="OSMnx" lat="53.3418674" uid="1" id="12023160709" version="1" lon="-6.2702149" visible="true"><tag k="highway" v="give_way" /></node><node changeset="1" timestamp="2026-05-15T09:34:42Z" user="OSMnx" lat="53.3421176" uid="1" id="12023182112" version="1" lon="-6.2698601" visible="true"><tag k="highway" v="give_way" /></node><node changeset="1" timestamp="2026-05-15T09:34:42Z" user="OSMnx" lat="53.3417124" uid="1" id="12108766528" version="1" lon="-6.2651333" visible="true"><tag k="ref" v="1283" /></node><node changeset="1" timestamp="2026-05-15T09:34:42Z" user="OSMnx" lat="53.3442506" uid="1" id="12108766529" version="1" lon="-6.261635" visible="true"><tag k="ref" v="1279" /></node><node changeset="1" timestamp="2026-05-15T09:34:42Z" user="OSMnx" lat="53.3459463" uid="1" id="12108766531" version="1" lon="-6.2690483" visible="true"><tag k="ref" v="1479" /></node><node changeset="1" timestamp="2026-05-15T09:34:42Z" user="OSMnx" lat="53.3435959" uid="1" id="12190978839" version="1" lon="-6.2723025" visible="true" /><node changeset="1" timestamp="2026-05-15T09:34:42Z" user="OSMnx" lat="53.3442" uid="1" id="12306016196" version="1" lon="-6.2722182" visible="true" /><node changeset="1" timestamp="2026-05-15T09:34:42Z" user="OSMnx" lat="53.3441926" uid="1" id="12306016209" version="1" lon="-6.2728249" visible="true" /><node changeset="1" timestamp="2026-05-15T09:34:42Z" user="OSMnx" lat="53.3450709" uid="1" id="12306016231" version="1" lon="-6.2734048" visible="true" /><node changeset="1" timestamp="2026-05-15T09:34:42Z" user="OSMnx" lat="53.3468242" uid="1" id="12309784916" version="1" lon="-6.2623584" visible="true" /><node changeset="1" timestamp="2026-05-15T09:34:42Z" user="OSMnx" lat="53.3430315" uid="1" id="12717659201" version="1" lon="-6.2644009" visible="true"><tag k="highway" v="traffic_signals" /></node><node changeset="1" timestamp="2026-05-15T09:34:42Z" user="OSMnx" lat="53.3430989" uid="1" id="12717659202" version="1" lon="-6.2644007" visible="true"><tag k="highway" v="traffic_signals" /></node><node changeset="1" timestamp="2026-05-15T09:34:42Z" user="OSMnx" lat="53.3432276" uid="1" id="12724374232" version="1" lon="-6.2701245" visible="true" /><node changeset="1" timestamp="2026-05-15T09:34:42Z" user="OSMnx" lat="53.3431974" uid="1" id="12724374233" version="1" lon="-6.2699717" visible="true" /><node changeset="1" timestamp="2026-05-15T09:34:42Z" user="OSMnx" lat="53.3431924" uid="1" id="12724374234" version="1" lon="-6.2698107" visible="true" /><node changeset="1" timestamp="2026-05-15T09:34:42Z" user="OSMnx" lat="53.3431253" uid="1" id="12724374235" version="1" lon="-6.2699288" visible="true" /><node changeset="1" timestamp="2026-05-15T09:34:42Z" user="OSMnx" lat="53.3431962" uid="1" id="12724374236" version="1" lon="-6.2697845" visible="true" /><node changeset="1" timestamp="2026-05-15T09:34:42Z" user="OSMnx" lat="53.343397" uid="1" id="12724374237" version="1" lon="-6.2688408" visible="true" /><node changeset="1" timestamp="2026-05-15T09:34:42Z" user="OSMnx" lat="53.3434176" uid="1" id="12724374238" version="1" lon="-6.2687609" visible="true" /><node changeset="1" timestamp="2026-05-15T09:34:42Z" user="OSMnx" lat="53.3440182" uid="1" id="12724374241" version="1" lon="-6.2676307" visible="true"><tag k="highway" v="give_way" /></node><node changeset="1" timestamp="2026-05-15T09:34:42Z" user="OSMnx" lat="53.3439294" uid="1" id="12724374242" version="1" lon="-6.2675966" visible="true" /><node changeset="1" timestamp="2026-05-15T09:34:42Z" user="OSMnx" lat="53.3437482" uid="1" id="12724374243" version="1" lon="-6.2675518" visible="true" /><node changeset="1" timestamp="2026-05-15T09:34:42Z" user="OSMnx" lat="53.34366" uid="1" id="12724374244" version="1" lon="-6.2675356" visible="true" /><node changeset="1" timestamp="2026-05-15T09:34:42Z" user="OSMnx" lat="53.3437289" uid="1" id="12724374245" version="1" lon="-6.2675912" visible="true" /><node changeset="1" timestamp="2026-05-15T09:34:42Z" user="OSMnx" lat="53.3480492" uid="1" id="12847497318" version="1" lon="-6.2718123" visible="true" /><node changeset="1" timestamp="2026-05-15T09:34:42Z" user="OSMnx" lat="53.3451237" uid="1" id="12957286449" version="1" lon="-6.2648555" visible="true" /><node changeset="1" timestamp="2026-05-15T09:34:42Z" user="OSMnx" lat="53.3420207" uid="1" id="12964901092" version="1" lon="-6.2641989" visible="true" /><node changeset="1" timestamp="2026-05-15T09:34:42Z" user="OSMnx" lat="53.3420582" uid="1" id="12964901093" version="1" lon="-6.2642802" visible="true" /><node changeset="1" timestamp="2026-05-15T09:34:42Z" user="OSMnx" lat="53.3441717" uid="1" id="12980627340" version="1" lon="-6.2665451" visible="true" /><node changeset="1" timestamp="2026-05-15T09:34:42Z" user="OSMnx" lat="53.3442995" uid="1" id="12980633015" version="1" lon="-6.267943" visible="true" /><node changeset="1" timestamp="2026-05-15T09:34:42Z" user="OSMnx" lat="53.3414262" uid="1" id="13233638305" version="1" lon="-6.2663695" visible="true" /><node changeset="1" timestamp="2026-05-15T09:34:42Z" user="OSMnx" lat="53.34216" uid="1" id="13241052094" version="1" lon="-6.2699714" visible="true" /><node changeset="1" timestamp="2026-05-15T09:34:42Z" user="OSMnx" lat="53.3427888" uid="1" id="13241052095" version="1" lon="-6.2698217" visible="true" /><node changeset="1" timestamp="2026-05-15T09:34:42Z" user="OSMnx" lat="53.3414648" uid="1" id="13243789719" version="1" lon="-6.2701413" visible="true" /><node changeset="1" timestamp="2026-05-15T09:34:42Z" user="OSMnx" lat="53.3417823" uid="1" id="13243789721" version="1" lon="-6.2700476" visible="true" /><node changeset="1" timestamp="2026-05-15T09:34:42Z" user="OSMnx" lat="53.347921" uid="1" id="13361750695" version="1" lon="-6.263536" visible="true" /><node changeset="1" timestamp="2026-05-15T09:34:42Z" user="OSMnx" lat="53.3478824" uid="1" id="13361750696" version="1" lon="-6.2636102" visible="true" /><node changeset="1" timestamp="2026-05-15T09:34:42Z" user="OSMnx" lat="53.3477629" uid="1" id="13361756602" version="1" lon="-6.2649109" visible="true"><tag k="highway" v="crossing" /></node><node changeset="1" timestamp="2026-05-15T09:34:42Z" user="OSMnx" lat="53.3477703" uid="1" id="13361756604" version="1" lon="-6.2648666" visible="true" /><node changeset="1" timestamp="2026-05-15T09:34:42Z" user="OSMnx" lat="53.3473522" uid="1" id="13361756608" version="1" lon="-6.267805" visible="true" /><node changeset="1" timestamp="2026-05-15T09:34:42Z" user="OSMnx" lat="53.3473322" uid="1" id="13361756609" version="1" lon="-6.2681187" visible="true" /><node changeset="1" timestamp="2026-05-15T09:34:42Z" user="OSMnx" lat="53.347163" uid="1" id="13395346799" version="1" lon="-6.2730169" visible="true" /><node changeset="1" timestamp="2026-05-15T09:34:42Z" user="OSMnx" lat="53.3465861" uid="1" id="13565426318" version="1" lon="-6.2673574" visible="true" /><node changeset="1" timestamp="2026-05-15T09:34:42Z" user="OSMnx" lat="53.3438549" uid="1" id="13585844569" version="1" lon="-6.2637024" visible="true" /><node changeset="1" timestamp="2026-05-15T09:34:42Z" user="OSMnx" lat="53.3449" uid="1" id="13760264858" version="1" lon="-6.2625149" visible="true" /><node changeset="1" timestamp="2026-05-15T09:34:42Z" user="OSMnx" lat="53.3479292" uid="1" id="13760653120" version="1" lon="-6.2663325" visible="true" /><node changeset="1" timestamp="2026-05-15T09:34:42Z" user="OSMnx" lat="53.3456334" uid="1" id="13761170647" version="1" lon="-6.2713661" visible="true" /><node changeset="1" timestamp="2026-05-15T09:34:42Z" user="OSMnx" lat="53.3457151" uid="1" id="13761170650" version="1" lon="-6.2716892" visible="true" /><node changeset="1" timestamp="2026-05-15T09:34:42Z" user="OSMnx" lat="53.3457624" uid="1" id="13761170651" version="1" lon="-6.2717211" visible="true" /><node changeset="1" timestamp="2026-05-15T09:34:42Z" user="OSMnx" lat="53.3443225" uid="1" id="13783403509" version="1" lon="-6.2616494" visible="true" /><node changeset="1" timestamp="2026-05-15T09:34:42Z" user="OSMnx" lat="53.3427196" uid="1" id="13813892954" version="1" lon="-6.2719368" visible="true" /><way changeset="1" id="3716925" uid="1" timestamp="2026-05-15T09:34:42Z" version="1" visible="true" user="OSMnx"><nd ref="12639664" /><nd ref="262366032" /><tag k="maxspeed" v="50" /><tag k="highway" v="tertiary" /><tag k="lanes" v="3" /><tag k="name" v="O'Donovan Rossa Bridge" /><tag k="oneway" v="yes" /></way><way changeset="1" id="3789368" uid="1" timestamp="2026-05-15T09:34:42Z" version="1" visible="true" user="OSMnx"><nd ref="2369340286" /><nd ref="13395346799" /><nd ref="14955928" /><nd ref="4571260269" /><nd ref="3155917245" /><nd ref="2369340289" /><nd ref="3823355882" /><nd ref="14955927" /><tag k="maxspeed" v="30" /><tag k="highway" v="residential" /><tag k="name" v="Greek Street" /><tag k="oneway" v="yes" /></way><way changeset="1" id="3789374" uid="1" timestamp="2026-05-15T09:34:42Z" version="1" visible="true" user="OSMnx"><nd ref="12639663" /><nd ref="11423629836" /><nd ref="2377733459" /><nd ref="6231067884" /><nd ref="480606981" /><nd ref="10224464997" /><tag k="maxspeed" v="30" /><tag k="highway" v="residential" /><tag k="name" v="Chancery Place" /><tag k="oneway" v="yes" /></way><way changeset="1" id="3789575" uid="1" timestamp="2026-05-15T09:34:42Z" version="1" visible="true" user="OSMnx"><nd ref="10956461384" /><nd ref="12306016231" /><tag k="ref" v="R148" /><tag k="maxspeed" v="50" /><tag k="highway" v="secondary" /><tag k="lanes" v="3" /><tag k="name" v="Merchant's Quay" /><tag k="oneway" v="yes" /></way><way changeset="1" id="3790724" uid="1" timestamp="2026-05-15T09:34:42Z" version="1" visible="true" user="OSMnx"><nd ref="12309784916" /><nd ref="8195183364" /><nd ref="3125558042" /><tag k="ref" v="R148" /><tag k="maxspeed" v="30" /><tag k="highway" v="secondary" /><tag k="lanes" v="3" /><tag k="name" v="Bachelors Walk" /><tag k="oneway" v="yes" /></way><way changeset="1" id="3791745" uid="1" timestamp="2026-05-15T09:34:42Z" version="1" visible="true" user="OSMnx"><nd ref="1448436" /><nd ref="26912098" /><nd ref="26912097" /><nd ref="549665021" /><nd ref="26911837" /><tag k="ref" v="R137" /><tag k="maxspeed" v="30" /><tag k="highway" v="secondary" /><tag k="lanes" v="4" /><tag k="name" v="Dame Street" /><tag k="oneway" v="no" /></way><way changeset="1" id="3791747" uid="1" timestamp="2026-05-15T09:34:42Z" version="1" visible="true" user="OSMnx"><nd ref="11951144007" /><nd ref="11951143998" /><tag k="ref" v="R148" /><tag k="maxspeed" v="30" /><tag k="highway" v="secondary" /><tag k="lanes" v="2" /><tag k="name" v="Wellington Quay" /><tag k="oneway" v="yes" /></way><way changeset="1" id="3791905" uid="1" timestamp="2026-05-15T09:34:42Z" version="1" visible="true" user="OSMnx"><nd ref="659784" /><nd ref="528397836" /><nd ref="18940355" /><nd ref="281264464" /><nd ref="2374401124" /><nd ref="6182480211" /><nd ref="532751154" /><nd ref="6182480210" /><nd ref="2364274598" /><nd ref="10557367113" /><nd ref="2421345447" /><nd ref="1442759" /><tag k="ref" v="R148" /><tag k="maxspeed" v="30" /><tag k="highway" v="secondary" /><tag k="lanes" v="3" /><tag k="name" v="Ormond Quay Lower" /><tag k="oneway" v="yes" /></way><way changeset="1" id="4290616" uid="1" timestamp="2026-05-15T09:34:42Z" version="1" visible="true" user="OSMnx"><nd ref="1420455242" /><nd ref="3660383730" /><nd ref="1420455244" /><nd ref="6240707948" /><tag k="maxspeed" v="50" /><tag k="highway" v="tertiary" /><tag k="lanes" v="1" /><tag k="name" v="Saint Michael's Hill" /><tag k="width" v="4.4" /><tag k="oneway" v="yes" /></way><way changeset="1" id="4396046" uid="1" timestamp="2026-05-15T09:34:42Z" version="1" visible="true" user="OSMnx"><nd ref="659788" /><nd ref="13361750695" /><nd ref="7191335626" /><nd ref="13361750696" /><nd ref="7191335625" /><nd ref="195865275" /><nd ref="195863866" /><tag k="maxspeed" v="30" /><tag k="highway" v="residential" /><tag k="name" v="Liffey Street Lower" /><tag k="oneway" v="yes" /></way><way changeset="1" id="4396056" uid="1" timestamp="2026-05-15T09:34:42Z" version="1" visible="true" user="OSMnx"><nd ref="659784" /><nd ref="9773888383" /><tag k="ref" v="L1584" /><tag k="maxspeed" v="30" /><tag k="highway" v="tertiary" /><tag k="lanes" v="2" /><tag k="name" v="Grattan Bridge" /><tag k="oneway" v="yes" /></way><way changeset="1" id="4396059" uid="1" timestamp="2026-05-15T09:34:42Z" version="1" visible="true" user="OSMnx"><nd ref="389280" /><nd ref="434149497" /><nd ref="11642373015" /><nd ref="256880415" /><tag k="ref" v="R137" /><tag k="maxspeed" v="30" /><tag k="highway" v="secondary" /><tag k="lanes" v="3" /><tag k="name" v="Dame Street" /><tag k="oneway" v="no" /></way><way changeset="1" id="4401566" uid="1" timestamp="2026-05-15T09:34:42Z" version="1" visible="true" user="OSMnx"><nd ref="26911593" /><nd ref="3771240561" /><nd ref="1426051372" /><tag k="maxspeed" v="30" /><tag k="highway" v="residential" /><tag k="name" v="Temple Bar" /><tag k="oneway" v="yes" /></way><way changeset="1" id="4401603" uid="1" timestamp="2026-05-15T09:34:42Z" version="1" visible="true" user="OSMnx"><nd ref="9722501108" /><nd ref="1426051367" /><nd ref="549665013" /><nd ref="549665018" /><nd ref="567740013" /><nd ref="3224845498" /><nd ref="3224845500" /><nd ref="3224845501" /><nd ref="1426049017" /><tag k="maxspeed" v="30" /><tag k="highway" v="unclassified" /><tag k="name" v="Essex Street East" /><tag k="oneway" v="yes" /></way><way changeset="1" id="4401661" uid="1" timestamp="2026-05-15T09:34:42Z" version="1" visible="true" user="OSMnx"><nd ref="26912118" /><nd ref="577470682" /><nd ref="549665020" /><nd ref="3224845410" /><nd ref="26912106" /><nd ref="12957286449" /><nd ref="7969240093" /><nd ref="1426049017" /><nd ref="11951122376" /><nd ref="577470678" /><tag k="maxspeed" v="30" /><tag k="highway" v="unclassified" /><tag k="lanes" v="1" /><tag k="name" v="Eustace Street" /><tag k="oneway" v="yes" /></way><way changeset="1" id="4408238" uid="1" timestamp="2026-05-15T09:34:42Z" version="1" visible="true" user="OSMnx"><nd ref="389270" /><nd ref="2369340279" /><nd ref="11423629837" /><nd ref="12639663" /><tag k="ref" v="R148" /><tag k="maxspeed" v="50" /><tag k="highway" v="secondary" /><tag k="lanes" v="2" /><tag k="name" v="Inns Quay" /><tag k="oneway" v="yes" /></way><way changeset="1" id="4476043" uid="1" timestamp="2026-05-15T09:34:42Z" version="1" visible="true" user="OSMnx"><nd ref="550879544" /><nd ref="13783403509" /><tag k="ref" v="R137" /><tag k="maxspeed" v="30" /><tag k="highway" v="secondary" /><tag k="lanes" v="2" /><tag k="name" v="College Green" /><tag k="oneway" v="yes" /></way><way changeset="1" id="4919459" uid="1" timestamp="2026-05-15T09:34:42Z" version="1" visible="true" user="OSMnx"><nd ref="1448439" /><nd ref="5330083343" /><nd ref="26165224" /><nd ref="26165229" /><nd ref="135109467" /><nd ref="26165233" /><tag k="maxspeed" v="30" /><tag k="highway" v="unclassified" /><tag k="lanes" v="1" /><tag k="name" v="Exchequer Street" /><tag k="oneway" v="yes" /></way><way changeset="1" id="4919462" uid="1" timestamp="2026-05-15T09:34:42Z" version="1" visible="true" user="OSMnx"><nd ref="389332" /><nd ref="26165256" /><nd ref="2376143186" /><nd ref="2376143199" /><nd ref="26165258" /><tag k="maxspeed" v="30" /><tag k="highway" v="unclassified" /><tag k="lanes" v="2" /><tag k="name" v="Trinity Street" /><tag k="oneway" v="yes" /></way><way changeset="1" id="4919464" uid="1" timestamp="2026-05-15T09:34:42Z" version="1" visible="true" user="OSMnx"><nd ref="12724374242" /><nd ref="2386604559" /><nd ref="2504628947" /><nd ref="12724374243" /><nd ref="2504628946" /><tag k="maxspeed" v="30" /><tag k="highway" v="unclassified" /><tag k="name" v="Cork Hill" /><tag k="oneway" v="yes" /></way><way changeset="1" id="4919471" uid="1" timestamp="2026-05-15T09:34:42Z" version="1" visible="true" user="OSMnx"><nd ref="26165710" /><nd ref="12015832633" /><tag k="maxspeed" v="30" /><tag k="highway" v="tertiary" /><tag k="lanes" v="1" /><tag k="name" v="Stephen Street Lower" /><tag k="width" v="4" /><tag k="oneway" v="yes" /></way><way changeset="1" id="4919538" uid="1" timestamp="2026-05-15T09:34:42Z" version="1" visible="true" user="OSMnx"><nd ref="26165708" /><nd ref="12964901092" /><nd ref="12964901093" /><nd ref="26165156" /><tag k="maxspeed" v="30" /><tag k="highway" v="unclassified" /><tag k="name" v="Fade Street" /><tag k="oneway" v="yes" /></way><way changeset="1" id="4919616" uid="1" timestamp="2026-05-15T09:34:42Z" version="1" visible="true" user="OSMnx"><nd ref="26165258" /><nd ref="1660049101" /><nd ref="561034241" /><nd ref="26165233" /><tag k="maxspeed" v="30" /><tag k="highway" v="unclassified" /><tag k="lanes" v="1" /><tag k="name" v="Saint Andrew Street" /><tag k="oneway" v="yes" /></way><way changeset="1" id="5200620" uid="1" timestamp="2026-05-15T09:34:42Z" version="1" visible="true" user="OSMnx"><nd ref="51509946" /><nd ref="2468942559" /><nd ref="2468942562" /><tag k="maxspeed" v="30" /><tag k="highway" v="tertiary" /><tag k="lanes" v="1" /><tag k="name" v="Bride Street" /><tag k="oneway" v="yes" /></way><way changeset="1" id="5826896" uid="1" timestamp="2026-05-15T09:34:42Z" version="1" visible="true" user="OSMnx"><nd ref="11742165393" /><nd ref="12108766528" /><nd ref="2558913527" /><nd ref="26165156" /><tag k="ref" v="R114" /><tag k="maxspeed" v="30" /><tag k="highway" v="secondary" /><tag k="lanes" v="3" /><tag k="name" v="South Great George's Street" /><tag k="oneway" v="no" /></way><way changeset="1" id="5976028" uid="1" timestamp="2026-05-15T09:34:42Z" version="1" visible="true" user="OSMnx"><nd ref="1396858833" /><nd ref="11661938748" /><nd ref="2705523735" /><nd ref="11661938742" /><nd ref="1396858834" /><nd ref="26912394" /><nd ref="577470659" /><nd ref="305309020" /><tag k="ref" v="R137" /><tag k="maxspeed" v="30" /><tag k="highway" v="secondary" /><tag k="lanes" v="2" /><tag k="name" v="Lord Edward Street" /><tag k="oneway" v="no" /></way><way changeset="1" id="6192171" uid="1" timestamp="2026-05-15T09:34:42Z" version="1" visible="true" user="OSMnx"><nd ref="2468942564" /><nd ref="5967961084" /><nd ref="4877121843" /><nd ref="7015260159" /><tag k="maxspeed" v="30" /><tag k="highway" v="tertiary" /><tag k="lanes" v="2" /><tag k="name" v="Bride Road" /><tag k="oneway" v="yes" /></way><way changeset="1" id="6273610" uid="1" timestamp="2026-05-15T09:34:42Z" version="1" visible="true" user="OSMnx"><nd ref="10311341211" /><nd ref="411503255" /><nd ref="411193753" /><nd ref="411503273" /><nd ref="4043189648" /><nd ref="3451318423" /><nd ref="10306668145" /><tag k="maxspeed" v="30" /><tag k="highway" v="unclassified" /><tag k="name" v="Arran Street East" /><tag k="oneway" v="yes" /></way><way changeset="1" id="6273612" uid="1" timestamp="2026-05-15T09:34:42Z" version="1" visible="true" user="OSMnx"><nd ref="1396845249" /><nd ref="3155917259" /><nd ref="411503299" /><nd ref="3155917258" /><nd ref="12649678" /><nd ref="635327105" /><nd ref="4242675790" /><nd ref="4242675793" /><nd ref="14955927" /><tag k="maxspeed" v="30" /><tag k="highway" v="residential" /><tag k="name" v="Mary's Lane" /><tag k="oneway" v="no" /></way><way changeset="1" id="10564223" uid="1" timestamp="2026-05-15T09:34:42Z" version="1" visible="true" user="OSMnx"><nd ref="1426051353" /><nd ref="7015280845" /><nd ref="13813892954" /><nd ref="3585952601" /><nd ref="7015280841" /><nd ref="3585952599" /><tag k="ref" v="R137" /><tag k="maxspeed" v="50" /><tag k="highway" v="secondary" /><tag k="lanes" v="2" /><tag k="name" v="Nicholas Street" /><tag k="oneway" v="yes" /></way><way changeset="1" id="12854626" uid="1" timestamp="2026-05-15T09:34:42Z" version="1" visible="true" user="OSMnx"><nd ref="26166024" /><nd ref="13761170647" /><nd ref="411503256" /><nd ref="411503258" /><nd ref="2364585597" /><nd ref="10311341211" /><nd ref="12108766531" /><nd ref="9773888370" /><nd ref="9773888367" /><nd ref="10937078682" /><nd ref="659784" /><tag k="ref" v="R148" /><tag k="maxspeed" v="50" /><tag k="highway" v="secondary" /><tag k="lanes" v="1" /><tag k="name" v="Ormond Quay Upper" /><tag k="oneway" v="yes" /></way><way changeset="1" id="13907388" uid="1" timestamp="2026-05-15T09:34:42Z" version="1" visible="true" user="OSMnx"><nd ref="10956461379" /><nd ref="10956461380" /><tag k="ref" v="R148" /><tag k="maxspeed" v="50" /><tag k="highway" v="secondary" /><tag k="lanes" v="4" /><tag k="name" v="Wood Quay" /><tag k="oneway" v="yes" /></way><way changeset="1" id="13907389" uid="1" timestamp="2026-05-15T09:34:42Z" version="1" visible="true" user="OSMnx"><nd ref="26907148" /><nd ref="26911362" /><tag k="ref" v="R148" /><tag k="maxspeed" v="30" /><tag k="highway" v="secondary" /><tag k="lanes" v="2" /><tag k="name" v="Crampton Quay" /><tag k="oneway" v="yes" /></way><way changeset="1" id="14401069" uid="1" timestamp="2026-05-15T09:34:42Z" version="1" visible="true" user="OSMnx"><nd ref="3451120770" /><nd ref="3451120772" /><nd ref="3451120774" /><nd ref="3451120776" /><nd ref="13361756604" /><nd ref="13361756602" /><nd ref="3451120778" /><nd ref="3451120780" /><nd ref="3451120782" /><nd ref="4043192944" /><nd ref="3451120784" /><tag k="ref" v="L5017" /><tag k="maxspeed" v="30" /><tag k="highway" v="residential" /><tag k="lanes" v="1" /><tag k="name" v="Upper Abbey Street" /><tag k="oneway" v="yes" /></way><way changeset="1" id="16247623" uid="1" timestamp="2026-05-15T09:34:42Z" version="1" visible="true" user="OSMnx"><nd ref="26912398" /><nd ref="11642373017" /><nd ref="389280" /><tag k="ref" v="R137" /><tag k="maxspeed" v="30" /><tag k="highway" v="secondary" /><tag k="lanes" v="2" /><tag k="name" v="Cork Hill" /><tag k="oneway" v="no" /></way><way changeset="1" id="18927706" uid="1" timestamp="2026-05-15T09:34:42Z" version="1" visible="true" user="OSMnx"><nd ref="195863866" /><nd ref="6183740627" /><nd ref="281264465" /><nd ref="1442755" /><tag k="maxspeed" v="30" /><tag k="highway" v="unclassified" /><tag k="name" v="Great Strand Street" /><tag k="oneway" v="yes" /></way><way changeset="1" id="18928030" uid="1" timestamp="2026-05-15T09:34:42Z" version="1" visible="true" user="OSMnx"><nd ref="195865275" /><nd ref="2421345535" /><tag k="maxspeed" v="30" /><tag k="highway" v="residential" /><tag k="lanes" v="2" /><tag k="name" v="North Lotts" /><tag k="oneway" v="no" /></way><way changeset="1" id="22962976" uid="1" timestamp="2026-05-15T09:34:42Z" version="1" visible="true" user="OSMnx"><nd ref="1426048974" /><nd ref="2881520206" /><nd ref="1426100485" /><nd ref="12023182112" /><nd ref="1426100484" /><tag k="maxspeed" v="30" /><tag k="highway" v="unclassified" /><tag k="name" v="Ship Street Little" /><tag k="oneway" v="no" /></way><way changeset="1" id="23045804" uid="1" timestamp="2026-05-15T09:34:42Z" version="1" visible="true" user="OSMnx"><nd ref="434149502" /><nd ref="2468942561" /><nd ref="248662984" /><nd ref="2705322910" /><nd ref="11826895028" /><nd ref="772972754" /><tag k="maxspeed" v="30" /><tag k="highway" v="unclassified" /><tag k="name" v="Chancery Lane" /><tag k="oneway" v="yes" /></way><way changeset="1" id="23086918" uid="1" timestamp="2026-05-15T09:34:42Z" version="1" visible="true" user="OSMnx"><nd ref="4043189655" /><nd ref="411503278" /><tag k="maxspeed" v="30" /><tag k="highway" v="unclassified" /><tag k="lanes" v="1" /><tag k="name" v="Mary's Abbey" /><tag k="oneway" v="yes" /></way><way changeset="1" id="24231262" uid="1" timestamp="2026-05-15T09:34:42Z" version="1" visible="true" user="OSMnx"><nd ref="10956461386" /><nd ref="10677764803" /><tag k="maxspeed" v="50" /><tag k="highway" v="tertiary" /><tag k="lanes" v="3" /><tag k="bridge" v="yes" /><tag k="name" v="O'Donovan Rossa Bridge" /><tag k="oneway" v="yes" /></way><way changeset="1" id="24231263" uid="1" timestamp="2026-05-15T09:34:42Z" version="1" visible="true" user="OSMnx"><nd ref="262366031" /><nd ref="11423629835" /><nd ref="9773888387" /><nd ref="12639663" /><tag k="maxspeed" v="30" /><tag k="highway" v="tertiary" /><tag k="lanes" v="3" /><tag k="name" v="O'Donovan Rossa Bridge" /><tag k="oneway" v="yes" /></way><way changeset="1" id="25631021" uid="1" timestamp="2026-05-15T09:34:42Z" version="1" visible="true" user="OSMnx"><nd ref="26911362" /><nd ref="577470687" /><nd ref="26911593" /><tag k="maxspeed" v="30" /><tag k="highway" v="residential" /><tag k="name" v="Asdill's Row" /><tag k="oneway" v="yes" /></way><way changeset="1" id="25631097" uid="1" timestamp="2026-05-15T09:34:42Z" version="1" visible="true" user="OSMnx"><nd ref="1426051372" /><nd ref="9102015" /><nd ref="577470692" /><nd ref="26907148" /><tag k="maxspeed" v="30" /><tag k="highway" v="residential" /><tag k="lanes" v="1" /><tag k="name" v="Bedford Row" /><tag k="oneway" v="yes" /></way><way changeset="1" id="25631272" uid="1" timestamp="2026-05-15T09:34:42Z" version="1" visible="true" user="OSMnx"><nd ref="305306783" /><nd ref="305306643" /><nd ref="544365920" /><nd ref="544365923" /><nd ref="2386616696" /><nd ref="26868380" /><tag k="maxspeed" v="30" /><tag k="highway" v="unclassified" /><tag k="lanes" v="2" /><tag k="name" v="Essex Gate" /><tag k="oneway" v="yes" /></way><way changeset="1" id="27806076" uid="1" timestamp="2026-05-15T09:34:42Z" version="1" visible="true" user="OSMnx"><nd ref="305306642" /><nd ref="549665006" /><nd ref="305307803" /><nd ref="305306649" /><nd ref="305306650" /><nd ref="305306651" /><nd ref="305306652" /><nd ref="305306643" /><tag k="maxspeed" v="30" /><tag k="highway" v="unclassified" /><tag k="lanes" v="1" /><tag k="name" v="Exchange Street Lower" /><tag k="oneway" v="yes" /></way><way changeset="1" id="27806145" uid="1" timestamp="2026-05-15T09:34:42Z" version="1" visible="true" user="OSMnx"><nd ref="305309020" /><nd ref="305309135" /><tag k="maxspeed" v="30" /><tag k="highway" v="unclassified" /><tag k="lanes" v="1" /><tag k="name" v="Exchange Street Upper" /><tag k="oneway" v="yes" /></way><way changeset="1" id="31028273" uid="1" timestamp="2026-05-15T09:34:42Z" version="1" visible="true" user="OSMnx"><nd ref="344982489" /><nd ref="3791173555" /><tag k="ref" v="L1584" /><tag k="maxspeed" v="30" /><tag k="highway" v="tertiary" /><tag k="lanes" v="2" /><tag k="bridge" v="yes" /><tag k="access" v="yes" /><tag k="name" v="Grattan Bridge" /><tag k="oneway" v="yes" /></way><way changeset="1" id="31028274" uid="1" timestamp="2026-05-15T09:34:42Z" version="1" visible="true" user="OSMnx"><nd ref="344982488" /><nd ref="389279" /><tag k="ref" v="L1584" /><tag k="maxspeed" v="30" /><tag k="highway" v="tertiary" /><tag k="lanes" v="2" /><tag k="name" v="Grattan Bridge" /><tag k="oneway" v="yes" /></way><way changeset="1" id="33921278" uid="1" timestamp="2026-05-15T09:34:42Z" version="1" visible="true" user="OSMnx"><nd ref="1396845249" /><nd ref="411503314" /><tag k="maxspeed" v="30" /><tag k="highway" v="residential" /><tag k="name" v="Mary Street Little" /><tag k="oneway" v="yes" /></way><way changeset="1" id="33969753" uid="1" timestamp="2026-05-15T09:34:42Z" version="1" visible="true" user="OSMnx"><nd ref="4043189650" /><nd ref="3451159939" /><nd ref="3451159937" /><tag k="maxspeed" v="30" /><tag k="highway" v="unclassified" /><tag k="lanes" v="1" /><tag k="name" v="Chancery Street" /><tag k="oneway" v="yes" /></way><way changeset="1" id="35059863" uid="1" timestamp="2026-05-15T09:34:42Z" version="1" visible="true" user="OSMnx"><nd ref="683654487" /><nd ref="683654488" /><nd ref="6340285562" /><nd ref="26165956" /><nd ref="4043190918" /><tag k="maxspeed" v="30" /><tag k="highway" v="residential" /><tag k="lanes" v="1" /><tag k="name" v="Wolfe Tone Street" /><tag k="oneway" v="yes" /></way><way changeset="1" id="35060878" uid="1" timestamp="2026-05-15T09:34:42Z" version="1" visible="true" user="OSMnx"><nd ref="411193753" /><nd ref="411503261" /><nd ref="411193755" /><nd ref="635335677" /><nd ref="411193756" /><tag k="maxspeed" v="30" /><tag k="highway" v="residential" /><tag k="lanes" v="1" /><tag k="name" v="Ormond Square" /><tag k="oneway" v="no" /></way><way changeset="1" id="35060879" uid="1" timestamp="2026-05-15T09:34:42Z" version="1" visible="true" user="OSMnx"><nd ref="411503255" /><nd ref="411503257" /><nd ref="11826300470" /><nd ref="411193757" /><nd ref="11826300471" /><nd ref="411193756" /><tag k="maxspeed" v="30" /><tag k="highway" v="residential" /><tag k="lanes" v="1" /><tag k="name" v="Ormond Place" /><tag k="oneway" v="no" /></way><way changeset="1" id="35060881" uid="1" timestamp="2026-05-15T09:34:42Z" version="1" visible="true" user="OSMnx"><nd ref="12649678" /><nd ref="12847497318" /><nd ref="10249513882" /><nd ref="4043189650" /><tag k="maxspeed" v="30" /><tag k="highway" v="residential" /><tag k="name" v="Saint Michan's Street" /><tag k="oneway" v="yes" /></way><way changeset="1" id="35078311" uid="1" timestamp="2026-05-15T09:34:42Z" version="1" visible="true" user="OSMnx"><nd ref="411503278" /><nd ref="10306668147" /><nd ref="10306668143" /><nd ref="11909725866" /><tag k="maxspeed" v="30" /><tag k="highway" v="unclassified" /><tag k="name" v="Meetinghouse Lane" /><tag k="oneway" v="no" /></way><way changeset="1" id="35078314" uid="1" timestamp="2026-05-15T09:34:42Z" version="1" visible="true" user="OSMnx"><nd ref="411503259" /><nd ref="411503262" /><nd ref="635335710" /><nd ref="411503260" /><nd ref="635335707" /><nd ref="411503261" /><tag k="maxspeed" v="30" /><tag k="highway" v="residential" /><tag k="lanes" v="1" /><tag k="name" v="Ormond Square" /><tag k="oneway" v="no" /></way><way changeset="1" id="35078315" uid="1" timestamp="2026-05-15T09:34:42Z" version="1" visible="true" user="OSMnx"><nd ref="411503265" /><nd ref="411503267" /><nd ref="411503268" /><nd ref="411503269" /><nd ref="411503270" /><nd ref="411503271" /><nd ref="759833838" /><nd ref="411503273" /><tag k="maxspeed" v="30" /><tag k="highway" v="residential" /><tag k="name" v="Little Strand Street" /><tag k="oneway" v="yes" /></way><way changeset="1" id="35078316" uid="1" timestamp="2026-05-15T09:34:42Z" version="1" visible="true" user="OSMnx"><nd ref="411193756" /><nd ref="411503263" /><nd ref="411503259" /><nd ref="2411549779" /><nd ref="3451318428" /><nd ref="3451159942" /><nd ref="4043189649" /><tag k="maxspeed" v="30" /><tag k="highway" v="residential" /><tag k="lanes" v="1" /><tag k="name" v="Ormond Square" /><tag k="oneway" v="no" /></way><way changeset="1" id="35078320" uid="1" timestamp="2026-05-15T09:34:42Z" version="1" visible="true" user="OSMnx"><nd ref="3155918761" /><nd ref="1396845249" /><tag k="maxspeed" v="30" /><tag k="highway" v="residential" /><tag k="name" v="Little Green Street" /><tag k="width" v="8" /><tag k="oneway" v="yes" /></way><way changeset="1" id="37264312" uid="1" timestamp="2026-05-15T09:34:42Z" version="1" visible="true" user="OSMnx"><nd ref="434149497" /><nd ref="6214288573" /><nd ref="434149498" /><tag k="maxspeed" v="30" /><tag k="highway" v="unclassified" /><tag k="name" v="Exchange Court" /><tag k="oneway" v="no" /></way><way changeset="1" id="37264313" uid="1" timestamp="2026-05-15T09:34:42Z" version="1" visible="true" user="OSMnx"><nd ref="305309020" /><nd ref="26912398" /><tag k="ref" v="R137" /><tag k="maxspeed" v="30" /><tag k="highway" v="secondary" /><tag k="lanes" v="2" /><tag k="name" v="Cork Hill" /><tag k="oneway" v="no" /></way><way changeset="1" id="37264314" uid="1" timestamp="2026-05-15T09:34:42Z" version="1" visible="true" user="OSMnx"><nd ref="248662985" /><nd ref="12023160708" /><nd ref="434149502" /><tag k="maxspeed" v="30" /><tag k="highway" v="unclassified" /><tag k="lanes" v="2" /><tag k="name" v="Chancery Lane" /><tag k="oneway" v="yes" /></way><way changeset="1" id="37722122" uid="1" timestamp="2026-05-15T09:34:42Z" version="1" visible="true" user="OSMnx"><nd ref="2420191471" /><nd ref="9294615365" /><nd ref="2420191470" /><nd ref="2420191468" /><nd ref="659788" /><tag k="ref" v="L5018" /><tag k="maxspeed" v="30" /><tag k="highway" v="residential" /><tag k="lanes" v="1" /><tag k="name" v="Middle Abbey Street" /><tag k="oneway" v="yes" /></way><way changeset="1" id="39994843" uid="1" timestamp="2026-05-15T09:34:42Z" version="1" visible="true" user="OSMnx"><nd ref="659788" /><nd ref="3451318400" /><nd ref="7191336933" /><nd ref="3451120770" /><tag k="ref" v="L5018" /><tag k="maxspeed" v="30" /><tag k="highway" v="residential" /><tag k="lanes" v="1" /><tag k="name" v="Middle Abbey Street" /><tag k="oneway" v="yes" /></way><way changeset="1" id="39994845" uid="1" timestamp="2026-05-15T09:34:42Z" version="1" visible="true" user="OSMnx"><nd ref="480606980" /><nd ref="480606979" /><tag k="maxspeed" v="30" /><tag k="highway" v="residential" /><tag k="lanes" v="1" /><tag k="name" v="Chancery Street" /><tag k="oneway" v="yes" /></way><way changeset="1" id="39994846" uid="1" timestamp="2026-05-15T09:34:42Z" version="1" visible="true" user="OSMnx"><nd ref="480606979" /><nd ref="6231067882" /><nd ref="411193754" /><tag k="maxspeed" v="30" /><tag k="highway" v="residential" /><tag k="name" v="Charles Street West" /><tag k="oneway" v="yes" /></way><way changeset="1" id="39994849" uid="1" timestamp="2026-05-15T09:34:42Z" version="1" visible="true" user="OSMnx"><nd ref="480606981" /><nd ref="10224638932" /><nd ref="480606980" /><nd ref="3451318432" /><nd ref="10224638924" /><tag k="maxspeed" v="30" /><tag k="highway" v="residential" /><tag k="name" v="Chancery Place" /><tag k="oneway" v="yes" /></way><way changeset="1" id="42471878" uid="1" timestamp="2026-05-15T09:34:42Z" version="1" visible="true" user="OSMnx"><nd ref="530261207" /><nd ref="530261203" /><nd ref="530261204" /><nd ref="12190978839" /><nd ref="530261205" /><tag k="maxspeed" v="30" /><tag k="highway" v="residential" /><tag k="lanes" v="2" /><tag k="name" v="St Michaels Close" /><tag k="oneway" v="no" /></way><way changeset="1" id="42471879" uid="1" timestamp="2026-05-15T09:34:42Z" version="1" visible="true" user="OSMnx"><nd ref="305307347" /><nd ref="11909772214" /><nd ref="530261205" /><tag k="maxspeed" v="30" /><tag k="highway" v="unclassified" /><tag k="name" v="Cross Lane South" /><tag k="oneway" v="no" /></way><way changeset="1" id="42471880" uid="1" timestamp="2026-05-15T09:34:42Z" version="1" visible="true" user="OSMnx"><nd ref="448020531" /><nd ref="530261204" /><tag k="maxspeed" v="30" /><tag k="highway" v="residential" /><tag k="lanes" v="1" /><tag k="name" v="St Audoen's Terrace" /><tag k="oneway" v="no" /></way><way changeset="1" id="42638928" uid="1" timestamp="2026-05-15T09:34:42Z" version="1" visible="true" user="OSMnx"><nd ref="18940355" /><nd ref="1442755" /><tag k="maxspeed" v="30" /><tag k="highway" v="unclassified" /><tag k="name" v="Swift's Row" /><tag k="oneway" v="yes" /></way><way changeset="1" id="43538577" uid="1" timestamp="2026-05-15T09:34:42Z" version="1" visible="true" user="OSMnx"><nd ref="256880415" /><nd ref="549669182" /><nd ref="12980627340" /><tag k="ref" v="R137" /><tag k="maxspeed" v="30" /><tag k="highway" v="secondary" /><tag k="lanes" v="3" /><tag k="name" v="Dame Street" /><tag k="oneway" v="no" /></way><way changeset="1" id="43538584" uid="1" timestamp="2026-05-15T09:34:42Z" version="1" visible="true" user="OSMnx"><nd ref="26911836" /><nd ref="577470683" /><nd ref="26911837" /><tag k="maxspeed" v="30" /><tag k="highway" v="unclassified" /><tag k="lanes" v="1" /><tag k="name" v="Fownes Street Upper" /><tag k="oneway" v="yes" /></way><way changeset="1" id="52375081" uid="1" timestamp="2026-05-15T09:34:42Z" version="1" visible="true" user="OSMnx"><nd ref="1430847297" /><nd ref="2385552055" /><nd ref="1426048961" /><tag k="ref" v="R137" /><tag k="maxspeed" v="50" /><tag k="highway" v="secondary" /><tag k="lanes" v="3" /><tag k="name" v="Nicholas Street" /><tag k="oneway" v="yes" /></way><way changeset="1" id="52879957" uid="1" timestamp="2026-05-15T09:34:42Z" version="1" visible="true" user="OSMnx"><nd ref="12108766529" /><nd ref="550879544" /><tag k="ref" v="R137" /><tag k="maxspeed" v="30" /><tag k="highway" v="secondary" /><tag k="lanes" v="2" /><tag k="name" v="College Green" /><tag k="oneway" v="yes" /></way><way changeset="1" id="52881222" uid="1" timestamp="2026-05-15T09:34:42Z" version="1" visible="true" user="OSMnx"><nd ref="26912410" /><nd ref="2705523713" /><nd ref="2705523716" /><nd ref="2705523718" /><tag k="ref" v="R137" /><tag k="maxspeed" v="30" /><tag k="highway" v="secondary" /><tag k="lanes" v="4" /><tag k="name" v="Christchurch Place" /><tag k="oneway" v="no" /></way><way changeset="1" id="60010826" uid="1" timestamp="2026-05-15T09:34:42Z" version="1" visible="true" user="OSMnx"><nd ref="12724374235" /><nd ref="389354" /><nd ref="13241052095" /><nd ref="7959562078" /><nd ref="746020057" /><nd ref="2879981031" /><tag k="maxspeed" v="30" /><tag k="highway" v="tertiary" /><tag k="lanes" v="2" /><tag k="name" v="Werburgh Street" /><tag k="oneway" v="yes" /></way><way changeset="1" id="68748484" uid="1" timestamp="2026-05-15T09:34:42Z" version="1" visible="true" user="OSMnx"><nd ref="1426051353" /><nd ref="10745395130" /><nd ref="10745395132" /><nd ref="10745395131" /><nd ref="7015280844" /><nd ref="1574285183" /><nd ref="826215560" /><nd ref="1574285185" /><tag k="maxspeed" v="50" /><tag k="highway" v="secondary_link" /><tag k="lanes" v="1" /><tag k="name" v="Nicholas Street" /><tag k="oneway" v="yes" /></way><way changeset="1" id="125863788" uid="1" timestamp="2026-05-15T09:34:42Z" version="1" visible="true" user="OSMnx"><nd ref="11951145292" /><nd ref="10956470825" /><tag k="ref" v="R148" /><tag k="maxspeed" v="30" /><tag k="highway" v="secondary" /><tag k="lanes" v="2" /><tag k="name" v="Essex Quay" /><tag k="oneway" v="yes" /></way><way changeset="1" id="125864859" uid="1" timestamp="2026-05-15T09:34:42Z" version="1" visible="true" user="OSMnx"><nd ref="1396858837" /><nd ref="1396858836" /><nd ref="11661938752" /><nd ref="11661938747" /><nd ref="11661938751" /><tag k="maxspeed" v="30" /><tag k="highway" v="unclassified" /><tag k="lanes" v="1" /><tag k="name" v="Fishamble Street" /><tag k="oneway" v="yes" /></way><way changeset="1" id="127546529" uid="1" timestamp="2026-05-15T09:34:42Z" version="1" visible="true" user="OSMnx"><nd ref="305307347" /><nd ref="3395699516" /><nd ref="3395699518" /><nd ref="2364173221" /><nd ref="1334890306" /><nd ref="3399745651" /><tag k="maxspeed" v="50" /><tag k="highway" v="tertiary" /><tag k="lanes" v="2" /><tag k="name" v="Winetavern Street" /><tag k="oneway" v="yes" /></way><way changeset="1" id="128570043" uid="1" timestamp="2026-05-15T09:34:42Z" version="1" visible="true" user="OSMnx"><nd ref="1420455242" /><nd ref="2385329713" /><nd ref="2385329683" /><tag k="ref" v="R137" /><tag k="maxspeed" v="30" /><tag k="highway" v="secondary" /><tag k="lanes" v="2" /><tag k="name" v="Christchurch Place" /><tag k="oneway" v="yes" /></way><way changeset="1" id="128944693" uid="1" timestamp="2026-05-15T09:34:42Z" version="1" visible="true" user="OSMnx"><nd ref="2376143186" /><nd ref="1423559574" /><nd ref="13585844569" /><nd ref="26165647" /><nd ref="26165637" /><tag k="maxspeed" v="30" /><tag k="highway" v="unclassified" /><tag k="lanes" v="1" /><tag k="name" v="Dame Lane" /><tag k="oneway" v="yes" /></way><way changeset="1" id="129211782" uid="1" timestamp="2026-05-15T09:34:42Z" version="1" visible="true" user="OSMnx"><nd ref="1426048972" /><nd ref="1426048975" /><nd ref="2385552046" /><nd ref="10613033651" /><nd ref="2385329668" /><nd ref="1426048981" /><tag k="maxspeed" v="30" /><tag k="highway" v="residential" /><tag k="name" v="Back Lane" /><tag k="oneway" v="no" /></way><way changeset="1" id="129211789" uid="1" timestamp="2026-05-15T09:34:42Z" version="1" visible="true" user="OSMnx"><nd ref="12639666" /><nd ref="9973428240" /><nd ref="12306016196" /><nd ref="530261207" /><nd ref="12306016209" /><nd ref="10743377334" /><nd ref="448020530" /><tag k="maxspeed" v="30" /><tag k="highway" v="tertiary" /><tag k="lanes" v="2" /><tag k="name" v="Cook Street" /><tag k="oneway" v="no" /></way><way changeset="1" id="129211842" uid="1" timestamp="2026-05-15T09:34:42Z" version="1" visible="true" user="OSMnx"><nd ref="1573119421" /><nd ref="4339504897" /><nd ref="12023160709" /><nd ref="1426048964" /><tag k="maxspeed" v="30" /><tag k="highway" v="residential" /><tag k="lanes" v="1" /><tag k="name" v="Ross Road" /><tag k="oneway" v="yes" /></way><way changeset="1" id="129212225" uid="1" timestamp="2026-05-15T09:34:42Z" version="1" visible="true" user="OSMnx"><nd ref="550879544" /><nd ref="6339965662" /><nd ref="1426051361" /><tag k="maxspeed" v="30" /><tag k="highway" v="residential" /><tag k="name" v="Anglesea Street" /><tag k="oneway" v="yes" /></way><way changeset="1" id="129212229" uid="1" timestamp="2026-05-15T09:34:42Z" version="1" visible="true" user="OSMnx"><nd ref="1426051361" /><nd ref="13760264858" /><nd ref="10293086475" /><nd ref="549665037" /><nd ref="26911836" /><tag k="maxspeed" v="30" /><tag k="highway" v="residential" /><tag k="lanes" v="1" /><tag k="name" v="Cope Street" /><tag k="oneway" v="yes" /></way><way changeset="1" id="129212233" uid="1" timestamp="2026-05-15T09:34:42Z" version="1" visible="true" user="OSMnx"><nd ref="1426051354" /><nd ref="6214288576" /><nd ref="1426051355" /><nd ref="1426051359" /><nd ref="26912252" /><nd ref="1426051365" /><nd ref="1426051366" /><nd ref="1426051367" /><tag k="maxspeed" v="30" /><tag k="highway" v="unclassified" /><tag k="lanes" v="1" /><tag k="name" v="Sycamore Street" /><tag k="oneway" v="yes" /></way><way changeset="1" id="143278854" uid="1" timestamp="2026-05-15T09:34:42Z" version="1" visible="true" user="OSMnx"><nd ref="1426048964" /><nd ref="13243789721" /><nd ref="248662985" /><tag k="maxspeed" v="30" /><tag k="highway" v="tertiary" /><tag k="lanes" v="2" /><tag k="name" v="Bride Street" /><tag k="oneway" v="yes" /></way><way changeset="1" id="143866298" uid="1" timestamp="2026-05-15T09:34:42Z" version="1" visible="true" user="OSMnx"><nd ref="26912410" /><nd ref="26912411" /><nd ref="7015280843" /><nd ref="26912412" /><nd ref="3702082140" /><nd ref="3585952599" /><tag k="ref" v="R137" /><tag k="maxspeed" v="30" /><tag k="highway" v="secondary" /><tag k="lanes" v="2" /><tag k="name" v="Christchurch Place" /><tag k="oneway" v="yes" /></way><way changeset="1" id="143866302" uid="1" timestamp="2026-05-15T09:34:42Z" version="1" visible="true" user="OSMnx"><nd ref="3585952599" /><nd ref="1420455242" /><tag k="ref" v="R137" /><tag k="maxspeed" v="50" /><tag k="highway" v="secondary" /><tag k="lanes" v="4" /><tag k="name" v="Nicholas Street" /><tag k="oneway" v="no" /></way><way changeset="1" id="143866308" uid="1" timestamp="2026-05-15T09:34:42Z" version="1" visible="true" user="OSMnx"><nd ref="3585952599" /><nd ref="3585952598" /><nd ref="1574285185" /><tag k="ref" v="R108" /><tag k="maxspeed" v="50" /><tag k="highway" v="secondary" /><tag k="lanes" v="2" /><tag k="name" v="High Street" /><tag k="oneway" v="yes" /></way><way changeset="1" id="143866314" uid="1" timestamp="2026-05-15T09:34:42Z" version="1" visible="true" user="OSMnx"><nd ref="1573119398" /><nd ref="2385329658" /><nd ref="1573119421" /><nd ref="1573119429" /><tag k="ref" v="R137" /><tag k="maxspeed" v="50" /><tag k="highway" v="secondary" /><tag k="lanes" v="2" /><tag k="name" v="Nicholas Street" /><tag k="oneway" v="yes" /></way><way changeset="1" id="227767349" uid="1" timestamp="2026-05-15T09:34:42Z" version="1" visible="true" user="OSMnx"><nd ref="448020534" /><nd ref="530261201" /><nd ref="7015280842" /><nd ref="3660383725" /><nd ref="2385329737" /><tag k="ref" v="R108" /><tag k="maxspeed" v="50" /><tag k="highway" v="secondary" /><tag k="lanes" v="3" /><tag k="name" v="High Street" /><tag k="oneway" v="yes" /></way><way changeset="1" id="239079826" uid="1" timestamp="2026-05-15T09:34:42Z" version="1" visible="true" user="OSMnx"><nd ref="2468942562" /><nd ref="2468942556" /><nd ref="2468942565" /><nd ref="13243789719" /><nd ref="2468942564" /><tag k="maxspeed" v="30" /><tag k="highway" v="tertiary_link" /><tag k="lanes" v="1" /><tag k="name" v="Bride Road" /><tag k="oneway" v="yes" /></way><way changeset="1" id="239079827" uid="1" timestamp="2026-05-15T09:34:42Z" version="1" visible="true" user="OSMnx"><nd ref="2468942558" /><nd ref="2468942560" /><nd ref="2468942557" /><nd ref="2468942564" /><tag k="maxspeed" v="30" /><tag k="highway" v="tertiary_link" /><tag k="name" v="Bride Road" /><tag k="oneway" v="yes" /></way><way changeset="1" id="264876950" uid="1" timestamp="2026-05-15T09:34:42Z" version="1" visible="true" user="OSMnx"><nd ref="3562571800" /><nd ref="2386737661" /><nd ref="1426048962" /><nd ref="1426048976" /><nd ref="12023137253" /><nd ref="1426048980" /><tag k="maxspeed" v="30" /><tag k="highway" v="unclassified" /><tag k="name" v="Ship Street Great" /><tag k="oneway" v="no" /></way><way changeset="1" id="264901993" uid="1" timestamp="2026-05-15T09:34:42Z" version="1" visible="true" user="OSMnx"><nd ref="2705523726" /><nd ref="12724374232" /><nd ref="2705523722" /><nd ref="6224327369" /><nd ref="12724374233" /><tag k="maxspeed" v="30" /><tag k="highway" v="tertiary" /><tag k="lanes" v="1" /><tag k="name" v="Werburgh Street" /><tag k="oneway" v="yes" /></way><way changeset="1" id="292236197" uid="1" timestamp="2026-05-15T09:34:42Z" version="1" visible="true" user="OSMnx"><nd ref="10956470823" /><nd ref="1396858852" /><tag k="ref" v="R148" /><tag k="maxspeed" v="50" /><tag k="highway" v="secondary" /><tag k="lanes" v="2" /><tag k="name" v="Essex Quay" /><tag k="oneway" v="yes" /></way><way changeset="1" id="304634278" uid="1" timestamp="2026-05-15T09:34:42Z" version="1" visible="true" user="OSMnx"><nd ref="389332" /><nd ref="5504143189" /><nd ref="550879544" /><tag k="ref" v="R137" /><tag k="maxspeed" v="30" /><tag k="highway" v="secondary" /><tag k="lanes" v="4" /><tag k="name" v="College Green" /><tag k="oneway" v="no" /></way><way changeset="1" id="317003246" uid="1" timestamp="2026-05-15T09:34:42Z" version="1" visible="true" user="OSMnx"><nd ref="2705523726" /><nd ref="746020044" /><nd ref="746020050" /><nd ref="746020045" /><nd ref="10780370626" /><nd ref="1396858833" /><tag k="ref" v="R137" /><tag k="maxspeed" v="30" /><tag k="highway" v="secondary" /><tag k="lanes" v="4" /><tag k="name" v="Christchurch Place" /><tag k="oneway" v="no" /></way><way changeset="1" id="317003249" uid="1" timestamp="2026-05-15T09:34:42Z" version="1" visible="true" user="OSMnx"><nd ref="1448439" /><nd ref="12717659201" /><nd ref="2464758361" /><nd ref="6185220672" /><nd ref="12717659202" /><nd ref="26165637" /><nd ref="1448436" /><tag k="ref" v="R114" /><tag k="maxspeed" v="30" /><tag k="highway" v="secondary" /><tag k="lanes" v="3" /><tag k="name" v="South Great George's Street" /><tag k="oneway" v="no" /></way><way changeset="1" id="360313821" uid="1" timestamp="2026-05-15T09:34:42Z" version="1" visible="true" user="OSMnx"><nd ref="1574285185" /><nd ref="1574285187" /><tag k="ref" v="R108" /><tag k="maxspeed" v="50" /><tag k="highway" v="secondary" /><tag k="lanes" v="3" /><tag k="name" v="High Street" /><tag k="oneway" v="yes" /></way><way changeset="1" id="360313822" uid="1" timestamp="2026-05-15T09:34:42Z" version="1" visible="true" user="OSMnx"><nd ref="2385329737" /><nd ref="1420455242" /><tag k="ref" v="R108" /><tag k="maxspeed" v="50" /><tag k="highway" v="secondary" /><tag k="lanes" v="3" /><tag k="name" v="High Street" /><tag k="oneway" v="yes" /></way><way changeset="1" id="369564011" uid="1" timestamp="2026-05-15T09:34:42Z" version="1" visible="true" user="OSMnx"><nd ref="305304042" /><nd ref="2558913530" /><nd ref="1448439" /><tag k="ref" v="R114" /><tag k="maxspeed" v="30" /><tag k="highway" v="secondary" /><tag k="lanes" v="3" /><tag k="name" v="South Great George's Street" /><tag k="oneway" v="no" /></way><way changeset="1" id="369622779" uid="1" timestamp="2026-05-15T09:34:42Z" version="1" visible="true" user="OSMnx"><nd ref="2385329683" /><nd ref="26912410" /><tag k="ref" v="R137" /><tag k="maxspeed" v="30" /><tag k="highway" v="secondary" /><tag k="lanes" v="2" /><tag k="name" v="Christchurch Place" /><tag k="oneway" v="yes" /></way><way changeset="1" id="369622780" uid="1" timestamp="2026-05-15T09:34:42Z" version="1" visible="true" user="OSMnx"><nd ref="2705523720" /><nd ref="2705523726" /><tag k="ref" v="R137" /><tag k="maxspeed" v="30" /><tag k="highway" v="secondary" /><tag k="lanes" v="4" /><tag k="name" v="Christchurch Place" /><tag k="oneway" v="no" /></way><way changeset="1" id="372226836" uid="1" timestamp="2026-05-15T09:34:42Z" version="1" visible="true" user="OSMnx"><nd ref="26912401" /><nd ref="6214288529" /><nd ref="6214434154" /><nd ref="2705322918" /><nd ref="2705322916" /><nd ref="12724374236" /><tag k="maxspeed" v="30" /><tag k="highway" v="unclassified" /><tag k="lanes" v="1" /><tag k="name" v="Castle Street" /><tag k="oneway" v="yes" /></way><way changeset="1" id="372226854" uid="1" timestamp="2026-05-15T09:34:42Z" version="1" visible="true" user="OSMnx"><nd ref="305309135" /><nd ref="12980633015" /><nd ref="8995851515" /><tag k="maxspeed" v="30" /><tag k="highway" v="unclassified" /><tag k="lanes" v="1" /><tag k="name" v="Exchange Street Upper" /><tag k="oneway" v="yes" /></way><way changeset="1" id="372226859" uid="1" timestamp="2026-05-15T09:34:42Z" version="1" visible="true" user="OSMnx"><nd ref="11661938739" /><nd ref="3395699546" /><nd ref="1396858845" /><nd ref="1396858844" /><nd ref="1396858843" /><nd ref="3395696972" /><nd ref="3395696970" /><nd ref="1396858842" /><nd ref="1396858839" /><tag k="maxspeed" v="30" /><tag k="highway" v="unclassified" /><tag k="lanes" v="2" /><tag k="name" v="Fishamble Street" /><tag k="oneway" v="yes" /></way><way changeset="1" id="372226873" uid="1" timestamp="2026-05-15T09:34:42Z" version="1" visible="true" user="OSMnx"><nd ref="1426048961" /><nd ref="9007677170" /><tag k="ref" v="R137" /><tag k="maxspeed" v="50" /><tag k="highway" v="secondary" /><tag k="lanes" v="3" /><tag k="name" v="Nicholas Street" /><tag k="oneway" v="yes" /></way><way changeset="1" id="372226878" uid="1" timestamp="2026-05-15T09:34:42Z" version="1" visible="true" user="OSMnx"><nd ref="4460729969" /><nd ref="51510558" /><nd ref="2522022629" /><nd ref="2363474214" /><nd ref="13233638305" /><nd ref="2522022630" /><nd ref="51510555" /><nd ref="2522022631" /><nd ref="10287815238" /><nd ref="51510553" /><nd ref="2522022632" /><nd ref="51510551" /><nd ref="11742165391" /><nd ref="11742165398" /><nd ref="11742165396" /><nd ref="26165126" /><tag k="maxspeed" v="30" /><tag k="highway" v="tertiary" /><tag k="lanes" v="2" /><tag k="name" v="Stephen Street Upper" /><tag k="oneway" v="yes" /></way><way changeset="1" id="372245387" uid="1" timestamp="2026-05-15T09:34:42Z" version="1" visible="true" user="OSMnx"><nd ref="3451159937" /><nd ref="5857257654" /><nd ref="2866940434" /><nd ref="3155917255" /><nd ref="3155917257" /><nd ref="10746776405" /><nd ref="1396845249" /><tag k="maxspeed" v="30" /><tag k="highway" v="residential" /><tag k="name" v="Arran Street East" /><tag k="oneway" v="yes" /></way><way changeset="1" id="375772040" uid="1" timestamp="2026-05-15T09:34:42Z" version="1" visible="true" user="OSMnx"><nd ref="3791173555" /><nd ref="10956454830" /><tag k="ref" v="L1584" /><tag k="maxspeed" v="30" /><tag k="highway" v="tertiary" /><tag k="lanes" v="2" /><tag k="bridge" v="yes" /><tag k="name" v="Grattan Bridge" /><tag k="oneway" v="yes" /></way><way changeset="1" id="376394517" uid="1" timestamp="2026-05-15T09:34:42Z" version="1" visible="true" user="OSMnx"><nd ref="10677764803" /><nd ref="262366031" /><tag k="maxspeed" v="50" /><tag k="highway" v="tertiary" /><tag k="lanes" v="3" /><tag k="bridge" v="yes" /><tag k="name" v="O'Donovan Rossa Bridge" /><tag k="oneway" v="yes" /></way><way changeset="1" id="416936759" uid="1" timestamp="2026-05-15T09:34:42Z" version="1" visible="true" user="OSMnx"><nd ref="3211234666" /><nd ref="26912402" /><nd ref="12724374238" /><tag k="maxspeed" v="30" /><tag k="highway" v="unclassified" /><tag k="lanes" v="1" /><tag k="name" v="Castle Street" /><tag k="oneway" v="yes" /></way><way changeset="1" id="418991182" uid="1" timestamp="2026-05-15T09:34:42Z" version="1" visible="true" user="OSMnx"><nd ref="3211234674" /><nd ref="3211234673" /><nd ref="26912396" /><nd ref="1514046910" /><nd ref="3211234666" /><tag k="maxspeed" v="30" /><tag k="highway" v="unclassified" /><tag k="lanes" v="1" /><tag k="name" v="Castle Street" /><tag k="oneway" v="yes" /></way><way changeset="1" id="556390402" uid="1" timestamp="2026-05-15T09:34:42Z" version="1" visible="true" user="OSMnx"><nd ref="11951143999" /><nd ref="5597069859" /><nd ref="11951122372" /><tag k="ref" v="R148" /><tag k="maxspeed" v="30" /><tag k="highway" v="secondary" /><tag k="lanes" v="3" /><tag k="name" v="Wellington Quay" /><tag k="oneway" v="yes" /></way><way changeset="1" id="666554134" uid="1" timestamp="2026-05-15T09:34:42Z" version="1" visible="true" user="OSMnx"><nd ref="6240707949" /><nd ref="1574285201" /><nd ref="305307347" /><tag k="maxspeed" v="50" /><tag k="highway" v="tertiary" /><tag k="lanes" v="1" /><tag k="name" v="Saint Michael's Hill" /><tag k="oneway" v="yes" /></way><way changeset="1" id="666554135" uid="1" timestamp="2026-05-15T09:34:42Z" version="1" visible="true" user="OSMnx"><nd ref="6240707948" /><nd ref="6240707949" /><tag k="tunnel" v="building_passage" /><tag k="maxspeed" v="50" /><tag k="highway" v="tertiary" /><tag k="lanes" v="1" /><tag k="name" v="Saint Michael's Hill" /><tag k="oneway" v="yes" /></way><way changeset="1" id="668344588" uid="1" timestamp="2026-05-15T09:34:42Z" version="1" visible="true" user="OSMnx"><nd ref="26912118" /><nd ref="1448436" /><tag k="ref" v="R137" /><tag k="maxspeed" v="30" /><tag k="highway" v="secondary" /><tag k="lanes" v="3" /><tag k="name" v="Dame Street" /><tag k="oneway" v="no" /></way><way changeset="1" id="750257529" uid="1" timestamp="2026-05-15T09:34:42Z" version="1" visible="true" user="OSMnx"><nd ref="7015260159" /><nd ref="1573119429" /><tag k="maxspeed" v="30" /><tag k="highway" v="tertiary" /><tag k="lanes" v="2" /><tag k="name" v="Bride Road" /><tag k="oneway" v="yes" /></way><way changeset="1" id="750258565" uid="1" timestamp="2026-05-15T09:34:42Z" version="1" visible="true" user="OSMnx"><nd ref="3585952599" /><nd ref="1573119393" /><nd ref="3585952602" /><nd ref="5458033878" /><nd ref="2385329698" /><nd ref="1573119398" /><tag k="ref" v="R137" /><tag k="maxspeed" v="50" /><tag k="highway" v="secondary" /><tag k="lanes" v="2" /><tag k="name" v="Nicholas Street" /><tag k="oneway" v="yes" /></way><way changeset="1" id="800772121" uid="1" timestamp="2026-05-15T09:34:42Z" version="1" visible="true" user="OSMnx"><nd ref="3125558036" /><nd ref="26907148" /><tag k="ref" v="R148" /><tag k="maxspeed" v="30" /><tag k="highway" v="secondary" /><tag k="lanes" v="2" /><tag k="name" v="Aston Quay" /><tag k="oneway" v="yes" /></way><way changeset="1" id="846644599" uid="1" timestamp="2026-05-15T09:34:42Z" version="1" visible="true" user="OSMnx"><nd ref="1426051354" /><nd ref="26912118" /><tag k="ref" v="R137" /><tag k="maxspeed" v="30" /><tag k="highway" v="secondary" /><tag k="lanes" v="3" /><tag k="name" v="Dame Street" /><tag k="oneway" v="no" /></way><way changeset="1" id="846644600" uid="1" timestamp="2026-05-15T09:34:42Z" version="1" visible="true" user="OSMnx"><nd ref="2705523737" /><nd ref="1426051354" /><tag k="ref" v="R137" /><tag k="maxspeed" v="30" /><tag k="highway" v="secondary" /><tag k="lanes" v="3" /><tag k="name" v="Dame Street" /><tag k="oneway" v="no" /></way><way changeset="1" id="876245198" uid="1" timestamp="2026-05-15T09:34:42Z" version="1" visible="true" user="OSMnx"><nd ref="2468942558" /><nd ref="51509946" /><tag k="maxspeed" v="30" /><tag k="highway" v="tertiary" /><tag k="lanes" v="2" /><tag k="name" v="Bride Street" /><tag k="oneway" v="yes" /></way><way changeset="1" id="876578187" uid="1" timestamp="2026-05-15T09:34:42Z" version="1" visible="true" user="OSMnx"><nd ref="26165156" /><nd ref="2558913528" /><nd ref="2363474215" /><nd ref="2558913529" /><tag k="ref" v="R114" /><tag k="maxspeed" v="30" /><tag k="highway" v="secondary" /><tag k="lanes" v="3" /><tag k="name" v="South Great George's Street" /><tag k="oneway" v="no" /></way><way changeset="1" id="876578188" uid="1" timestamp="2026-05-15T09:34:42Z" version="1" visible="true" user="OSMnx"><nd ref="26165710" /><nd ref="10612578477" /><nd ref="5684729793" /><nd ref="26165708" /><tag k="maxspeed" v="30" /><tag k="highway" v="unclassified" /><tag k="name" v="Drury Street" /><tag k="oneway" v="yes" /></way><way changeset="1" id="876578189" uid="1" timestamp="2026-05-15T09:34:42Z" version="1" visible="true" user="OSMnx"><nd ref="26165126" /><nd ref="11742165394" /><nd ref="32235240" /><nd ref="12015832636" /><nd ref="12015832635" /><nd ref="12015832634" /><nd ref="26165710" /><tag k="maxspeed" v="30" /><tag k="highway" v="tertiary" /><tag k="lanes" v="1" /><tag k="name" v="Stephen Street Lower" /><tag k="oneway" v="yes" /></way><way changeset="1" id="909788395" uid="1" timestamp="2026-05-15T09:34:42Z" version="1" visible="true" user="OSMnx"><nd ref="1426048972" /><nd ref="1426051353" /><tag k="ref" v="R137" /><tag k="maxspeed" v="50" /><tag k="highway" v="secondary" /><tag k="lanes" v="2" /><tag k="name" v="Nicholas Street" /><tag k="oneway" v="yes" /></way><way changeset="1" id="916034769" uid="1" timestamp="2026-05-15T09:34:42Z" version="1" visible="true" user="OSMnx"><nd ref="2558913529" /><nd ref="305304042" /><tag k="ref" v="R114" /><tag k="maxspeed" v="30" /><tag k="highway" v="secondary" /><tag k="lanes" v="3" /><tag k="name" v="South Great George's Street" /><tag k="oneway" v="no" /></way><way changeset="1" id="921924884" uid="1" timestamp="2026-05-15T09:34:42Z" version="1" visible="true" user="OSMnx"><nd ref="248662985" /><nd ref="8559000147" /><nd ref="2468942558" /><tag k="maxspeed" v="30" /><tag k="highway" v="tertiary" /><tag k="lanes" v="2" /><tag k="name" v="Bride Street" /><tag k="oneway" v="yes" /></way><way changeset="1" id="944540588" uid="1" timestamp="2026-05-15T09:34:42Z" version="1" visible="true" user="OSMnx"><nd ref="12639663" /><nd ref="26166024" /><tag k="ref" v="R148" /><tag k="maxspeed" v="50" /><tag k="highway" v="secondary" /><tag k="lanes" v="3" /><tag k="name" v="Inns Quay" /><tag k="oneway" v="yes" /></way><way changeset="1" id="971955846" uid="1" timestamp="2026-05-15T09:34:42Z" version="1" visible="true" user="OSMnx"><nd ref="1396858839" /><nd ref="10780370623" /><nd ref="10780370625" /><nd ref="1396858837" /><tag k="maxspeed" v="30" /><tag k="highway" v="unclassified" /><tag k="lanes" v="2" /><tag k="name" v="Fishamble Street" /><tag k="oneway" v="yes" /></way><way changeset="1" id="971955847" uid="1" timestamp="2026-05-15T09:34:42Z" version="1" visible="true" user="OSMnx"><nd ref="8995851515" /><nd ref="305306783" /><tag k="maxspeed" v="30" /><tag k="highway" v="unclassified" /><tag k="lanes" v="1" /><tag k="name" v="Exchange Street Upper" /><tag k="oneway" v="yes" /></way><way changeset="1" id="973221250" uid="1" timestamp="2026-05-15T09:34:42Z" version="1" visible="true" user="OSMnx"><nd ref="9007677170" /><nd ref="1426048972" /><tag k="ref" v="R137" /><tag k="maxspeed" v="50" /><tag k="highway" v="secondary" /><tag k="lanes" v="3" /><tag k="name" v="Nicholas Street" /><tag k="oneway" v="yes" /></way><way changeset="1" id="1032401626" uid="1" timestamp="2026-05-15T09:34:42Z" version="1" visible="true" user="OSMnx"><nd ref="26911837" /><nd ref="305305162" /><nd ref="389332" /><tag k="ref" v="R137" /><tag k="maxspeed" v="30" /><tag k="highway" v="secondary" /><tag k="lanes" v="4" /><tag k="name" v="Dame Street" /><tag k="oneway" v="no" /></way><way changeset="1" id="1040718668" uid="1" timestamp="2026-05-15T09:34:42Z" version="1" visible="true" user="OSMnx"><nd ref="1426100484" /><nd ref="1426048964" /><tag k="maxspeed" v="30" /><tag k="highway" v="tertiary" /><tag k="lanes" v="2" /><tag k="name" v="Bride Street" /><tag k="oneway" v="yes" /></way><way changeset="1" id="1047862775" uid="1" timestamp="2026-05-15T09:34:42Z" version="1" visible="true" user="OSMnx"><nd ref="1442755" /><nd ref="1442757" /><nd ref="2374400075" /><nd ref="2831312890" /><tag k="maxspeed" v="30" /><tag k="highway" v="residential" /><tag k="name" v="Jervis Street" /><tag k="oneway" v="no" /></way><way changeset="1" id="1047862776" uid="1" timestamp="2026-05-15T09:34:42Z" version="1" visible="true" user="OSMnx"><nd ref="9635494412" /><nd ref="9635494411" /><tag k="ref" v="R148" /><tag k="maxspeed" v="30" /><tag k="highway" v="secondary" /><tag k="lanes" v="3" /><tag k="name" v="Wellington Quay" /><tag k="oneway" v="yes" /></way><way changeset="1" id="1047862777" uid="1" timestamp="2026-05-15T09:34:42Z" version="1" visible="true" user="OSMnx"><nd ref="11951145290" /><nd ref="389279" /><tag k="ref" v="R148" /><tag k="maxspeed" v="30" /><tag k="highway" v="secondary" /><tag k="lanes" v="3" /><tag k="name" v="Wellington Quay" /><tag k="oneway" v="yes" /></way><way changeset="1" id="1058104073" uid="1" timestamp="2026-05-15T09:34:42Z" version="1" visible="true" user="OSMnx"><nd ref="26868380" /><nd ref="26911822" /><tag k="maxspeed" v="30" /><tag k="highway" v="unclassified" /><tag k="name" v="Essex Street East" /><tag k="width" v="6.6" /><tag k="oneway" v="yes" /></way><way changeset="1" id="1058104074" uid="1" timestamp="2026-05-15T09:34:42Z" version="1" visible="true" user="OSMnx"><nd ref="26911822" /><nd ref="434153495" /><nd ref="9722501108" /><tag k="maxspeed" v="30" /><tag k="highway" v="unclassified" /><tag k="name" v="Essex Street East" /><tag k="oneway" v="yes" /></way><way changeset="1" id="1061460111" uid="1" timestamp="2026-05-15T09:34:42Z" version="1" visible="true" user="OSMnx"><nd ref="2705523718" /><nd ref="2705523720" /><tag k="ref" v="R137" /><tag k="maxspeed" v="30" /><tag k="highway" v="secondary" /><tag k="lanes" v="4" /><tag k="name" v="Christchurch Place" /><tag k="oneway" v="no" /></way><way changeset="1" id="1062391643" uid="1" timestamp="2026-05-15T09:34:42Z" version="1" visible="true" user="OSMnx"><nd ref="26756133" /><nd ref="10937078681" /><nd ref="659784" /><tag k="ref" v="L1441" /><tag k="maxspeed" v="30" /><tag k="highway" v="unclassified" /><tag k="lanes" v="2" /><tag k="name" v="Capel Street" /><tag k="oneway" v="yes" /></way><way changeset="1" id="1062391648" uid="1" timestamp="2026-05-15T09:34:42Z" version="1" visible="true" user="OSMnx"><nd ref="411503278" /><nd ref="10306668146" /><nd ref="10306668145" /><tag k="maxspeed" v="30" /><tag k="highway" v="unclassified" /><tag k="lanes" v="1" /><tag k="name" v="Mary's Abbey" /><tag k="oneway" v="yes" /></way><way changeset="1" id="1062391649" uid="1" timestamp="2026-05-15T09:34:42Z" version="1" visible="true" user="OSMnx"><nd ref="3451318412" /><nd ref="13361756608" /><nd ref="13361756609" /><nd ref="2364275846" /><nd ref="4043189655" /><tag k="ref" v="L5017" /><tag k="maxspeed" v="30" /><tag k="highway" v="residential" /><tag k="lanes" v="1" /><tag k="name" v="Upper Abbey Street" /><tag k="oneway" v="yes" /></way><way changeset="1" id="1076667201" uid="1" timestamp="2026-05-15T09:34:42Z" version="1" visible="true" user="OSMnx"><nd ref="26165708" /><nd ref="9872971598" /><tag k="maxspeed" v="30" /><tag k="highway" v="unclassified" /><tag k="name" v="Drury Street" /><tag k="oneway" v="yes" /></way><way changeset="1" id="1076667202" uid="1" timestamp="2026-05-15T09:34:42Z" version="1" visible="true" user="OSMnx"><nd ref="9872940981" /><nd ref="10743755510" /><nd ref="2705755588" /><nd ref="26165229" /><tag k="maxspeed" v="30" /><tag k="highway" v="unclassified" /><tag k="name" v="Drury Street" /><tag k="oneway" v="no" /></way><way changeset="1" id="1103176192" uid="1" timestamp="2026-05-15T09:34:42Z" version="1" visible="true" user="OSMnx"><nd ref="621545491" /><nd ref="3155917256" /><nd ref="14955927" /><tag k="maxspeed" v="30" /><tag k="highway" v="residential" /><tag k="lanes" v="2" /><tag k="name" v="Beresford Street" /><tag k="oneway" v="no" /></way><way changeset="1" id="1117920099" uid="1" timestamp="2026-05-15T09:34:42Z" version="1" visible="true" user="OSMnx"><nd ref="3451159945" /><nd ref="3451159944" /><nd ref="4043189654" /><nd ref="2576422873" /><nd ref="10224638917" /><nd ref="2369340286" /><tag k="maxspeed" v="30" /><tag k="highway" v="residential" /><tag k="name" v="Greek Street" /><tag k="oneway" v="yes" /></way><way changeset="1" id="1117920100" uid="1" timestamp="2026-05-15T09:34:42Z" version="1" visible="true" user="OSMnx"><nd ref="10224464997" /><nd ref="2869485825" /><nd ref="4043189647" /><nd ref="3451159945" /><tag k="maxspeed" v="30" /><tag k="highway" v="residential" /><tag k="name" v="Chancery Place" /><tag k="oneway" v="yes" /></way><way changeset="1" id="1126998263" uid="1" timestamp="2026-05-15T09:34:42Z" version="1" visible="true" user="OSMnx"><nd ref="2831312890" /><nd ref="4043190919" /><nd ref="3451120784" /><nd ref="1442749" /><nd ref="2831312889" /><nd ref="13760653120" /><tag k="maxspeed" v="30" /><tag k="highway" v="residential" /><tag k="name" v="Jervis Street" /><tag k="oneway" v="no" /></way><way changeset="1" id="1127316052" uid="1" timestamp="2026-05-15T09:34:42Z" version="1" visible="true" user="OSMnx"><nd ref="10306668145" /><nd ref="3451181341" /><nd ref="3451159937" /><tag k="maxspeed" v="30" /><tag k="highway" v="unclassified" /><tag k="name" v="Arran Street East" /><tag k="oneway" v="yes" /></way><way changeset="1" id="1127336981" uid="1" timestamp="2026-05-15T09:34:42Z" version="1" visible="true" user="OSMnx"><nd ref="4043190918" /><nd ref="3451318412" /><tag k="ref" v="L5017" /><tag k="maxspeed" v="30" /><tag k="highway" v="residential" /><tag k="lanes" v="1" /><tag k="name" v="Upper Abbey Street" /><tag k="oneway" v="yes" /></way><way changeset="1" id="1132213866" uid="1" timestamp="2026-05-15T09:34:42Z" version="1" visible="true" user="OSMnx"><nd ref="26756133" /><nd ref="411503264" /><nd ref="2364275845" /><nd ref="411503265" /><tag k="maxspeed" v="30" /><tag k="highway" v="residential" /><tag k="name" v="Little Strand Street" /><tag k="oneway" v="no" /></way><way changeset="1" id="1138486510" uid="1" timestamp="2026-05-15T09:34:42Z" version="1" visible="true" user="OSMnx"><nd ref="1573119429" /><nd ref="1430847297" /><tag k="maxspeed" v="30" /><tag k="highway" v="tertiary" /><tag k="lanes" v="2" /><tag k="name" v="Bride Road" /><tag k="oneway" v="yes" /></way><way changeset="1" id="1155449048" uid="1" timestamp="2026-05-15T09:34:42Z" version="1" visible="true" user="OSMnx"><nd ref="3399745651" /><nd ref="12639666" /><tag k="maxspeed" v="50" /><tag k="highway" v="tertiary" /><tag k="lanes" v="2" /><tag k="name" v="Winetavern Street" /><tag k="oneway" v="yes" /></way><way changeset="1" id="1155449049" uid="1" timestamp="2026-05-15T09:34:42Z" version="1" visible="true" user="OSMnx"><nd ref="12639666" /><nd ref="544418873" /><nd ref="10956461388" /><tag k="maxspeed" v="50" /><tag k="highway" v="tertiary" /><tag k="lanes" v="2" /><tag k="name" v="Winetavern Street" /><tag k="oneway" v="yes" /></way><way changeset="1" id="1179643848" uid="1" timestamp="2026-05-15T09:34:42Z" version="1" visible="true" user="OSMnx"><nd ref="1396858852" /><nd ref="10956461379" /><tag k="ref" v="R148" /><tag k="maxspeed" v="50" /><tag k="highway" v="secondary" /><tag k="lanes" v="4" /><tag k="name" v="Wood Quay" /><tag k="oneway" v="yes" /></way><way changeset="1" id="1179643849" uid="1" timestamp="2026-05-15T09:34:42Z" version="1" visible="true" user="OSMnx"><nd ref="10956461382" /><nd ref="12639664" /><tag k="ref" v="R148" /><tag k="maxspeed" v="50" /><tag k="highway" v="secondary" /><tag k="lanes" v="4" /><tag k="name" v="Wood Quay" /><tag k="oneway" v="yes" /></way><way changeset="1" id="1179643850" uid="1" timestamp="2026-05-15T09:34:42Z" version="1" visible="true" user="OSMnx"><nd ref="10956461380" /><nd ref="10956461381" /><nd ref="10956461382" /><tag k="ref" v="R148" /><tag k="maxspeed" v="50" /><tag k="highway" v="secondary" /><tag k="lanes" v="4" /><tag k="name" v="Wood Quay" /><tag k="oneway" v="yes" /></way><way changeset="1" id="1179643851" uid="1" timestamp="2026-05-15T09:34:42Z" version="1" visible="true" user="OSMnx"><nd ref="12639664" /><nd ref="10956461384" /><tag k="ref" v="R148" /><tag k="maxspeed" v="50" /><tag k="highway" v="secondary" /><tag k="lanes" v="3" /><tag k="name" v="Merchant's Quay" /><tag k="oneway" v="yes" /></way><way changeset="1" id="1179643853" uid="1" timestamp="2026-05-15T09:34:42Z" version="1" visible="true" user="OSMnx"><nd ref="262366032" /><nd ref="10956461387" /><nd ref="10956461386" /><tag k="maxspeed" v="50" /><tag k="highway" v="tertiary" /><tag k="lanes" v="3" /><tag k="bridge" v="yes" /><tag k="name" v="O'Donovan Rossa Bridge" /><tag k="oneway" v="yes" /></way><way changeset="1" id="1179643854" uid="1" timestamp="2026-05-15T09:34:42Z" version="1" visible="true" user="OSMnx"><nd ref="10956461390" /><nd ref="12639664" /><tag k="maxspeed" v="50" /><tag k="highway" v="tertiary" /><tag k="name" v="Winetavern Street" /><tag k="oneway" v="no" /></way><way changeset="1" id="1179643855" uid="1" timestamp="2026-05-15T09:34:42Z" version="1" visible="true" user="OSMnx"><nd ref="10956461388" /><nd ref="10956461389" /><nd ref="10050840446" /><tag k="maxspeed" v="50" /><tag k="highway" v="tertiary" /><tag k="lanes" v="2" /><tag k="name" v="Winetavern Street" /><tag k="oneway" v="yes" /></way><way changeset="1" id="1179643856" uid="1" timestamp="2026-05-15T09:34:42Z" version="1" visible="true" user="OSMnx"><nd ref="10050840446" /><nd ref="10956461390" /><tag k="maxspeed" v="50" /><tag k="highway" v="tertiary" /><tag k="name" v="Winetavern Street" /><tag k="oneway" v="no" /></way><way changeset="1" id="1179644327" uid="1" timestamp="2026-05-15T09:34:42Z" version="1" visible="true" user="OSMnx"><nd ref="10956470824" /><nd ref="10956470823" /><tag k="ref" v="R148" /><tag k="maxspeed" v="50" /><tag k="highway" v="secondary" /><tag k="lanes" v="2" /><tag k="name" v="Essex Quay" /><tag k="oneway" v="yes" /></way><way changeset="1" id="1179644328" uid="1" timestamp="2026-05-15T09:34:42Z" version="1" visible="true" user="OSMnx"><nd ref="2957809408" /><nd ref="10956470824" /><tag k="ref" v="R148" /><tag k="maxspeed" v="50" /><tag k="highway" v="secondary" /><tag k="lanes" v="2" /><tag k="name" v="Essex Quay" /><tag k="oneway" v="yes" /></way><way changeset="1" id="1179644329" uid="1" timestamp="2026-05-15T09:34:42Z" version="1" visible="true" user="OSMnx"><nd ref="10956470825" /><nd ref="2957809408" /><tag k="ref" v="R148" /><tag k="maxspeed" v="30" /><tag k="highway" v="secondary" /><tag k="lanes" v="2" /><tag k="name" v="Essex Quay" /><tag k="oneway" v="yes" /></way><way changeset="1" id="1179644970" uid="1" timestamp="2026-05-15T09:34:42Z" version="1" visible="true" user="OSMnx"><nd ref="10956454830" /><nd ref="10956454831" /><nd ref="10956454835" /><nd ref="344982488" /><tag k="ref" v="L1584" /><tag k="maxspeed" v="30" /><tag k="highway" v="tertiary" /><tag k="lanes" v="2" /><tag k="bridge" v="yes" /><tag k="access" v="yes" /><tag k="name" v="Grattan Bridge" /><tag k="oneway" v="yes" /></way><way changeset="1" id="1179644971" uid="1" timestamp="2026-05-15T09:34:42Z" version="1" visible="true" user="OSMnx"><nd ref="9635494411" /><nd ref="10956454832" /><tag k="ref" v="R148" /><tag k="maxspeed" v="30" /><tag k="highway" v="secondary" /><tag k="lanes" v="3" /><tag k="name" v="Wellington Quay" /><tag k="oneway" v="yes" /></way><way changeset="1" id="1179644972" uid="1" timestamp="2026-05-15T09:34:42Z" version="1" visible="true" user="OSMnx"><nd ref="10956454832" /><nd ref="11951145291" /><nd ref="11951145290" /><tag k="ref" v="R148" /><tag k="maxspeed" v="30" /><tag k="highway" v="secondary" /><tag k="lanes" v="3" /><tag k="name" v="Wellington Quay" /><tag k="oneway" v="yes" /></way><way changeset="1" id="1254511870" uid="1" timestamp="2026-05-15T09:34:42Z" version="1" visible="true" user="OSMnx"><nd ref="11661938740" /><nd ref="305306642" /><tag k="maxspeed" v="30" /><tag k="highway" v="unclassified" /><tag k="lanes" v="1" /><tag k="name" v="Fishamble Street" /><tag k="oneway" v="yes" /></way><way changeset="1" id="1254511871" uid="1" timestamp="2026-05-15T09:34:42Z" version="1" visible="true" user="OSMnx"><nd ref="305306642" /><nd ref="11661938739" /><tag k="maxspeed" v="30" /><tag k="highway" v="unclassified" /><tag k="lanes" v="2" /><tag k="name" v="Fishamble Street" /><tag k="oneway" v="yes" /></way><way changeset="1" id="1254511872" uid="1" timestamp="2026-05-15T09:34:42Z" version="1" visible="true" user="OSMnx"><nd ref="1396858852" /><nd ref="11661938740" /><tag k="maxspeed" v="50" /><tag k="highway" v="unclassified" /><tag k="lanes" v="1" /><tag k="name" v="Fishamble Street" /><tag k="oneway" v="yes" /></way><way changeset="1" id="1254511878" uid="1" timestamp="2026-05-15T09:34:42Z" version="1" visible="true" user="OSMnx"><nd ref="6214434169" /><nd ref="11661938748" /><tag k="maxspeed" v="30" /><tag k="highway" v="unclassified" /><tag k="lanes" v="1" /><tag k="name" v="Fishamble Street" /><tag k="oneway" v="yes" /></way><way changeset="1" id="1254511880" uid="1" timestamp="2026-05-15T09:34:42Z" version="1" visible="true" user="OSMnx"><nd ref="11661938751" /><nd ref="11661938741" /><nd ref="6214434169" /><tag k="maxspeed" v="30" /><tag k="highway" v="unclassified" /><tag k="lanes" v="1" /><tag k="name" v="Fishamble Street" /><tag k="oneway" v="yes" /></way><way changeset="1" id="1263872043" uid="1" timestamp="2026-05-15T09:34:42Z" version="1" visible="true" user="OSMnx"><nd ref="11742165399" /><nd ref="11742165395" /><nd ref="26165126" /><tag k="ref" v="R114" /><tag k="maxspeed" v="30" /><tag k="highway" v="secondary" /><tag k="lanes" v="2" /><tag k="name" v="Aungier Street" /><tag k="oneway" v="no" /></way><way changeset="1" id="1263872044" uid="1" timestamp="2026-05-15T09:34:42Z" version="1" visible="true" user="OSMnx"><nd ref="11742165392" /><nd ref="11742165399" /><tag k="ref" v="R114" /><tag k="maxspeed" v="30" /><tag k="highway" v="secondary" /><tag k="lanes" v="2" /><tag k="name" v="Aungier Street" /><tag k="oneway" v="no" /></way><way changeset="1" id="1263872045" uid="1" timestamp="2026-05-15T09:34:42Z" version="1" visible="true" user="OSMnx"><nd ref="26165126" /><nd ref="2558913525" /><nd ref="11742165397" /><nd ref="11742165393" /><tag k="ref" v="R114" /><tag k="maxspeed" v="30" /><tag k="highway" v="secondary" /><tag k="lanes" v="3" /><tag k="name" v="South Great George's Street" /><tag k="oneway" v="no" /></way><way changeset="1" id="1288829638" uid="1" timestamp="2026-05-15T09:34:42Z" version="1" visible="true" user="OSMnx"><nd ref="11951143997" /><nd ref="577470678" /><nd ref="9635494412" /><tag k="ref" v="R148" /><tag k="maxspeed" v="30" /><tag k="highway" v="secondary" /><tag k="lanes" v="3" /><tag k="name" v="Wellington Quay" /><tag k="oneway" v="yes" /></way><way changeset="1" id="1288829639" uid="1" timestamp="2026-05-15T09:34:42Z" version="1" visible="true" user="OSMnx"><nd ref="11951122372" /><nd ref="549665019" /><nd ref="11951143997" /><tag k="ref" v="R148" /><tag k="maxspeed" v="30" /><tag k="highway" v="secondary" /><tag k="lanes" v="3" /><tag k="name" v="Wellington Quay" /><tag k="oneway" v="yes" /></way><way changeset="1" id="1288829640" uid="1" timestamp="2026-05-15T09:34:42Z" version="1" visible="true" user="OSMnx"><nd ref="279364511" /><nd ref="11951143999" /><tag k="ref" v="R148" /><tag k="maxspeed" v="30" /><tag k="highway" v="secondary" /><tag k="lanes" v="3" /><tag k="name" v="Wellington Quay" /><tag k="oneway" v="yes" /></way><way changeset="1" id="1288829641" uid="1" timestamp="2026-05-15T09:34:42Z" version="1" visible="true" user="OSMnx"><nd ref="11951143998" /><nd ref="279364511" /><tag k="ref" v="R148" /><tag k="maxspeed" v="30" /><tag k="highway" v="secondary" /><tag k="lanes" v="2" /><tag k="name" v="Wellington Quay" /><tag k="oneway" v="yes" /></way><way changeset="1" id="1288829647" uid="1" timestamp="2026-05-15T09:34:42Z" version="1" visible="true" user="OSMnx"><nd ref="26911362" /><nd ref="11951144006" /><tag k="ref" v="R148" /><tag k="maxspeed" v="30" /><tag k="highway" v="secondary" /><tag k="lanes" v="2" /><tag k="name" v="Wellington Quay" /><tag k="oneway" v="yes" /></way><way changeset="1" id="1288829648" uid="1" timestamp="2026-05-15T09:34:42Z" version="1" visible="true" user="OSMnx"><nd ref="11951144006" /><nd ref="5376849365" /><nd ref="11951144007" /><tag k="ref" v="R148" /><tag k="maxspeed" v="30" /><tag k="highway" v="secondary" /><tag k="lanes" v="2" /><tag k="name" v="Wellington Quay" /><tag k="oneway" v="yes" /></way><way changeset="1" id="1288830596" uid="1" timestamp="2026-05-15T09:34:42Z" version="1" visible="true" user="OSMnx"><nd ref="389279" /><nd ref="11951145292" /><tag k="ref" v="R148" /><tag k="maxspeed" v="30" /><tag k="highway" v="secondary" /><tag k="lanes" v="2" /><tag k="name" v="Essex Quay" /><tag k="oneway" v="yes" /></way><way changeset="1" id="1293310464" uid="1" timestamp="2026-05-15T09:34:42Z" version="1" visible="true" user="OSMnx"><nd ref="10224638924" /><nd ref="4043189651" /><nd ref="10224638925" /><nd ref="10224636509" /><nd ref="10224636508" /><nd ref="4043189649" /><tag k="maxspeed" v="30" /><tag k="highway" v="unclassified" /><tag k="lanes" v="1" /><tag k="name" v="Chancery Street" /><tag k="oneway" v="yes" /></way><way changeset="1" id="1293310465" uid="1" timestamp="2026-05-15T09:34:42Z" version="1" visible="true" user="OSMnx"><nd ref="4043189649" /><nd ref="4043189650" /><tag k="maxspeed" v="30" /><tag k="highway" v="unclassified" /><tag k="lanes" v="1" /><tag k="name" v="Chancery Street" /><tag k="oneway" v="yes" /></way><way changeset="1" id="1293310466" uid="1" timestamp="2026-05-15T09:34:42Z" version="1" visible="true" user="OSMnx"><nd ref="411193756" /><nd ref="3930982283" /><nd ref="411193754" /><tag k="maxspeed" v="30" /><tag k="highway" v="residential" /><tag k="lanes" v="1" /><tag k="name" v="Ormond Square" /><tag k="oneway" v="no" /></way><way changeset="1" id="1293310467" uid="1" timestamp="2026-05-15T09:34:42Z" version="1" visible="true" user="OSMnx"><nd ref="411193754" /><nd ref="13761170651" /><nd ref="13761170650" /><nd ref="26166024" /><tag k="maxspeed" v="30" /><tag k="highway" v="residential" /><tag k="name" v="Charles Street West" /><tag k="oneway" v="yes" /></way><way changeset="1" id="1312930426" uid="1" timestamp="2026-05-15T09:34:42Z" version="1" visible="true" user="OSMnx"><nd ref="559481844" /><nd ref="1426051372" /><tag k="maxspeed" v="30" /><tag k="highway" v="residential" /><tag k="name" v="Fleet Street" /><tag k="oneway" v="yes" /></way><way changeset="1" id="1315965089" uid="1" timestamp="2026-05-15T09:34:42Z" version="1" visible="true" user="OSMnx"><nd ref="1426048980" /><nd ref="1426048974" /><tag k="maxspeed" v="30" /><tag k="highway" v="unclassified" /><tag k="name" v="Ship Street Little" /><tag k="oneway" v="no" /></way><way changeset="1" id="1315965287" uid="1" timestamp="2026-05-15T09:34:42Z" version="1" visible="true" user="OSMnx"><nd ref="2879981031" /><nd ref="9842761492" /><nd ref="13241052094" /><nd ref="1426100484" /><tag k="maxspeed" v="30" /><tag k="highway" v="tertiary" /><tag k="lanes" v="2" /><tag k="name" v="Werburgh Street" /><tag k="oneway" v="yes" /></way><way changeset="1" id="1330444412" uid="1" timestamp="2026-05-15T09:34:42Z" version="1" visible="true" user="OSMnx"><nd ref="1442759" /><nd ref="12309784916" /><tag k="ref" v="R148" /><tag k="maxspeed" v="30" /><tag k="highway" v="secondary" /><tag k="lanes" v="3" /><tag k="name" v="Bachelors Walk" /><tag k="oneway" v="yes" /></way><way changeset="1" id="1374276455" uid="1" timestamp="2026-05-15T09:34:42Z" version="1" visible="true" user="OSMnx"><nd ref="26912404" /><nd ref="6224327367" /><nd ref="12724374235" /><tag k="maxspeed" v="30" /><tag k="highway" v="tertiary" /><tag k="lanes" v="2" /><tag k="name" v="Werburgh Street" /><tag k="oneway" v="yes" /></way><way changeset="1" id="1374276456" uid="1" timestamp="2026-05-15T09:34:42Z" version="1" visible="true" user="OSMnx"><nd ref="12724374233" /><nd ref="26912404" /><tag k="maxspeed" v="30" /><tag k="highway" v="tertiary" /><tag k="lanes" v="1" /><tag k="name" v="Werburgh Street" /><tag k="oneway" v="yes" /></way><way changeset="1" id="1374276457" uid="1" timestamp="2026-05-15T09:34:42Z" version="1" visible="true" user="OSMnx"><nd ref="12724374236" /><nd ref="12724374234" /><nd ref="6224327342" /><nd ref="2468943038" /><nd ref="26912404" /><tag k="maxspeed" v="30" /><tag k="highway" v="unclassified" /><tag k="lanes" v="1" /><tag k="name" v="Castle Street" /><tag k="oneway" v="yes" /></way><way changeset="1" id="1374276458" uid="1" timestamp="2026-05-15T09:34:42Z" version="1" visible="true" user="OSMnx"><nd ref="12724374237" /><nd ref="26912401" /><tag k="maxspeed" v="30" /><tag k="highway" v="unclassified" /><tag k="lanes" v="1" /><tag k="name" v="Castle Street" /><tag k="oneway" v="yes" /></way><way changeset="1" id="1374276459" uid="1" timestamp="2026-05-15T09:34:42Z" version="1" visible="true" user="OSMnx"><nd ref="12724374238" /><nd ref="12724374237" /><tag k="maxspeed" v="30" /><tag k="highway" v="unclassified" /><tag k="lanes" v="1" /><tag k="name" v="Castle Street" /><tag k="oneway" v="yes" /></way><way changeset="1" id="1374276460" uid="1" timestamp="2026-05-15T09:34:42Z" version="1" visible="true" user="OSMnx"><nd ref="2504628946" /><nd ref="12724374245" /><nd ref="3211234674" /><tag k="maxspeed" v="30" /><tag k="highway" v="unclassified" /><tag k="lanes" v="1" /><tag k="name" v="Castle Street" /><tag k="oneway" v="yes" /></way><way changeset="1" id="1374276463" uid="1" timestamp="2026-05-15T09:34:42Z" version="1" visible="true" user="OSMnx"><nd ref="26912398" /><nd ref="12724374241" /><tag k="maxspeed" v="30" /><tag k="highway" v="unclassified" /><tag k="name" v="Cork Hill" /><tag k="oneway" v="yes" /></way><way changeset="1" id="1374276464" uid="1" timestamp="2026-05-15T09:34:42Z" version="1" visible="true" user="OSMnx"><nd ref="12724374241" /><nd ref="7576866719" /><tag k="maxspeed" v="30" /><tag k="highway" v="unclassified" /><tag k="name" v="Cork Hill" /><tag k="oneway" v="yes" /></way><way changeset="1" id="1374276465" uid="1" timestamp="2026-05-15T09:34:42Z" version="1" visible="true" user="OSMnx"><nd ref="7576866719" /><nd ref="12724374242" /><tag k="maxspeed" v="30" /><tag k="highway" v="unclassified" /><tag k="name" v="Cork Hill" /><tag k="oneway" v="yes" /></way><way changeset="1" id="1374276466" uid="1" timestamp="2026-05-15T09:34:42Z" version="1" visible="true" user="OSMnx"><nd ref="3211234671" /><nd ref="12724374244" /><nd ref="12724374245" /><tag k="maxspeed" v="30" /><tag k="highway" v="unclassified" /><tag k="oneway" v="no" /></way><way changeset="1" id="1434431114" uid="1" timestamp="2026-05-15T09:34:42Z" version="1" visible="true" user="OSMnx"><nd ref="12980627340" /><nd ref="544365320" /><tag k="ref" v="R137" /><tag k="maxspeed" v="30" /><tag k="highway" v="secondary" /><tag k="lanes" v="3" /><tag k="name" v="Dame Street" /><tag k="oneway" v="no" /></way><way changeset="1" id="1434431115" uid="1" timestamp="2026-05-15T09:34:42Z" version="1" visible="true" user="OSMnx"><nd ref="544365320" /><nd ref="2705523737" /><tag k="ref" v="R137" /><tag k="maxspeed" v="30" /><tag k="highway" v="secondary" /><tag k="lanes" v="3" /><tag k="name" v="Dame Street" /><tag k="oneway" v="no" /></way><way changeset="1" id="1447134638" uid="1" timestamp="2026-05-15T09:34:42Z" version="1" visible="true" user="OSMnx"><nd ref="9773888383" /><nd ref="344982489" /><tag k="ref" v="L1584" /><tag k="maxspeed" v="30" /><tag k="highway" v="tertiary" /><tag k="lanes" v="2" /><tag k="name" v="Grattan Bridge" /><tag k="oneway" v="yes" /></way><way changeset="1" id="1478689539" uid="1" timestamp="2026-05-15T09:34:42Z" version="1" visible="true" user="OSMnx"><nd ref="1442755" /><nd ref="2376855614" /><nd ref="13565426318" /><tag k="maxspeed" v="30" /><tag k="highway" v="unclassified" /><tag k="name" v="Great Strand Street" /><tag k="oneway" v="yes" /></way><way changeset="1" id="1478689540" uid="1" timestamp="2026-05-15T09:34:42Z" version="1" visible="true" user="OSMnx"><nd ref="13565426318" /><nd ref="631814620" /><nd ref="26756133" /><tag k="maxspeed" v="30" /><tag k="highway" v="unclassified" /><tag k="name" v="Great Strand Street" /><tag k="oneway" v="yes" /></way></osm>