<?xml version='1.0' encoding='utf-8'?>
<osm attribution="https://www.openstreetmap.org/copyright" copyright="OpenStreetMap and contributors" generator="OSMnx 2.1.0" license="https://opendatacommons.org/licenses/odbl/1-0/" version="0.6"><bounds minlon="-6.2695636" minlat="53.3135163" maxlon="-6.2334336" maxlat="53.3350892" /><node changeset="1" timestamp="2026-05-15T09:34:42Z" user="OSMnx" lat="53.3325969" uid="1" id="389676" version="1" lon="-6.2648597" visible="true"><tag k="junction" v="yes" /></node><node changeset="1" timestamp="2026-05-15T09:34:42Z" user="OSMnx" lat="53.3311096" uid="1" id="389677" version="1" lon="-6.2645251" visible="true" /><node changeset="1" timestamp="2026-05-15T09:34:42Z" user="OSMnx" lat="53.3302312" uid="1" id="389678" version="1" lon="-6.2642964" visible="true" /><node changeset="1" timestamp="2026-05-15T09:34:42Z" user="OSMnx" lat="53.3270991" uid="1" id="389679" version="1" lon="-6.2647939" visible="true" /><node changeset="1" timestamp="2026-05-15T09:34:42Z" user="OSMnx" lat="53.3327098" uid="1" id="389680" version="1" lon="-6.2634933" visible="true" /><node changeset="1" timestamp="2026-05-15T09:34:42Z" user="OSMnx" lat="53.3338127" uid="1" id="389681" version="1" lon="-6.2631819" visible="true" /><node changeset="1" timestamp="2026-05-15T09:34:42Z" user="OSMnx" lat="53.333871" uid="1" id="389685" version="1" lon="-6.2651742" visible="true" /><node changeset="1" timestamp="2026-05-15T09:34:42Z" user="OSMnx" lat="53.3322163" uid="1" id="389688" version="1" lon="-6.2529015" visible="true"><tag k="highway" v="crossing" /></node><node changeset="1" timestamp="2026-05-15T09:34:42Z" user="OSMnx" lat="53.3311416" uid="1" id="389701" version="1" lon="-6.2514286" visible="true" /><node changeset="1" timestamp="2026-05-15T09:34:42Z" user="OSMnx" lat="53.3298676" uid="1" id="389702" version="1" lon="-6.249412" visible="true" /><node changeset="1" timestamp="2026-05-15T09:34:42Z" user="OSMnx" lat="53.3292805" uid="1" id="389703" version="1" lon="-6.2483739" visible="true" /><node changeset="1" timestamp="2026-05-15T09:34:42Z" user="OSMnx" lat="53.3276479" uid="1" id="389706" version="1" lon="-6.2444688" visible="true" /><node changeset="1" timestamp="2026-05-15T09:34:42Z" user="OSMnx" lat="53.3257297" uid="1" id="389707" version="1" lon="-6.2419311" visible="true" /><node changeset="1" timestamp="2026-05-15T09:34:42Z" user="OSMnx" lat="53.3249213" uid="1" id="389708" version="1" lon="-6.2407891" visible="true"><tag k="highway" v="traffic_signals" /></node><node changeset="1" timestamp="2026-05-15T09:34:42Z" user="OSMnx" lat="53.3221543" uid="1" id="389710" version="1" lon="-6.2367992" visible="true" /><node changeset="1" timestamp="2026-05-15T09:34:42Z" user="OSMnx" lat="53.3214747" uid="1" id="389711" version="1" lon="-6.2351607" visible="true" /><node changeset="1" timestamp="2026-05-15T09:34:42Z" user="OSMnx" lat="53.3224815" uid="1" id="657357" version="1" lon="-6.2656764" visible="true" /><node changeset="1" timestamp="2026-05-15T09:34:42Z" user="OSMnx" lat="53.3227238" uid="1" id="657358" version="1" lon="-6.2638667" visible="true" /><node changeset="1" timestamp="2026-05-15T09:34:42Z" user="OSMnx" lat="53.3234704" uid="1" id="657360" version="1" lon="-6.2603321" visible="true"><tag k="highway" v="traffic_signals" /></node><node changeset="1" timestamp="2026-05-15T09:34:42Z" user="OSMnx" lat="53.3350115" uid="1" id="658428" version="1" lon="-6.257951" visible="true" /><node changeset="1" timestamp="2026-05-15T09:34:42Z" user="OSMnx" lat="53.3307564" uid="1" id="658431" version="1" lon="-6.2605791" visible="true" /><node changeset="1" timestamp="2026-05-15T09:34:42Z" user="OSMnx" lat="53.330426" uid="1" id="658432" version="1" lon="-6.2601359" visible="true" /><node changeset="1" timestamp="2026-05-15T09:34:42Z" user="OSMnx" lat="53.3298223" uid="1" id="658433" version="1" lon="-6.2595534" visible="true" /><node changeset="1" timestamp="2026-05-15T09:34:42Z" user="OSMnx" lat="53.3294421" uid="1" id="658434" version="1" lon="-6.2592445" visible="true" /><node changeset="1" timestamp="2026-05-15T09:34:42Z" user="OSMnx" lat="53.3291639" uid="1" id="658435" version="1" lon="-6.2590593" visible="true" /><node changeset="1" timestamp="2026-05-15T09:34:42Z" user="OSMnx" lat="53.3285" uid="1" id="658436" version="1" lon="-6.2586855" visible="true" /><node changeset="1" timestamp="2026-05-15T09:34:42Z" user="OSMnx" lat="53.3276349" uid="1" id="658438" version="1" lon="-6.258429" visible="true" /><node changeset="1" timestamp="2026-05-15T09:34:42Z" user="OSMnx" lat="53.3269934" uid="1" id="658440" version="1" lon="-6.2577553" visible="true" /><node changeset="1" timestamp="2026-05-15T09:34:42Z" user="OSMnx" lat="53.3264403" uid="1" id="658443" version="1" lon="-6.2562147" visible="true" /><node changeset="1" timestamp="2026-05-15T09:34:42Z" user="OSMnx" lat="53.3262464" uid="1" id="658444" version="1" lon="-6.2559191" visible="true"><tag k="highway" v="crossing" /></node><node changeset="1" timestamp="2026-05-15T09:34:42Z" user="OSMnx" lat="53.3283753" uid="1" id="658457" version="1" lon="-6.2453968" visible="true" /><node changeset="1" timestamp="2026-05-15T09:34:42Z" user="OSMnx" lat="53.3284931" uid="1" id="658458" version="1" lon="-6.2471604" visible="true" /><node changeset="1" timestamp="2026-05-15T09:34:42Z" user="OSMnx" lat="53.3276973" uid="1" id="658460" version="1" lon="-6.2482629" visible="true" /><node changeset="1" timestamp="2026-05-15T09:34:42Z" user="OSMnx" lat="53.3263304" uid="1" id="658463" version="1" lon="-6.2504686" visible="true"><tag k="highway" v="traffic_signals" /></node><node changeset="1" timestamp="2026-05-15T09:34:42Z" user="OSMnx" lat="53.3344008" uid="1" id="658464" version="1" lon="-6.2552554" visible="true"><tag k="highway" v="traffic_signals" /></node><node changeset="1" timestamp="2026-05-15T09:34:42Z" user="OSMnx" lat="53.3347548" uid="1" id="658465" version="1" lon="-6.2556282" visible="true" /><node changeset="1" timestamp="2026-05-15T09:34:42Z" user="OSMnx" lat="53.329523" uid="1" id="658466" version="1" lon="-6.2499305" visible="true" /><node changeset="1" timestamp="2026-05-15T09:34:42Z" user="OSMnx" lat="53.3205948" uid="1" id="665776" version="1" lon="-6.245079" visible="true" /><node changeset="1" timestamp="2026-05-15T09:34:42Z" user="OSMnx" lat="53.3185992" uid="1" id="665777" version="1" lon="-6.2421097" visible="true" /><node changeset="1" timestamp="2026-05-15T09:34:42Z" user="OSMnx" lat="53.3180839" uid="1" id="665778" version="1" lon="-6.2414301" visible="true" /><node changeset="1" timestamp="2026-05-15T09:34:42Z" user="OSMnx" lat="53.3170851" uid="1" id="665779" version="1" lon="-6.2398246" visible="true" /><node changeset="1" timestamp="2026-05-15T09:34:42Z" user="OSMnx" lat="53.3165557" uid="1" id="665780" version="1" lon="-6.2385436" visible="true" /><node changeset="1" timestamp="2026-05-15T09:34:42Z" user="OSMnx" lat="53.3161393" uid="1" id="665781" version="1" lon="-6.2378168" visible="true" /><node changeset="1" timestamp="2026-05-15T09:34:42Z" user="OSMnx" lat="53.3151551" uid="1" id="665782" version="1" lon="-6.2380903" visible="true" /><node changeset="1" timestamp="2026-05-15T09:34:42Z" user="OSMnx" lat="53.317283" uid="1" id="665783" version="1" lon="-6.2446154" visible="true" /><node changeset="1" timestamp="2026-05-15T09:34:42Z" user="OSMnx" lat="53.3157937" uid="1" id="665784" version="1" lon="-6.2453346" visible="true" /><node changeset="1" timestamp="2026-05-15T09:34:42Z" user="OSMnx" lat="53.3211222" uid="1" id="665785" version="1" lon="-6.2363069" visible="true" /><node changeset="1" timestamp="2026-05-15T09:34:42Z" user="OSMnx" lat="53.3248213" uid="1" id="665794" version="1" lon="-6.2538887" visible="true" /><node changeset="1" timestamp="2026-05-15T09:34:42Z" user="OSMnx" lat="53.3261624" uid="1" id="665809" version="1" lon="-6.25582" visible="true" /><node changeset="1" timestamp="2026-05-15T09:34:42Z" user="OSMnx" lat="53.3252563" uid="1" id="665818" version="1" lon="-6.2548228" visible="true" /><node changeset="1" timestamp="2026-05-15T09:34:42Z" user="OSMnx" lat="53.3219778" uid="1" id="665849" version="1" lon="-6.2595458" visible="true" /><node changeset="1" timestamp="2026-05-15T09:34:42Z" user="OSMnx" lat="53.3208046" uid="1" id="665856" version="1" lon="-6.2595365" visible="true"><tag k="highway" v="traffic_signals" /></node><node changeset="1" timestamp="2026-05-15T09:34:42Z" user="OSMnx" lat="53.3201988" uid="1" id="665860" version="1" lon="-6.2595654" visible="true" /><node changeset="1" timestamp="2026-05-15T09:34:42Z" user="OSMnx" lat="53.3190976" uid="1" id="665861" version="1" lon="-6.2594982" visible="true" /><node changeset="1" timestamp="2026-05-15T09:34:42Z" user="OSMnx" lat="53.3184294" uid="1" id="665862" version="1" lon="-6.2593812" visible="true" /><node changeset="1" timestamp="2026-05-15T09:34:42Z" user="OSMnx" lat="53.3174719" uid="1" id="665863" version="1" lon="-6.2589411" visible="true" /><node changeset="1" timestamp="2026-05-15T09:34:42Z" user="OSMnx" lat="53.326177" uid="1" id="665865" version="1" lon="-6.2510929" visible="true" /><node changeset="1" timestamp="2026-05-15T09:34:42Z" user="OSMnx" lat="53.3254342" uid="1" id="665866" version="1" lon="-6.2526337" visible="true" /><node changeset="1" timestamp="2026-05-15T09:34:42Z" user="OSMnx" lat="53.3211075" uid="1" id="666333" version="1" lon="-6.2540705" visible="true" /><node changeset="1" timestamp="2026-05-15T09:34:42Z" user="OSMnx" lat="53.3227459" uid="1" id="666334" version="1" lon="-6.2544506" visible="true" /><node changeset="1" timestamp="2026-05-15T09:34:42Z" user="OSMnx" lat="53.3235028" uid="1" id="666335" version="1" lon="-6.2541877" visible="true" /><node changeset="1" timestamp="2026-05-15T09:34:42Z" user="OSMnx" lat="53.3239888" uid="1" id="666336" version="1" lon="-6.2539591" visible="true" /><node changeset="1" timestamp="2026-05-15T09:34:42Z" user="OSMnx" lat="53.3211201" uid="1" id="666337" version="1" lon="-6.2529856" visible="true" /><node changeset="1" timestamp="2026-05-15T09:34:42Z" user="OSMnx" lat="53.3226789" uid="1" id="666338" version="1" lon="-6.253039" visible="true" /><node changeset="1" timestamp="2026-05-15T09:34:42Z" user="OSMnx" lat="53.3234386" uid="1" id="666339" version="1" lon="-6.252823" visible="true" /><node changeset="1" timestamp="2026-05-15T09:34:42Z" user="OSMnx" lat="53.3245739" uid="1" id="666355" version="1" lon="-6.2533137" visible="true" /><node changeset="1" timestamp="2026-05-15T09:34:42Z" user="OSMnx" lat="53.3243339" uid="1" id="666360" version="1" lon="-6.2527072" visible="true" /><node changeset="1" timestamp="2026-05-15T09:34:42Z" user="OSMnx" lat="53.3225615" uid="1" id="666361" version="1" lon="-6.2483832" visible="true"><tag k="ref" v="853" /></node><node changeset="1" timestamp="2026-05-15T09:34:42Z" user="OSMnx" lat="53.3228824" uid="1" id="666362" version="1" lon="-6.248979" visible="true" /><node changeset="1" timestamp="2026-05-15T09:34:42Z" user="OSMnx" lat="53.3209916" uid="1" id="666363" version="1" lon="-6.2571331" visible="true" /><node changeset="1" timestamp="2026-05-15T09:34:42Z" user="OSMnx" lat="53.3150975" uid="1" id="666725" version="1" lon="-6.2647223" visible="true" /><node changeset="1" timestamp="2026-05-15T09:34:42Z" user="OSMnx" lat="53.3162715" uid="1" id="666726" version="1" lon="-6.2652489" visible="true" /><node changeset="1" timestamp="2026-05-15T09:34:42Z" user="OSMnx" lat="53.3213408" uid="1" id="666729" version="1" lon="-6.2675625" visible="true" /><node changeset="1" timestamp="2026-05-15T09:34:42Z" user="OSMnx" lat="53.3188625" uid="1" id="666732" version="1" lon="-6.2676305" visible="true" /><node changeset="1" timestamp="2026-05-15T09:34:42Z" user="OSMnx" lat="53.3191127" uid="1" id="666733" version="1" lon="-6.269119" visible="true" /><node changeset="1" timestamp="2026-05-15T09:34:42Z" user="OSMnx" lat="53.3161371" uid="1" id="666739" version="1" lon="-6.2585048" visible="true"><tag k="highway" v="traffic_signals" /></node><node changeset="1" timestamp="2026-05-15T09:34:42Z" user="OSMnx" lat="53.3148332" uid="1" id="666740" version="1" lon="-6.2583243" visible="true" /><node changeset="1" timestamp="2026-05-15T09:34:42Z" user="OSMnx" lat="53.3182952" uid="1" id="666741" version="1" lon="-6.2679198" visible="true" /><node changeset="1" timestamp="2026-05-15T09:34:42Z" user="OSMnx" lat="53.3189143" uid="1" id="666743" version="1" lon="-6.2644077" visible="true" /><node changeset="1" timestamp="2026-05-15T09:34:42Z" user="OSMnx" lat="53.3184809" uid="1" id="666745" version="1" lon="-6.2644086" visible="true" /><node changeset="1" timestamp="2026-05-15T09:34:42Z" user="OSMnx" lat="53.3181572" uid="1" id="666746" version="1" lon="-6.2645072" visible="true" /><node changeset="1" timestamp="2026-05-15T09:34:42Z" user="OSMnx" lat="53.3302493" uid="1" id="9100858" version="1" lon="-6.2502084" visible="true" /><node changeset="1" timestamp="2026-05-15T09:34:42Z" user="OSMnx" lat="53.3305481" uid="1" id="9100859" version="1" lon="-6.2508395" visible="true" /><node changeset="1" timestamp="2026-05-15T09:34:42Z" user="OSMnx" lat="53.3301048" uid="1" id="9100860" version="1" lon="-6.2513357" visible="true" /><node changeset="1" timestamp="2026-05-15T09:34:42Z" user="OSMnx" lat="53.3307099" uid="1" id="9100861" version="1" lon="-6.2519728" visible="true" /><node changeset="1" timestamp="2026-05-15T09:34:42Z" user="OSMnx" lat="53.3310521" uid="1" id="9100863" version="1" lon="-6.2521952" visible="true" /><node changeset="1" timestamp="2026-05-15T09:34:42Z" user="OSMnx" lat="53.3319196" uid="1" id="9100868" version="1" lon="-6.2526732" visible="true"><tag k="ref" v="J57" /><tag k="junction" v="yes" /></node><node changeset="1" timestamp="2026-05-15T09:34:42Z" user="OSMnx" lat="53.3321859" uid="1" id="9100869" version="1" lon="-6.2514969" visible="true" /><node changeset="1" timestamp="2026-05-15T09:34:42Z" user="OSMnx" lat="53.3333928" uid="1" id="9100955" version="1" lon="-6.2541805" visible="true"><tag k="ref" v="846" /></node><node changeset="1" timestamp="2026-05-15T09:34:42Z" user="OSMnx" lat="53.3349863" uid="1" id="9100957" version="1" lon="-6.2538085" visible="true" /><node changeset="1" timestamp="2026-05-15T09:34:42Z" user="OSMnx" lat="53.3322648" uid="1" id="9101069" version="1" lon="-6.2529551" visible="true"><tag k="ref" v="J45" /><tag k="junction" v="yes" /></node><node changeset="1" timestamp="2026-05-15T09:34:42Z" user="OSMnx" lat="53.3322475" uid="1" id="9101070" version="1" lon="-6.2534036" visible="true" /><node changeset="1" timestamp="2026-05-15T09:34:42Z" user="OSMnx" lat="53.332215" uid="1" id="9101071" version="1" lon="-6.2548366" visible="true" /><node changeset="1" timestamp="2026-05-15T09:34:42Z" user="OSMnx" lat="53.3322915" uid="1" id="9101075" version="1" lon="-6.2552588" visible="true" /><node changeset="1" timestamp="2026-05-15T09:34:42Z" user="OSMnx" lat="53.3324863" uid="1" id="9101079" version="1" lon="-6.256361" visible="true"><tag k="highway" v="crossing" /></node><node changeset="1" timestamp="2026-05-15T09:34:42Z" user="OSMnx" lat="53.3327045" uid="1" id="9101081" version="1" lon="-6.2579474" visible="true" /><node changeset="1" timestamp="2026-05-15T09:34:42Z" user="OSMnx" lat="53.3327447" uid="1" id="9101161" version="1" lon="-6.2588741" visible="true" /><node changeset="1" timestamp="2026-05-15T09:34:42Z" user="OSMnx" lat="53.3327948" uid="1" id="9101163" version="1" lon="-6.260075" visible="true" /><node changeset="1" timestamp="2026-05-15T09:34:42Z" user="OSMnx" lat="53.3346" uid="1" id="9101556" version="1" lon="-6.2632052" visible="true" /><node changeset="1" timestamp="2026-05-15T09:34:42Z" user="OSMnx" lat="53.3340931" uid="1" id="21620584" version="1" lon="-6.2630084" visible="true" /><node changeset="1" timestamp="2026-05-15T09:34:42Z" user="OSMnx" lat="53.3327299" uid="1" id="26164989" version="1" lon="-6.262817" visible="true" /><node changeset="1" timestamp="2026-05-15T09:34:42Z" user="OSMnx" lat="53.3339953" uid="1" id="26166033" version="1" lon="-6.2685497" visible="true" /><node changeset="1" timestamp="2026-05-15T09:34:42Z" user="OSMnx" lat="53.3340985" uid="1" id="26166036" version="1" lon="-6.2669825" visible="true" /><node changeset="1" timestamp="2026-05-15T09:34:42Z" user="OSMnx" lat="53.3325867" uid="1" id="26189923" version="1" lon="-6.2533119" visible="true"><tag k="ref" v="J13" /><tag k="junction" v="yes" /></node><node changeset="1" timestamp="2026-05-15T09:34:42Z" user="OSMnx" lat="53.3150154" uid="1" id="26414588" version="1" lon="-6.2458532" visible="true" /><node changeset="1" timestamp="2026-05-15T09:34:42Z" user="OSMnx" lat="53.3138195" uid="1" id="26414591" version="1" lon="-6.2466544" visible="true" /><node changeset="1" timestamp="2026-05-15T09:34:42Z" user="OSMnx" lat="53.3345832" uid="1" id="27434874" version="1" lon="-6.2513245" visible="true" /><node changeset="1" timestamp="2026-05-15T09:34:42Z" user="OSMnx" lat="53.3299501" uid="1" id="29396438" version="1" lon="-6.2642883" visible="true"><tag k="ref" v="J59" /><tag k="junction" v="yes" /></node><node changeset="1" timestamp="2026-05-15T09:34:42Z" user="OSMnx" lat="53.332187" uid="1" id="29400033" version="1" lon="-6.2627179" visible="true" /><node changeset="1" timestamp="2026-05-15T09:34:42Z" user="OSMnx" lat="53.3317271" uid="1" id="29400034" version="1" lon="-6.2620811" visible="true" /><node changeset="1" timestamp="2026-05-15T09:34:42Z" user="OSMnx" lat="53.3314446" uid="1" id="29400035" version="1" lon="-6.2616627" visible="true" /><node changeset="1" timestamp="2026-05-15T09:34:42Z" user="OSMnx" lat="53.3312599" uid="1" id="29400036" version="1" lon="-6.2613838" visible="true" /><node changeset="1" timestamp="2026-05-15T09:34:42Z" user="OSMnx" lat="53.3309304" uid="1" id="29400037" version="1" lon="-6.2608501" visible="true" /><node changeset="1" timestamp="2026-05-15T09:34:42Z" user="OSMnx" lat="53.3305855" uid="1" id="29400038" version="1" lon="-6.2603245" visible="true"><tag k="highway" v="traffic_signals" /></node><node changeset="1" timestamp="2026-05-15T09:34:42Z" user="OSMnx" lat="53.3305212" uid="1" id="29400039" version="1" lon="-6.260242" visible="true"><tag k="highway" v="crossing" /></node><node changeset="1" timestamp="2026-05-15T09:34:42Z" user="OSMnx" lat="53.3303381" uid="1" id="29400040" version="1" lon="-6.2600464" visible="true"><tag k="ref" v="J58" /><tag k="highway" v="traffic_signals" /><tag k="junction" v="yes" /></node><node changeset="1" timestamp="2026-05-15T09:34:42Z" user="OSMnx" lat="53.3343885" uid="1" id="32335006" version="1" lon="-6.2456702" visible="true"><tag k="highway" v="traffic_signals" /></node><node changeset="1" timestamp="2026-05-15T09:34:42Z" user="OSMnx" lat="53.3347221" uid="1" id="32335038" version="1" lon="-6.2370802" visible="true" /><node changeset="1" timestamp="2026-05-15T09:34:42Z" user="OSMnx" lat="53.332199" uid="1" id="32335040" version="1" lon="-6.2353118" visible="true"><tag k="highway" v="traffic_signals" /></node><node changeset="1" timestamp="2026-05-15T09:34:42Z" user="OSMnx" lat="53.3350576" uid="1" id="32335269" version="1" lon="-6.2465076" visible="true" /><node changeset="1" timestamp="2026-05-15T09:34:42Z" user="OSMnx" lat="53.3343203" uid="1" id="32335289" version="1" lon="-6.2455833" visible="true" /><node changeset="1" timestamp="2026-05-15T09:34:42Z" user="OSMnx" lat="53.3340381" uid="1" id="32335290" version="1" lon="-6.2451835" visible="true"><tag k="ref" v="J56" /><tag k="highway" v="traffic_signals" /><tag k="junction" v="yes" /></node><node changeset="1" timestamp="2026-05-15T09:34:42Z" user="OSMnx" lat="53.3336205" uid="1" id="32335401" version="1" lon="-6.2444515" visible="true" /><node changeset="1" timestamp="2026-05-15T09:34:42Z" user="OSMnx" lat="53.3333779" uid="1" id="32335402" version="1" lon="-6.2438635" visible="true" /><node changeset="1" timestamp="2026-05-15T09:34:42Z" user="OSMnx" lat="53.3331677" uid="1" id="32335403" version="1" lon="-6.2432726" visible="true" /><node changeset="1" timestamp="2026-05-15T09:34:42Z" user="OSMnx" lat="53.3329104" uid="1" id="32335404" version="1" lon="-6.2425718" visible="true" /><node changeset="1" timestamp="2026-05-15T09:34:42Z" user="OSMnx" lat="53.3322905" uid="1" id="32335409" version="1" lon="-6.2376096" visible="true" /><node changeset="1" timestamp="2026-05-15T09:34:42Z" user="OSMnx" lat="53.3332457" uid="1" id="32335628" version="1" lon="-6.2495369" visible="true" /><node changeset="1" timestamp="2026-05-15T09:34:42Z" user="OSMnx" lat="53.3343034" uid="1" id="32335689" version="1" lon="-6.2487457" visible="true" /><node changeset="1" timestamp="2026-05-15T09:34:42Z" user="OSMnx" lat="53.3339913" uid="1" id="32335694" version="1" lon="-6.2519169" visible="true" /><node changeset="1" timestamp="2026-05-15T09:34:42Z" user="OSMnx" lat="53.3335949" uid="1" id="32335779" version="1" lon="-6.2508629" visible="true" /><node changeset="1" timestamp="2026-05-15T09:34:42Z" user="OSMnx" lat="53.3334125" uid="1" id="32335861" version="1" lon="-6.2473001" visible="true" /><node changeset="1" timestamp="2026-05-15T09:34:42Z" user="OSMnx" lat="53.3336901" uid="1" id="32335862" version="1" lon="-6.2463972" visible="true" /><node changeset="1" timestamp="2026-05-15T09:34:42Z" user="OSMnx" lat="53.3317572" uid="1" id="32335902" version="1" lon="-6.2536643" visible="true" /><node changeset="1" timestamp="2026-05-15T09:34:42Z" user="OSMnx" lat="53.3314844" uid="1" id="32335903" version="1" lon="-6.2548776" visible="true" /><node changeset="1" timestamp="2026-05-15T09:34:42Z" user="OSMnx" lat="53.330981" uid="1" id="32335904" version="1" lon="-6.2570893" visible="true" /><node changeset="1" timestamp="2026-05-15T09:34:42Z" user="OSMnx" lat="53.3308323" uid="1" id="32335905" version="1" lon="-6.2577717" visible="true" /><node changeset="1" timestamp="2026-05-15T09:34:42Z" user="OSMnx" lat="53.3302917" uid="1" id="32335992" version="1" lon="-6.2602638" visible="true" /><node changeset="1" timestamp="2026-05-15T09:34:42Z" user="OSMnx" lat="53.3301491" uid="1" id="32335994" version="1" lon="-6.2610094" visible="true" /><node changeset="1" timestamp="2026-05-15T09:34:42Z" user="OSMnx" lat="53.3299483" uid="1" id="32335995" version="1" lon="-6.2633962" visible="true" /><node changeset="1" timestamp="2026-05-15T09:34:42Z" user="OSMnx" lat="53.3321538" uid="1" id="32475144" version="1" lon="-6.2528441" visible="true" /><node changeset="1" timestamp="2026-05-15T09:34:42Z" user="OSMnx" lat="53.3319977" uid="1" id="32475145" version="1" lon="-6.2527248" visible="true" /><node changeset="1" timestamp="2026-05-15T09:34:42Z" user="OSMnx" lat="53.33415" uid="1" id="32475146" version="1" lon="-6.245344" visible="true" /><node changeset="1" timestamp="2026-05-15T09:34:42Z" user="OSMnx" lat="53.332465" uid="1" id="32475584" version="1" lon="-6.2683155" visible="true"><tag k="highway" v="traffic_signals" /></node><node changeset="1" timestamp="2026-05-15T09:34:42Z" user="OSMnx" lat="53.3325285" uid="1" id="32475585" version="1" lon="-6.266928" visible="true" /><node changeset="1" timestamp="2026-05-15T09:34:42Z" user="OSMnx" lat="53.3174989" uid="1" id="41175174" version="1" lon="-6.2649074" visible="true" /><node changeset="1" timestamp="2026-05-15T09:34:42Z" user="OSMnx" lat="53.3156875" uid="1" id="43314855" version="1" lon="-6.2377335" visible="true" /><node changeset="1" timestamp="2026-05-15T09:34:42Z" user="OSMnx" lat="53.3162388" uid="1" id="43314895" version="1" lon="-6.2379299" visible="true" /><node changeset="1" timestamp="2026-05-15T09:34:42Z" user="OSMnx" lat="53.3185203" uid="1" id="43326173" version="1" lon="-6.2417176" visible="true"><tag k="highway" v="traffic_signals" /></node><node changeset="1" timestamp="2026-05-15T09:34:42Z" user="OSMnx" lat="53.3184867" uid="1" id="43326175" version="1" lon="-6.2405049" visible="true" /><node changeset="1" timestamp="2026-05-15T09:34:42Z" user="OSMnx" lat="53.3184572" uid="1" id="43326180" version="1" lon="-6.2395401" visible="true" /><node changeset="1" timestamp="2026-05-15T09:34:42Z" user="OSMnx" lat="53.3184724" uid="1" id="43326185" version="1" lon="-6.2380695" visible="true" /><node changeset="1" timestamp="2026-05-15T09:34:42Z" user="OSMnx" lat="53.318737" uid="1" id="43326195" version="1" lon="-6.2358192" visible="true" /><node changeset="1" timestamp="2026-05-15T09:34:42Z" user="OSMnx" lat="53.3189788" uid="1" id="43326199" version="1" lon="-6.2345593" visible="true" /><node changeset="1" timestamp="2026-05-15T09:34:42Z" user="OSMnx" lat="53.3191697" uid="1" id="43326203" version="1" lon="-6.2338669" visible="true" /><node changeset="1" timestamp="2026-05-15T09:34:42Z" user="OSMnx" lat="53.3206248" uid="1" id="43326219" version="1" lon="-6.2344762" visible="true" /><node changeset="1" timestamp="2026-05-15T09:34:42Z" user="OSMnx" lat="53.3207293" uid="1" id="43326227" version="1" lon="-6.2344663" visible="true" /><node changeset="1" timestamp="2026-05-15T09:34:42Z" user="OSMnx" lat="53.3140651" uid="1" id="43551245" version="1" lon="-6.2553541" visible="true" /><node changeset="1" timestamp="2026-05-15T09:34:42Z" user="OSMnx" lat="53.3137885" uid="1" id="43551251" version="1" lon="-6.2546886" visible="true" /><node changeset="1" timestamp="2026-05-15T09:34:42Z" user="OSMnx" lat="53.314172" uid="1" id="43551295" version="1" lon="-6.2554448" visible="true" /><node changeset="1" timestamp="2026-05-15T09:34:42Z" user="OSMnx" lat="53.3146161" uid="1" id="43551301" version="1" lon="-6.2556875" visible="true" /><node changeset="1" timestamp="2026-05-15T09:34:42Z" user="OSMnx" lat="53.3149273" uid="1" id="43551305" version="1" lon="-6.2557334" visible="true" /><node changeset="1" timestamp="2026-05-15T09:34:42Z" user="OSMnx" lat="53.3148997" uid="1" id="43551310" version="1" lon="-6.2564922" visible="true" /><node changeset="1" timestamp="2026-05-15T09:34:42Z" user="OSMnx" lat="53.3239073" uid="1" id="46590502" version="1" lon="-6.2513371" visible="true" /><node changeset="1" timestamp="2026-05-15T09:34:42Z" user="OSMnx" lat="53.3326219" uid="1" id="49245967" version="1" lon="-6.2644261" visible="true" /><node changeset="1" timestamp="2026-05-15T09:34:42Z" user="OSMnx" lat="53.3195664" uid="1" id="50881042" version="1" lon="-6.2433736" visible="true" /><node changeset="1" timestamp="2026-05-15T09:34:42Z" user="OSMnx" lat="53.322883" uid="1" id="50881047" version="1" lon="-6.2381645" visible="true" /><node changeset="1" timestamp="2026-05-15T09:34:42Z" user="OSMnx" lat="53.3220846" uid="1" id="50881053" version="1" lon="-6.236243" visible="true" /><node changeset="1" timestamp="2026-05-15T09:34:42Z" user="OSMnx" lat="53.3223802" uid="1" id="50881063" version="1" lon="-6.2385962" visible="true" /><node changeset="1" timestamp="2026-05-15T09:34:42Z" user="OSMnx" lat="53.3218644" uid="1" id="50881066" version="1" lon="-6.2388616" visible="true" /><node changeset="1" timestamp="2026-05-15T09:34:42Z" user="OSMnx" lat="53.321016" uid="1" id="50881072" version="1" lon="-6.2405572" visible="true" /><node changeset="1" timestamp="2026-05-15T09:34:42Z" user="OSMnx" lat="53.3204593" uid="1" id="50881075" version="1" lon="-6.2417859" visible="true" /><node changeset="1" timestamp="2026-05-15T09:34:42Z" user="OSMnx" lat="53.320176" uid="1" id="50881078" version="1" lon="-6.2423517" visible="true" /><node changeset="1" timestamp="2026-05-15T09:34:42Z" user="OSMnx" lat="53.3240829" uid="1" id="50881084" version="1" lon="-6.2421521" visible="true" /><node changeset="1" timestamp="2026-05-15T09:34:42Z" user="OSMnx" lat="53.3228071" uid="1" id="50881093" version="1" lon="-6.2454564" visible="true" /><node changeset="1" timestamp="2026-05-15T09:34:42Z" user="OSMnx" lat="53.3275257" uid="1" id="53457963" version="1" lon="-6.261587" visible="true" /><node changeset="1" timestamp="2026-05-15T09:34:42Z" user="OSMnx" lat="53.3267887" uid="1" id="53457964" version="1" lon="-6.2613843" visible="true" /><node changeset="1" timestamp="2026-05-15T09:34:42Z" user="OSMnx" lat="53.3261661" uid="1" id="53457965" version="1" lon="-6.2609997" visible="true" /><node changeset="1" timestamp="2026-05-15T09:34:42Z" user="OSMnx" lat="53.3257408" uid="1" id="53457967" version="1" lon="-6.2607583" visible="true" /><node changeset="1" timestamp="2026-05-15T09:34:42Z" user="OSMnx" lat="53.3246324" uid="1" id="53457968" version="1" lon="-6.260517" visible="true" /><node changeset="1" timestamp="2026-05-15T09:34:42Z" user="OSMnx" lat="53.3239999" uid="1" id="53457969" version="1" lon="-6.2604204" visible="true" /><node changeset="1" timestamp="2026-05-15T09:34:42Z" user="OSMnx" lat="53.3289422" uid="1" id="53457971" version="1" lon="-6.262746" visible="true" /><node changeset="1" timestamp="2026-05-15T09:34:42Z" user="OSMnx" lat="53.3298689" uid="1" id="53457974" version="1" lon="-6.2633755" visible="true" /><node changeset="1" timestamp="2026-05-15T09:34:42Z" user="OSMnx" lat="53.3205573" uid="1" id="54829907" version="1" lon="-6.2623753" visible="true" /><node changeset="1" timestamp="2026-05-15T09:34:42Z" user="OSMnx" lat="53.3207369" uid="1" id="54829910" version="1" lon="-6.262372" visible="true" /><node changeset="1" timestamp="2026-05-15T09:34:42Z" user="OSMnx" lat="53.3207864" uid="1" id="54829913" version="1" lon="-6.2622723" visible="true" /><node changeset="1" timestamp="2026-05-15T09:34:42Z" user="OSMnx" lat="53.3209153" uid="1" id="54829917" version="1" lon="-6.2617677" visible="true" /><node changeset="1" timestamp="2026-05-15T09:34:42Z" user="OSMnx" lat="53.3209269" uid="1" id="54829919" version="1" lon="-6.2616301" visible="true" /><node changeset="1" timestamp="2026-05-15T09:34:42Z" user="OSMnx" lat="53.3208354" uid="1" id="54829922" version="1" lon="-6.2614139" visible="true" /><node changeset="1" timestamp="2026-05-15T09:34:42Z" user="OSMnx" lat="53.320748" uid="1" id="54829923" version="1" lon="-6.2613469" visible="true" /><node changeset="1" timestamp="2026-05-15T09:34:42Z" user="OSMnx" lat="53.3206006" uid="1" id="54829927" version="1" lon="-6.2613904" visible="true" /><node changeset="1" timestamp="2026-05-15T09:34:42Z" user="OSMnx" lat="53.3205845" uid="1" id="54829928" version="1" lon="-6.2614252" visible="true" /><node changeset="1" timestamp="2026-05-15T09:34:42Z" user="OSMnx" lat="53.3204381" uid="1" id="54829933" version="1" lon="-6.2620351" visible="true" /><node changeset="1" timestamp="2026-05-15T09:34:42Z" user="OSMnx" lat="53.3204355" uid="1" id="54829935" version="1" lon="-6.2621943" visible="true" /><node changeset="1" timestamp="2026-05-15T09:34:42Z" user="OSMnx" lat="53.3204652" uid="1" id="54829937" version="1" lon="-6.2622887" visible="true" /><node changeset="1" timestamp="2026-05-15T09:34:42Z" user="OSMnx" lat="53.3205234" uid="1" id="54829947" version="1" lon="-6.2625329" visible="true" /><node changeset="1" timestamp="2026-05-15T09:34:42Z" user="OSMnx" lat="53.3199826" uid="1" id="54829952" version="1" lon="-6.2649348" visible="true" /><node changeset="1" timestamp="2026-05-15T09:34:42Z" user="OSMnx" lat="53.3207737" uid="1" id="54833200" version="1" lon="-6.2583547" visible="true" /><node changeset="1" timestamp="2026-05-15T09:34:42Z" user="OSMnx" lat="53.3343806" uid="1" id="54840478" version="1" lon="-6.2440208" visible="true" /><node changeset="1" timestamp="2026-05-15T09:34:42Z" user="OSMnx" lat="53.3344842" uid="1" id="54840480" version="1" lon="-6.2439359" visible="true"><tag k="highway" v="stop" /></node><node changeset="1" timestamp="2026-05-15T09:34:42Z" user="OSMnx" lat="53.3346228" uid="1" id="54840482" version="1" lon="-6.2440285" visible="true" /><node changeset="1" timestamp="2026-05-15T09:34:42Z" user="OSMnx" lat="53.3348055" uid="1" id="54840484" version="1" lon="-6.2438313" visible="true" /><node changeset="1" timestamp="2026-05-15T09:34:42Z" user="OSMnx" lat="53.3350067" uid="1" id="54840487" version="1" lon="-6.2435451" visible="true" /><node changeset="1" timestamp="2026-05-15T09:34:42Z" user="OSMnx" lat="53.3262057" uid="1" id="54845140" version="1" lon="-6.2504622" visible="true" /><node changeset="1" timestamp="2026-05-15T09:34:42Z" user="OSMnx" lat="53.3240987" uid="1" id="54845154" version="1" lon="-6.2519424" visible="true" /><node changeset="1" timestamp="2026-05-15T09:34:42Z" user="OSMnx" lat="53.3158032" uid="1" id="54859709" version="1" lon="-6.2685956" visible="true" /><node changeset="1" timestamp="2026-05-15T09:34:42Z" user="OSMnx" lat="53.3159862" uid="1" id="54859711" version="1" lon="-6.2681688" visible="true" /><node changeset="1" timestamp="2026-05-15T09:34:42Z" user="OSMnx" lat="53.3163072" uid="1" id="54859712" version="1" lon="-6.2678635" visible="true" /><node changeset="1" timestamp="2026-05-15T09:34:42Z" user="OSMnx" lat="53.3156755" uid="1" id="54859720" version="1" lon="-6.2659115" visible="true" /><node changeset="1" timestamp="2026-05-15T09:34:42Z" user="OSMnx" lat="53.3156362" uid="1" id="54859723" version="1" lon="-6.2655257" visible="true" /><node changeset="1" timestamp="2026-05-15T09:34:42Z" user="OSMnx" lat="53.3157345" uid="1" id="54859727" version="1" lon="-6.2650547" visible="true" /><node changeset="1" timestamp="2026-05-15T09:34:42Z" user="OSMnx" lat="53.3218583" uid="1" id="56570271" version="1" lon="-6.2601257" visible="true" /><node changeset="1" timestamp="2026-05-15T09:34:42Z" user="OSMnx" lat="53.3217698" uid="1" id="56570274" version="1" lon="-6.2605607" visible="true" /><node changeset="1" timestamp="2026-05-15T09:34:42Z" user="OSMnx" lat="53.3227369" uid="1" id="56570281" version="1" lon="-6.2613087" visible="true"><tag k="highway" v="crossing" /></node><node changeset="1" timestamp="2026-05-15T09:34:42Z" user="OSMnx" lat="53.3228861" uid="1" id="56570284" version="1" lon="-6.2614232" visible="true" /><node changeset="1" timestamp="2026-05-15T09:34:42Z" user="OSMnx" lat="53.3231219" uid="1" id="56570286" version="1" lon="-6.2617354" visible="true" /><node changeset="1" timestamp="2026-05-15T09:34:42Z" user="OSMnx" lat="53.3295724" uid="1" id="58675488" version="1" lon="-6.2525339" visible="true" /><node changeset="1" timestamp="2026-05-15T09:34:42Z" user="OSMnx" lat="53.3304647" uid="1" id="58675492" version="1" lon="-6.2530894" visible="true" /><node changeset="1" timestamp="2026-05-15T09:34:42Z" user="OSMnx" lat="53.3282414" uid="1" id="58675496" version="1" lon="-6.2585683" visible="true" /><node changeset="1" timestamp="2026-05-15T09:34:42Z" user="OSMnx" lat="53.3288528" uid="1" id="58675520" version="1" lon="-6.2557994" visible="true" /><node changeset="1" timestamp="2026-05-15T09:34:42Z" user="OSMnx" lat="53.3302438" uid="1" id="58675524" version="1" lon="-6.2541081" visible="true" /><node changeset="1" timestamp="2026-05-15T09:34:42Z" user="OSMnx" lat="53.3298002" uid="1" id="58675528" version="1" lon="-6.2563467" visible="true" /><node changeset="1" timestamp="2026-05-15T09:34:42Z" user="OSMnx" lat="53.3297788" uid="1" id="58675530" version="1" lon="-6.2562778" visible="true" /><node changeset="1" timestamp="2026-05-15T09:34:42Z" user="OSMnx" lat="53.3297412" uid="1" id="58675532" version="1" lon="-6.2563162" visible="true" /><node changeset="1" timestamp="2026-05-15T09:34:42Z" user="OSMnx" lat="53.3297589" uid="1" id="58675538" version="1" lon="-6.2563755" visible="true" /><node changeset="1" timestamp="2026-05-15T09:34:42Z" user="OSMnx" lat="53.330822" uid="1" id="58675543" version="1" lon="-6.2544667" visible="true" /><node changeset="1" timestamp="2026-05-15T09:34:42Z" user="OSMnx" lat="53.3303408" uid="1" id="58675544" version="1" lon="-6.2566813" visible="true" /><node changeset="1" timestamp="2026-05-15T09:34:42Z" user="OSMnx" lat="53.3293888" uid="1" id="59687461" version="1" lon="-6.2580296" visible="true" /><node changeset="1" timestamp="2026-05-15T09:34:42Z" user="OSMnx" lat="53.3284787" uid="1" id="59687462" version="1" lon="-6.2574923" visible="true" /><node changeset="1" timestamp="2026-05-15T09:34:42Z" user="OSMnx" lat="53.3309278" uid="1" id="59687464" version="1" lon="-6.2570569" visible="true" /><node changeset="1" timestamp="2026-05-15T09:34:42Z" user="OSMnx" lat="53.3314105" uid="1" id="59687466" version="1" lon="-6.2548355" visible="true" /><node changeset="1" timestamp="2026-05-15T09:34:42Z" user="OSMnx" lat="53.3293477" uid="1" id="59687468" version="1" lon="-6.2535525" visible="true" /><node changeset="1" timestamp="2026-05-15T09:34:42Z" user="OSMnx" lat="53.3293136" uid="1" id="59687472" version="1" lon="-6.25605" visible="true" /><node changeset="1" timestamp="2026-05-15T09:34:42Z" user="OSMnx" lat="53.3305023" uid="1" id="59687474" version="1" lon="-6.2529243" visible="true" /><node changeset="1" timestamp="2026-05-15T09:34:42Z" user="OSMnx" lat="53.3268795" uid="1" id="59694670" version="1" lon="-6.2588961" visible="true" /><node changeset="1" timestamp="2026-05-15T09:34:42Z" user="OSMnx" lat="53.3263724" uid="1" id="59694679" version="1" lon="-6.258695" visible="true" /><node changeset="1" timestamp="2026-05-15T09:34:42Z" user="OSMnx" lat="53.3256018" uid="1" id="59694691" version="1" lon="-6.2583024" visible="true" /><node changeset="1" timestamp="2026-05-15T09:34:42Z" user="OSMnx" lat="53.3248232" uid="1" id="59694696" version="1" lon="-6.2577633" visible="true" /><node changeset="1" timestamp="2026-05-15T09:34:42Z" user="OSMnx" lat="53.3243247" uid="1" id="59694701" version="1" lon="-6.2574359" visible="true" /><node changeset="1" timestamp="2026-05-15T09:34:42Z" user="OSMnx" lat="53.3300167" uid="1" id="59702513" version="1" lon="-6.2584276" visible="true" /><node changeset="1" timestamp="2026-05-15T09:34:42Z" user="OSMnx" lat="53.3305389" uid="1" id="59702515" version="1" lon="-6.2588232" visible="true" /><node changeset="1" timestamp="2026-05-15T09:34:42Z" user="OSMnx" lat="53.3305985" uid="1" id="59702517" version="1" lon="-6.2588622" visible="true" /><node changeset="1" timestamp="2026-05-15T09:34:42Z" user="OSMnx" lat="53.3236299" uid="1" id="59816059" version="1" lon="-6.2695636" visible="true" /><node changeset="1" timestamp="2026-05-15T09:34:42Z" user="OSMnx" lat="53.3240348" uid="1" id="59816068" version="1" lon="-6.2653786" visible="true"><tag k="highway" v="traffic_signals" /></node><node changeset="1" timestamp="2026-05-15T09:34:42Z" user="OSMnx" lat="53.3272657" uid="1" id="59979737" version="1" lon="-6.2615274" visible="true" /><node changeset="1" timestamp="2026-05-15T09:34:42Z" user="OSMnx" lat="53.3211519" uid="1" id="60790654" version="1" lon="-6.2519657" visible="true" /><node changeset="1" timestamp="2026-05-15T09:34:42Z" user="OSMnx" lat="53.3203889" uid="1" id="60790655" version="1" lon="-6.2518154" visible="true" /><node changeset="1" timestamp="2026-05-15T09:34:42Z" user="OSMnx" lat="53.3204794" uid="1" id="60790656" version="1" lon="-6.2506012" visible="true" /><node changeset="1" timestamp="2026-05-15T09:34:42Z" user="OSMnx" lat="53.3211685" uid="1" id="60790658" version="1" lon="-6.2489432" visible="true" /><node changeset="1" timestamp="2026-05-15T09:34:42Z" user="OSMnx" lat="53.3222895" uid="1" id="60790659" version="1" lon="-6.2478799" visible="true" /><node changeset="1" timestamp="2026-05-15T09:34:42Z" user="OSMnx" lat="53.33211" uid="1" id="60790663" version="1" lon="-6.2360456" visible="true" /><node changeset="1" timestamp="2026-05-15T09:34:42Z" user="OSMnx" lat="53.322396" uid="1" id="60793453" version="1" lon="-6.2510362" visible="true" /><node changeset="1" timestamp="2026-05-15T09:34:42Z" user="OSMnx" lat="53.3148631" uid="1" id="60955836" version="1" lon="-6.2693756" visible="true" /><node changeset="1" timestamp="2026-05-15T09:34:42Z" user="OSMnx" lat="53.3166614" uid="1" id="60955837" version="1" lon="-6.2688973" visible="true" /><node changeset="1" timestamp="2026-05-15T09:34:42Z" user="OSMnx" lat="53.3171099" uid="1" id="60955838" version="1" lon="-6.2684218" visible="true" /><node changeset="1" timestamp="2026-05-15T09:34:42Z" user="OSMnx" lat="53.3173558" uid="1" id="60955839" version="1" lon="-6.2677772" visible="true" /><node changeset="1" timestamp="2026-05-15T09:34:42Z" user="OSMnx" lat="53.3176056" uid="1" id="60955840" version="1" lon="-6.2666583" visible="true" /><node changeset="1" timestamp="2026-05-15T09:34:42Z" user="OSMnx" lat="53.3153833" uid="1" id="60955842" version="1" lon="-6.266139" visible="true" /><node changeset="1" timestamp="2026-05-15T09:34:42Z" user="OSMnx" lat="53.314681" uid="1" id="60955844" version="1" lon="-6.2621636" visible="true" /><node changeset="1" timestamp="2026-05-15T09:34:42Z" user="OSMnx" lat="53.3157278" uid="1" id="60955845" version="1" lon="-6.2623134" visible="true" /><node changeset="1" timestamp="2026-05-15T09:34:42Z" user="OSMnx" lat="53.3178901" uid="1" id="60955956" version="1" lon="-6.2646565" visible="true" /><node changeset="1" timestamp="2026-05-15T09:34:42Z" user="OSMnx" lat="53.3150393" uid="1" id="61910982" version="1" lon="-6.2679556" visible="true" /><node changeset="1" timestamp="2026-05-15T09:34:42Z" user="OSMnx" lat="53.3152696" uid="1" id="61910987" version="1" lon="-6.2664508" visible="true" /><node changeset="1" timestamp="2026-05-15T09:34:42Z" user="OSMnx" lat="53.3180368" uid="1" id="61916204" version="1" lon="-6.2683012" visible="true" /><node changeset="1" timestamp="2026-05-15T09:34:42Z" user="OSMnx" lat="53.3178255" uid="1" id="61916209" version="1" lon="-6.2682602" visible="true" /><node changeset="1" timestamp="2026-05-15T09:34:42Z" user="OSMnx" lat="53.314063" uid="1" id="65078347" version="1" lon="-6.2600184" visible="true" /><node changeset="1" timestamp="2026-05-15T09:34:42Z" user="OSMnx" lat="53.3140056" uid="1" id="65078348" version="1" lon="-6.2609429" visible="true" /><node changeset="1" timestamp="2026-05-15T09:34:42Z" user="OSMnx" lat="53.3139678" uid="1" id="65078352" version="1" lon="-6.2610394" visible="true" /><node changeset="1" timestamp="2026-05-15T09:34:42Z" user="OSMnx" lat="53.3160929" uid="1" id="65078354" version="1" lon="-6.2601913" visible="true" /><node changeset="1" timestamp="2026-05-15T09:34:42Z" user="OSMnx" lat="53.3137062" uid="1" id="65078356" version="1" lon="-6.2639837" visible="true" /><node changeset="1" timestamp="2026-05-15T09:34:42Z" user="OSMnx" lat="53.3162449" uid="1" id="65084681" version="1" lon="-6.2543749" visible="true" /><node changeset="1" timestamp="2026-05-15T09:34:42Z" user="OSMnx" lat="53.3149881" uid="1" id="65084684" version="1" lon="-6.2540413" visible="true" /><node changeset="1" timestamp="2026-05-15T09:34:42Z" user="OSMnx" lat="53.3296552" uid="1" id="67071213" version="1" lon="-6.2384492" visible="true" /><node changeset="1" timestamp="2026-05-15T09:34:42Z" user="OSMnx" lat="53.3213477" uid="1" id="67378038" version="1" lon="-6.2657596" visible="true" /><node changeset="1" timestamp="2026-05-15T09:34:42Z" user="OSMnx" lat="53.3229595" uid="1" id="75666579" version="1" lon="-6.2623302" visible="true" /><node changeset="1" timestamp="2026-05-15T09:34:42Z" user="OSMnx" lat="53.3227582" uid="1" id="75666630" version="1" lon="-6.2636452" visible="true" /><node changeset="1" timestamp="2026-05-15T09:34:42Z" user="OSMnx" lat="53.3222585" uid="1" id="75666694" version="1" lon="-6.2620122" visible="true" /><node changeset="1" timestamp="2026-05-15T09:34:42Z" user="OSMnx" lat="53.3219554" uid="1" id="75666696" version="1" lon="-6.2622679" visible="true" /><node changeset="1" timestamp="2026-05-15T09:34:42Z" user="OSMnx" lat="53.321433" uid="1" id="75666701" version="1" lon="-6.262016" visible="true" /><node changeset="1" timestamp="2026-05-15T09:34:42Z" user="OSMnx" lat="53.3222035" uid="1" id="75666703" version="1" lon="-6.2634092" visible="true" /><node changeset="1" timestamp="2026-05-15T09:34:42Z" user="OSMnx" lat="53.3213677" uid="1" id="75666706" version="1" lon="-6.2629933" visible="true" /><node changeset="1" timestamp="2026-05-15T09:34:42Z" user="OSMnx" lat="53.3178328" uid="1" id="76854552" version="1" lon="-6.2546984" visible="true" /><node changeset="1" timestamp="2026-05-15T09:34:42Z" user="OSMnx" lat="53.3186156" uid="1" id="76854556" version="1" lon="-6.2549609" visible="true" /><node changeset="1" timestamp="2026-05-15T09:34:42Z" user="OSMnx" lat="53.3167869" uid="1" id="77002012" version="1" lon="-6.2656866" visible="true" /><node changeset="1" timestamp="2026-05-15T09:34:42Z" user="OSMnx" lat="53.3167937" uid="1" id="77002017" version="1" lon="-6.2657592" visible="true" /><node changeset="1" timestamp="2026-05-15T09:34:42Z" user="OSMnx" lat="53.3167506" uid="1" id="77002022" version="1" lon="-6.2661361" visible="true" /><node changeset="1" timestamp="2026-05-15T09:34:42Z" user="OSMnx" lat="53.3170319" uid="1" id="77002028" version="1" lon="-6.266291" visible="true" /><node changeset="1" timestamp="2026-05-15T09:34:42Z" user="OSMnx" lat="53.3170511" uid="1" id="77002031" version="1" lon="-6.2661711" visible="true" /><node changeset="1" timestamp="2026-05-15T09:34:42Z" user="OSMnx" lat="53.3167249" uid="1" id="77002043" version="1" lon="-6.265172" visible="true" /><node changeset="1" timestamp="2026-05-15T09:34:42Z" user="OSMnx" lat="53.323336" uid="1" id="82704335" version="1" lon="-6.234402" visible="true" /><node changeset="1" timestamp="2026-05-15T09:34:42Z" user="OSMnx" lat="53.3224973" uid="1" id="82704354" version="1" lon="-6.2349841" visible="true" /><node changeset="1" timestamp="2026-05-15T09:34:42Z" user="OSMnx" lat="53.3215628" uid="1" id="82704355" version="1" lon="-6.2350076" visible="true" /><node changeset="1" timestamp="2026-05-15T09:34:42Z" user="OSMnx" lat="53.3323157" uid="1" id="95646537" version="1" lon="-6.2536212" visible="true" /><node changeset="1" timestamp="2026-05-15T09:34:42Z" user="OSMnx" lat="53.330453" uid="1" id="97886038" version="1" lon="-6.2381938" visible="true"><tag k="highway" v="mini_roundabout" /></node><node changeset="1" timestamp="2026-05-15T09:34:42Z" user="OSMnx" lat="53.3312208" uid="1" id="130157149" version="1" lon="-6.2681081" visible="true" /><node changeset="1" timestamp="2026-05-15T09:34:42Z" user="OSMnx" lat="53.3299846" uid="1" id="130157157" version="1" lon="-6.2688595" visible="true" /><node changeset="1" timestamp="2026-05-15T09:34:42Z" user="OSMnx" lat="53.3300441" uid="1" id="130157158" version="1" lon="-6.2683064" visible="true" /><node changeset="1" timestamp="2026-05-15T09:34:42Z" user="OSMnx" lat="53.3300898" uid="1" id="130157159" version="1" lon="-6.2676996" visible="true" /><node changeset="1" timestamp="2026-05-15T09:34:42Z" user="OSMnx" lat="53.3301202" uid="1" id="130157160" version="1" lon="-6.2671855" visible="true" /><node changeset="1" timestamp="2026-05-15T09:34:42Z" user="OSMnx" lat="53.3311972" uid="1" id="130157162" version="1" lon="-6.2690719" visible="true" /><node changeset="1" timestamp="2026-05-15T09:34:42Z" user="OSMnx" lat="53.3311982" uid="1" id="130157163" version="1" lon="-6.2689465" visible="true" /><node changeset="1" timestamp="2026-05-15T09:34:42Z" user="OSMnx" lat="53.3312103" uid="1" id="130157164" version="1" lon="-6.2683977" visible="true" /><node changeset="1" timestamp="2026-05-15T09:34:42Z" user="OSMnx" lat="53.3312295" uid="1" id="130157165" version="1" lon="-6.2678032" visible="true" /><node changeset="1" timestamp="2026-05-15T09:34:42Z" user="OSMnx" lat="53.3312446" uid="1" id="130157166" version="1" lon="-6.2672348" visible="true" /><node changeset="1" timestamp="2026-05-15T09:34:42Z" user="OSMnx" lat="53.3341359" uid="1" id="130157167" version="1" lon="-6.2662118" visible="true" /><node changeset="1" timestamp="2026-05-15T09:34:42Z" user="OSMnx" lat="53.3341412" uid="1" id="130157168" version="1" lon="-6.2652779" visible="true" /><node changeset="1" timestamp="2026-05-15T09:34:42Z" user="OSMnx" lat="53.331269" uid="1" id="130158418" version="1" lon="-6.2668064" visible="true" /><node changeset="1" timestamp="2026-05-15T09:34:42Z" user="OSMnx" lat="53.3313321" uid="1" id="130158419" version="1" lon="-6.2651284" visible="true" /><node changeset="1" timestamp="2026-05-15T09:34:42Z" user="OSMnx" lat="53.3313558" uid="1" id="130158421" version="1" lon="-6.2646091" visible="true" /><node changeset="1" timestamp="2026-05-15T09:34:42Z" user="OSMnx" lat="53.3303135" uid="1" id="130158423" version="1" lon="-6.2688767" visible="true" /><node changeset="1" timestamp="2026-05-15T09:34:42Z" user="OSMnx" lat="53.3305107" uid="1" id="130158807" version="1" lon="-6.2671619" visible="true" /><node changeset="1" timestamp="2026-05-15T09:34:42Z" user="OSMnx" lat="53.3305383" uid="1" id="130158808" version="1" lon="-6.2667963" visible="true" /><node changeset="1" timestamp="2026-05-15T09:34:42Z" user="OSMnx" lat="53.3306049" uid="1" id="130158809" version="1" lon="-6.2650416" visible="true"><tag k="highway" v="mini_roundabout" /></node><node changeset="1" timestamp="2026-05-15T09:34:42Z" user="OSMnx" lat="53.3324302" uid="1" id="130158815" version="1" lon="-6.2691412" visible="true" /><node changeset="1" timestamp="2026-05-15T09:34:42Z" user="OSMnx" lat="53.3300179" uid="1" id="130159628" version="1" lon="-6.264275" visible="true" /><node changeset="1" timestamp="2026-05-15T09:34:42Z" user="OSMnx" lat="53.3315605" uid="1" id="130245808" version="1" lon="-6.2618243" visible="true" /><node changeset="1" timestamp="2026-05-15T09:34:42Z" user="OSMnx" lat="53.3318494" uid="1" id="130245809" version="1" lon="-6.2611357" visible="true" /><node changeset="1" timestamp="2026-05-15T09:34:42Z" user="OSMnx" lat="53.3349103" uid="1" id="130246570" version="1" lon="-6.2538933" visible="true" /><node changeset="1" timestamp="2026-05-15T09:34:42Z" user="OSMnx" lat="53.3314045" uid="1" id="130249414" version="1" lon="-6.2575327" visible="true" /><node changeset="1" timestamp="2026-05-15T09:34:42Z" user="OSMnx" lat="53.3312135" uid="1" id="130249415" version="1" lon="-6.2574659" visible="true"><tag k="highway" v="turning_circle" /></node><node changeset="1" timestamp="2026-05-15T09:34:42Z" user="OSMnx" lat="53.3313216" uid="1" id="130249417" version="1" lon="-6.2575037" visible="true" /><node changeset="1" timestamp="2026-05-15T09:34:42Z" user="OSMnx" lat="53.3322051" uid="1" id="130249418" version="1" lon="-6.2611651" visible="true" /><node changeset="1" timestamp="2026-05-15T09:34:42Z" user="OSMnx" lat="53.3319518" uid="1" id="130249419" version="1" lon="-6.2608652" visible="true" /><node changeset="1" timestamp="2026-05-15T09:34:42Z" user="OSMnx" lat="53.3321152" uid="1" id="130249447" version="1" lon="-6.259649" visible="true"><tag k="highway" v="turning_circle" /></node><node changeset="1" timestamp="2026-05-15T09:34:42Z" user="OSMnx" lat="53.3346699" uid="1" id="130249448" version="1" lon="-6.2545209" visible="true" /><node changeset="1" timestamp="2026-05-15T09:34:42Z" user="OSMnx" lat="53.3341467" uid="1" id="130253621" version="1" lon="-6.2559581" visible="true" /><node changeset="1" timestamp="2026-05-15T09:34:42Z" user="OSMnx" lat="53.3338966" uid="1" id="130253622" version="1" lon="-6.2569476" visible="true" /><node changeset="1" timestamp="2026-05-15T09:34:42Z" user="OSMnx" lat="53.3340641" uid="1" id="130253626" version="1" lon="-6.2562176" visible="true" /><node changeset="1" timestamp="2026-05-15T09:34:42Z" user="OSMnx" lat="53.3326885" uid="1" id="130253637" version="1" lon="-6.2575998" visible="true" /><node changeset="1" timestamp="2026-05-15T09:34:42Z" user="OSMnx" lat="53.3313584" uid="1" id="130253639" version="1" lon="-6.2645596" visible="true" /><node changeset="1" timestamp="2026-05-15T09:34:42Z" user="OSMnx" lat="53.3324561" uid="1" id="130253640" version="1" lon="-6.2644403" visible="true" /><node changeset="1" timestamp="2026-05-15T09:34:42Z" user="OSMnx" lat="53.3321539" uid="1" id="130253641" version="1" lon="-6.2644898" visible="true" /><node changeset="1" timestamp="2026-05-15T09:34:42Z" user="OSMnx" lat="53.3318223" uid="1" id="130253642" version="1" lon="-6.2646709" visible="true" /><node changeset="1" timestamp="2026-05-15T09:34:42Z" user="OSMnx" lat="53.3314305" uid="1" id="130253645" version="1" lon="-6.2636946" visible="true" /><node changeset="1" timestamp="2026-05-15T09:34:42Z" user="OSMnx" lat="53.3314356" uid="1" id="130253646" version="1" lon="-6.2646044" visible="true" /><node changeset="1" timestamp="2026-05-15T09:34:42Z" user="OSMnx" lat="53.3307518" uid="1" id="130253647" version="1" lon="-6.264424" visible="true" /><node changeset="1" timestamp="2026-05-15T09:34:42Z" user="OSMnx" lat="53.3302748" uid="1" id="130253653" version="1" lon="-6.2635284" visible="true" /><node changeset="1" timestamp="2026-05-15T09:34:42Z" user="OSMnx" lat="53.3302882" uid="1" id="130253654" version="1" lon="-6.2630906" visible="true" /><node changeset="1" timestamp="2026-05-15T09:34:42Z" user="OSMnx" lat="53.3303336" uid="1" id="130253656" version="1" lon="-6.2621767" visible="true" /><node changeset="1" timestamp="2026-05-15T09:34:42Z" user="OSMnx" lat="53.3303892" uid="1" id="130253658" version="1" lon="-6.2612131" visible="true" /><node changeset="1" timestamp="2026-05-15T09:34:42Z" user="OSMnx" lat="53.3304202" uid="1" id="130253659" version="1" lon="-6.2609868" visible="true" /><node changeset="1" timestamp="2026-05-15T09:34:42Z" user="OSMnx" lat="53.3304836" uid="1" id="130253660" version="1" lon="-6.2606682" visible="true" /><node changeset="1" timestamp="2026-05-15T09:34:42Z" user="OSMnx" lat="53.3305304" uid="1" id="130253661" version="1" lon="-6.2604409" visible="true"><tag k="highway" v="crossing" /></node><node changeset="1" timestamp="2026-05-15T09:34:42Z" user="OSMnx" lat="53.3343266" uid="1" id="130268843" version="1" lon="-6.2455915" visible="true" /><node changeset="1" timestamp="2026-05-15T09:34:42Z" user="OSMnx" lat="53.334019" uid="1" id="130268861" version="1" lon="-6.2491469" visible="true" /><node changeset="1" timestamp="2026-05-15T09:34:42Z" user="OSMnx" lat="53.3321485" uid="1" id="130268887" version="1" lon="-6.2543064" visible="true" /><node changeset="1" timestamp="2026-05-15T09:34:42Z" user="OSMnx" lat="53.3332472" uid="1" id="130782425" version="1" lon="-6.2540232" visible="true" /><node changeset="1" timestamp="2026-05-15T09:34:42Z" user="OSMnx" lat="53.3311747" uid="1" id="130830291" version="1" lon="-6.2645192" visible="true" /><node changeset="1" timestamp="2026-05-15T09:34:42Z" user="OSMnx" lat="53.3327644" uid="1" id="132124408" version="1" lon="-6.2614075" visible="true" /><node changeset="1" timestamp="2026-05-15T09:34:42Z" user="OSMnx" lat="53.3318751" uid="1" id="132140315" version="1" lon="-6.2622916" visible="true" /><node changeset="1" timestamp="2026-05-15T09:34:42Z" user="OSMnx" lat="53.3328899" uid="1" id="132490139" version="1" lon="-6.235815" visible="true" /><node changeset="1" timestamp="2026-05-15T09:34:42Z" user="OSMnx" lat="53.3330174" uid="1" id="132490146" version="1" lon="-6.2373109" visible="true" /><node changeset="1" timestamp="2026-05-15T09:34:42Z" user="OSMnx" lat="53.3347258" uid="1" id="133287045" version="1" lon="-6.2652546" visible="true" /><node changeset="1" timestamp="2026-05-15T09:34:42Z" user="OSMnx" lat="53.334487" uid="1" id="133357777" version="1" lon="-6.2456599" visible="true" /><node changeset="1" timestamp="2026-05-15T09:34:42Z" user="OSMnx" lat="53.3350684" uid="1" id="133399172" version="1" lon="-6.2537309" visible="true" /><node changeset="1" timestamp="2026-05-15T09:34:42Z" user="OSMnx" lat="53.3273354" uid="1" id="201994090" version="1" lon="-6.2356416" visible="true" /><node changeset="1" timestamp="2026-05-15T09:34:42Z" user="OSMnx" lat="53.3268644" uid="1" id="207100180" version="1" lon="-6.2590262" visible="true" /><node changeset="1" timestamp="2026-05-15T09:34:42Z" user="OSMnx" lat="53.326797" uid="1" id="207100181" version="1" lon="-6.2592778" visible="true" /><node changeset="1" timestamp="2026-05-15T09:34:42Z" user="OSMnx" lat="53.3267241" uid="1" id="207100183" version="1" lon="-6.2599191" visible="true" /><node changeset="1" timestamp="2026-05-15T09:34:42Z" user="OSMnx" lat="53.3267409" uid="1" id="207100184" version="1" lon="-6.2604802" visible="true" /><node changeset="1" timestamp="2026-05-15T09:34:42Z" user="OSMnx" lat="53.3267939" uid="1" id="207100186" version="1" lon="-6.261022" visible="true" /><node changeset="1" timestamp="2026-05-15T09:34:42Z" user="OSMnx" lat="53.3268082" uid="1" id="207100187" version="1" lon="-6.2612506" visible="true" /><node changeset="1" timestamp="2026-05-15T09:34:42Z" user="OSMnx" lat="53.3319779" uid="1" id="223828632" version="1" lon="-6.2356148" visible="true"><tag k="highway" v="crossing" /></node><node changeset="1" timestamp="2026-05-15T09:34:42Z" user="OSMnx" lat="53.328617" uid="1" id="228644154" version="1" lon="-6.2624433" visible="true" /><node changeset="1" timestamp="2026-05-15T09:34:42Z" user="OSMnx" lat="53.3252783" uid="1" id="228644156" version="1" lon="-6.2605871" visible="true" /><node changeset="1" timestamp="2026-05-15T09:34:42Z" user="OSMnx" lat="53.3240321" uid="1" id="228644158" version="1" lon="-6.2547656" visible="true" /><node changeset="1" timestamp="2026-05-15T09:34:42Z" user="OSMnx" lat="53.324605" uid="1" id="228644163" version="1" lon="-6.2541559" visible="true" /><node changeset="1" timestamp="2026-05-15T09:34:42Z" user="OSMnx" lat="53.3243513" uid="1" id="228644165" version="1" lon="-6.2535636" visible="true" /><node changeset="1" timestamp="2026-05-15T09:34:42Z" user="OSMnx" lat="53.3163018" uid="1" id="228644170" version="1" lon="-6.252679" visible="true" /><node changeset="1" timestamp="2026-05-15T09:34:42Z" user="OSMnx" lat="53.3150253" uid="1" id="228644172" version="1" lon="-6.2514395" visible="true" /><node changeset="1" timestamp="2026-05-15T09:34:42Z" user="OSMnx" lat="53.3163332" uid="1" id="228644174" version="1" lon="-6.2513895" visible="true" /><node changeset="1" timestamp="2026-05-15T09:34:42Z" user="OSMnx" lat="53.31692" uid="1" id="228644175" version="1" lon="-6.2513749" visible="true" /><node changeset="1" timestamp="2026-05-15T09:34:42Z" user="OSMnx" lat="53.3184342" uid="1" id="228644179" version="1" lon="-6.2515209" visible="true" /><node changeset="1" timestamp="2026-05-15T09:34:42Z" user="OSMnx" lat="53.3204319" uid="1" id="228644181" version="1" lon="-6.2528328" visible="true" /><node changeset="1" timestamp="2026-05-15T09:34:42Z" user="OSMnx" lat="53.3200236" uid="1" id="228644182" version="1" lon="-6.2527352" visible="true" /><node changeset="1" timestamp="2026-05-15T09:34:42Z" user="OSMnx" lat="53.3189036" uid="1" id="228644184" version="1" lon="-6.2524165" visible="true" /><node changeset="1" timestamp="2026-05-15T09:34:42Z" user="OSMnx" lat="53.318926" uid="1" id="228644192" version="1" lon="-6.2521589" visible="true" /><node changeset="1" timestamp="2026-05-15T09:34:42Z" user="OSMnx" lat="53.3187694" uid="1" id="228644195" version="1" lon="-6.2521242" visible="true" /><node changeset="1" timestamp="2026-05-15T09:34:42Z" user="OSMnx" lat="53.318389" uid="1" id="228644198" version="1" lon="-6.2520561" visible="true" /><node changeset="1" timestamp="2026-05-15T09:34:42Z" user="OSMnx" lat="53.3239473" uid="1" id="228644199" version="1" lon="-6.25399" visible="true" /><node changeset="1" timestamp="2026-05-15T09:34:42Z" user="OSMnx" lat="53.3229814" uid="1" id="228644201" version="1" lon="-6.2543949" visible="true" /><node changeset="1" timestamp="2026-05-15T09:34:42Z" user="OSMnx" lat="53.3221553" uid="1" id="228644206" version="1" lon="-6.254312" visible="true" /><node changeset="1" timestamp="2026-05-15T09:34:42Z" user="OSMnx" lat="53.3344349" uid="1" id="243643592" version="1" lon="-6.2382704" visible="true" /><node changeset="1" timestamp="2026-05-15T09:34:42Z" user="OSMnx" lat="53.3341943" uid="1" id="243643593" version="1" lon="-6.2392139" visible="true" /><node changeset="1" timestamp="2026-05-15T09:34:42Z" user="OSMnx" lat="53.3334287" uid="1" id="243643594" version="1" lon="-6.2421069" visible="true" /><node changeset="1" timestamp="2026-05-15T09:34:42Z" user="OSMnx" lat="53.3339825" uid="1" id="243643595" version="1" lon="-6.2415506" visible="true" /><node changeset="1" timestamp="2026-05-15T09:34:42Z" user="OSMnx" lat="53.3200503" uid="1" id="243643604" version="1" lon="-6.2492801" visible="true" /><node changeset="1" timestamp="2026-05-15T09:34:42Z" user="OSMnx" lat="53.319617" uid="1" id="243643605" version="1" lon="-6.2494175" visible="true" /><node changeset="1" timestamp="2026-05-15T09:34:42Z" user="OSMnx" lat="53.3192615" uid="1" id="243643606" version="1" lon="-6.2493991" visible="true" /><node changeset="1" timestamp="2026-05-15T09:34:42Z" user="OSMnx" lat="53.3186591" uid="1" id="243643607" version="1" lon="-6.2492896" visible="true" /><node changeset="1" timestamp="2026-05-15T09:34:42Z" user="OSMnx" lat="53.3184249" uid="1" id="243643608" version="1" lon="-6.2491168" visible="true" /><node changeset="1" timestamp="2026-05-15T09:34:42Z" user="OSMnx" lat="53.3173279" uid="1" id="243643612" version="1" lon="-6.2545202" visible="true" /><node changeset="1" timestamp="2026-05-15T09:34:42Z" user="OSMnx" lat="53.3200192" uid="1" id="243643613" version="1" lon="-6.2554513" visible="true" /><node changeset="1" timestamp="2026-05-15T09:34:42Z" user="OSMnx" lat="53.3211986" uid="1" id="243643614" version="1" lon="-6.2558756" visible="true" /><node changeset="1" timestamp="2026-05-15T09:34:42Z" user="OSMnx" lat="53.3182558" uid="1" id="243643615" version="1" lon="-6.2533343" visible="true" /><node changeset="1" timestamp="2026-05-15T09:34:42Z" user="OSMnx" lat="53.3197151" uid="1" id="243643616" version="1" lon="-6.2537238" visible="true" /><node changeset="1" timestamp="2026-05-15T09:34:42Z" user="OSMnx" lat="53.3185198" uid="1" id="243643617" version="1" lon="-6.2507274" visible="true" /><node changeset="1" timestamp="2026-05-15T09:34:42Z" user="OSMnx" lat="53.318587" uid="1" id="243643618" version="1" lon="-6.250004" visible="true" /><node changeset="1" timestamp="2026-05-15T09:34:42Z" user="OSMnx" lat="53.3183209" uid="1" id="243643619" version="1" lon="-6.2526918" visible="true" /><node changeset="1" timestamp="2026-05-15T09:34:42Z" user="OSMnx" lat="53.3182088" uid="1" id="243643620" version="1" lon="-6.2537879" visible="true" /><node changeset="1" timestamp="2026-05-15T09:34:42Z" user="OSMnx" lat="53.3167479" uid="1" id="243643622" version="1" lon="-6.2540052" visible="true" /><node changeset="1" timestamp="2026-05-15T09:34:42Z" user="OSMnx" lat="53.3171354" uid="1" id="243643623" version="1" lon="-6.2540808" visible="true" /><node changeset="1" timestamp="2026-05-15T09:34:42Z" user="OSMnx" lat="53.3172152" uid="1" id="243643624" version="1" lon="-6.2541298" visible="true" /><node changeset="1" timestamp="2026-05-15T09:34:42Z" user="OSMnx" lat="53.3172188" uid="1" id="243643625" version="1" lon="-6.254188" visible="true" /><node changeset="1" timestamp="2026-05-15T09:34:42Z" user="OSMnx" lat="53.31723" uid="1" id="243643626" version="1" lon="-6.2543804" visible="true" /><node changeset="1" timestamp="2026-05-15T09:34:42Z" user="OSMnx" lat="53.3172574" uid="1" id="243643627" version="1" lon="-6.2544375" visible="true" /><node changeset="1" timestamp="2026-05-15T09:34:42Z" user="OSMnx" lat="53.3220439" uid="1" id="243643628" version="1" lon="-6.2474763" visible="true" /><node changeset="1" timestamp="2026-05-15T09:34:42Z" user="OSMnx" lat="53.3217676" uid="1" id="243643629" version="1" lon="-6.2478295" visible="true" /><node changeset="1" timestamp="2026-05-15T09:34:42Z" user="OSMnx" lat="53.3214587" uid="1" id="243643630" version="1" lon="-6.2481479" visible="true" /><node changeset="1" timestamp="2026-05-15T09:34:42Z" user="OSMnx" lat="53.321212" uid="1" id="243643631" version="1" lon="-6.2483995" visible="true" /><node changeset="1" timestamp="2026-05-15T09:34:42Z" user="OSMnx" lat="53.321032" uid="1" id="243643632" version="1" lon="-6.2485374" visible="true" /><node changeset="1" timestamp="2026-05-15T09:34:42Z" user="OSMnx" lat="53.3209885" uid="1" id="243643633" version="1" lon="-6.2485596" visible="true" /><node changeset="1" timestamp="2026-05-15T09:34:42Z" user="OSMnx" lat="53.3208043" uid="1" id="243643634" version="1" lon="-6.2485004" visible="true" /><node changeset="1" timestamp="2026-05-15T09:34:42Z" user="OSMnx" lat="53.3205909" uid="1" id="243643635" version="1" lon="-6.2484466" visible="true" /><node changeset="1" timestamp="2026-05-15T09:34:42Z" user="OSMnx" lat="53.3203542" uid="1" id="243643636" version="1" lon="-6.2484756" visible="true" /><node changeset="1" timestamp="2026-05-15T09:34:42Z" user="OSMnx" lat="53.3199796" uid="1" id="243643637" version="1" lon="-6.2486778" visible="true" /><node changeset="1" timestamp="2026-05-15T09:34:42Z" user="OSMnx" lat="53.319656" uid="1" id="243643638" version="1" lon="-6.2487855" visible="true" /><node changeset="1" timestamp="2026-05-15T09:34:42Z" user="OSMnx" lat="53.319027" uid="1" id="243643639" version="1" lon="-6.24876" visible="true" /><node changeset="1" timestamp="2026-05-15T09:34:42Z" user="OSMnx" lat="53.3187193" uid="1" id="243643640" version="1" lon="-6.2486084" visible="true" /><node changeset="1" timestamp="2026-05-15T09:34:42Z" user="OSMnx" lat="53.3219008" uid="1" id="243643649" version="1" lon="-6.247671" visible="true" /><node changeset="1" timestamp="2026-05-15T09:34:42Z" user="OSMnx" lat="53.3210588" uid="1" id="243643650" version="1" lon="-6.24618" visible="true" /><node changeset="1" timestamp="2026-05-15T09:34:42Z" user="OSMnx" lat="53.3211214" uid="1" id="243643651" version="1" lon="-6.2462911" visible="true" /><node changeset="1" timestamp="2026-05-15T09:34:42Z" user="OSMnx" lat="53.3212731" uid="1" id="243643652" version="1" lon="-6.2461211" visible="true" /><node changeset="1" timestamp="2026-05-15T09:34:42Z" user="OSMnx" lat="53.3167116" uid="1" id="243643654" version="1" lon="-6.2585944" visible="true" /><node changeset="1" timestamp="2026-05-15T09:34:42Z" user="OSMnx" lat="53.3135737" uid="1" id="243643729" version="1" lon="-6.2386387" visible="true" /><node changeset="1" timestamp="2026-05-15T09:34:42Z" user="OSMnx" lat="53.3239754" uid="1" id="244447242" version="1" lon="-6.2395849" visible="true" /><node changeset="1" timestamp="2026-05-15T09:34:42Z" user="OSMnx" lat="53.3267815" uid="1" id="244448522" version="1" lon="-6.2432875" visible="true"><tag k="highway" v="traffic_signals" /></node><node changeset="1" timestamp="2026-05-15T09:34:42Z" user="OSMnx" lat="53.3262665" uid="1" id="244448523" version="1" lon="-6.2444834" visible="true" /><node changeset="1" timestamp="2026-05-15T09:34:42Z" user="OSMnx" lat="53.3255543" uid="1" id="244448576" version="1" lon="-6.2461684" visible="true" /><node changeset="1" timestamp="2026-05-15T09:34:42Z" user="OSMnx" lat="53.3254319" uid="1" id="244448577" version="1" lon="-6.2464521" visible="true" /><node changeset="1" timestamp="2026-05-15T09:34:42Z" user="OSMnx" lat="53.3259862" uid="1" id="244448578" version="1" lon="-6.2451272" visible="true" /><node changeset="1" timestamp="2026-05-15T09:34:42Z" user="OSMnx" lat="53.326246" uid="1" id="244448589" version="1" lon="-6.2426016" visible="true" /><node changeset="1" timestamp="2026-05-15T09:34:42Z" user="OSMnx" lat="53.3327871" uid="1" id="247702713" version="1" lon="-6.2606012" visible="true"><tag k="railway" v="tram_level_crossing" /></node><node changeset="1" timestamp="2026-05-15T09:34:42Z" user="OSMnx" lat="53.3329572" uid="1" id="247702715" version="1" lon="-6.262624" visible="true" /><node changeset="1" timestamp="2026-05-15T09:34:42Z" user="OSMnx" lat="53.3332709" uid="1" id="247702720" version="1" lon="-6.2627211" visible="true" /><node changeset="1" timestamp="2026-05-15T09:34:42Z" user="OSMnx" lat="53.3291837" uid="1" id="252311731" version="1" lon="-6.2644189" visible="true" /><node changeset="1" timestamp="2026-05-15T09:34:42Z" user="OSMnx" lat="53.3292042" uid="1" id="252311732" version="1" lon="-6.264895" visible="true" /><node changeset="1" timestamp="2026-05-15T09:34:42Z" user="OSMnx" lat="53.3292254" uid="1" id="252311734" version="1" lon="-6.2655992" visible="true" /><node changeset="1" timestamp="2026-05-15T09:34:42Z" user="OSMnx" lat="53.3291731" uid="1" id="252311736" version="1" lon="-6.2671843" visible="true" /><node changeset="1" timestamp="2026-05-15T09:34:42Z" user="OSMnx" lat="53.3291858" uid="1" id="252311737" version="1" lon="-6.2675989" visible="true" /><node changeset="1" timestamp="2026-05-15T09:34:42Z" user="OSMnx" lat="53.3292267" uid="1" id="252311738" version="1" lon="-6.2677357" visible="true" /><node changeset="1" timestamp="2026-05-15T09:34:42Z" user="OSMnx" lat="53.3294472" uid="1" id="252311740" version="1" lon="-6.2683057" visible="true" /><node changeset="1" timestamp="2026-05-15T09:34:42Z" user="OSMnx" lat="53.3294557" uid="1" id="252311741" version="1" lon="-6.2684087" visible="true" /><node changeset="1" timestamp="2026-05-15T09:34:42Z" user="OSMnx" lat="53.3294502" uid="1" id="252311742" version="1" lon="-6.2685162" visible="true" /><node changeset="1" timestamp="2026-05-15T09:34:42Z" user="OSMnx" lat="53.3299194" uid="1" id="254510273" version="1" lon="-6.2478216" visible="true" /><node changeset="1" timestamp="2026-05-15T09:34:42Z" user="OSMnx" lat="53.3308013" uid="1" id="254510274" version="1" lon="-6.2468605" visible="true" /><node changeset="1" timestamp="2026-05-15T09:34:42Z" user="OSMnx" lat="53.3316205" uid="1" id="254510275" version="1" lon="-6.2461057" visible="true" /><node changeset="1" timestamp="2026-05-15T09:34:42Z" user="OSMnx" lat="53.3317571" uid="1" id="254510276" version="1" lon="-6.2460554" visible="true" /><node changeset="1" timestamp="2026-05-15T09:34:42Z" user="OSMnx" lat="53.3319715" uid="1" id="254510277" version="1" lon="-6.2461347" visible="true" /><node changeset="1" timestamp="2026-05-15T09:34:42Z" user="OSMnx" lat="53.3313149" uid="1" id="254510279" version="1" lon="-6.2441192" visible="true" /><node changeset="1" timestamp="2026-05-15T09:34:42Z" user="OSMnx" lat="53.3334468" uid="1" id="255016336" version="1" lon="-6.2471884" visible="true" /><node changeset="1" timestamp="2026-05-15T09:34:42Z" user="OSMnx" lat="53.3135784" uid="1" id="255425852" version="1" lon="-6.2675258" visible="true" /><node changeset="1" timestamp="2026-05-15T09:34:42Z" user="OSMnx" lat="53.3137246" uid="1" id="255425855" version="1" lon="-6.265747" visible="true" /><node changeset="1" timestamp="2026-05-15T09:34:42Z" user="OSMnx" lat="53.3156333" uid="1" id="255425857" version="1" lon="-6.2657402" visible="true" /><node changeset="1" timestamp="2026-05-15T09:34:42Z" user="OSMnx" lat="53.3141329" uid="1" id="255425859" version="1" lon="-6.2659328" visible="true" /><node changeset="1" timestamp="2026-05-15T09:34:42Z" user="OSMnx" lat="53.3149417" uid="1" id="255425861" version="1" lon="-6.2687402" visible="true" /><node changeset="1" timestamp="2026-05-15T09:34:42Z" user="OSMnx" lat="53.3151508" uid="1" id="255425862" version="1" lon="-6.26715" visible="true" /><node changeset="1" timestamp="2026-05-15T09:34:42Z" user="OSMnx" lat="53.3136009" uid="1" id="255425868" version="1" lon="-6.2656862" visible="true" /><node changeset="1" timestamp="2026-05-15T09:34:42Z" user="OSMnx" lat="53.314131" uid="1" id="257819049" version="1" lon="-6.2580391" visible="true" /><node changeset="1" timestamp="2026-05-15T09:34:42Z" user="OSMnx" lat="53.3142453" uid="1" id="257819050" version="1" lon="-6.2555115" visible="true" /><node changeset="1" timestamp="2026-05-15T09:34:42Z" user="OSMnx" lat="53.3143591" uid="1" id="257819051" version="1" lon="-6.2556298" visible="true" /><node changeset="1" timestamp="2026-05-15T09:34:42Z" user="OSMnx" lat="53.3321743" uid="1" id="257944587" version="1" lon="-6.2437441" visible="true" /><node changeset="1" timestamp="2026-05-15T09:34:42Z" user="OSMnx" lat="53.3315082" uid="1" id="257944592" version="1" lon="-6.2454122" visible="true" /><node changeset="1" timestamp="2026-05-15T09:34:42Z" user="OSMnx" lat="53.3325913" uid="1" id="257944593" version="1" lon="-6.2449208" visible="true" /><node changeset="1" timestamp="2026-05-15T09:34:42Z" user="OSMnx" lat="53.3170754" uid="1" id="258599289" version="1" lon="-6.2617267" visible="true" /><node changeset="1" timestamp="2026-05-15T09:34:42Z" user="OSMnx" lat="53.3171241" uid="1" id="258599290" version="1" lon="-6.2629406" visible="true" /><node changeset="1" timestamp="2026-05-15T09:34:42Z" user="OSMnx" lat="53.3171937" uid="1" id="258599291" version="1" lon="-6.2630793" visible="true" /><node changeset="1" timestamp="2026-05-15T09:34:42Z" user="OSMnx" lat="53.3172216" uid="1" id="258599292" version="1" lon="-6.2631328" visible="true" /><node changeset="1" timestamp="2026-05-15T09:34:42Z" user="OSMnx" lat="53.3172453" uid="1" id="258599293" version="1" lon="-6.2632772" visible="true" /><node changeset="1" timestamp="2026-05-15T09:34:42Z" user="OSMnx" lat="53.3170651" uid="1" id="258599294" version="1" lon="-6.2638602" visible="true" /><node changeset="1" timestamp="2026-05-15T09:34:42Z" user="OSMnx" lat="53.3168141" uid="1" id="258599295" version="1" lon="-6.2638304" visible="true" /><node changeset="1" timestamp="2026-05-15T09:34:42Z" user="OSMnx" lat="53.3166745" uid="1" id="258599296" version="1" lon="-6.2638229" visible="true" /><node changeset="1" timestamp="2026-05-15T09:34:42Z" user="OSMnx" lat="53.3165544" uid="1" id="258599297" version="1" lon="-6.2638529" visible="true" /><node changeset="1" timestamp="2026-05-15T09:34:42Z" user="OSMnx" lat="53.316454" uid="1" id="258599298" version="1" lon="-6.2639897" visible="true" /><node changeset="1" timestamp="2026-05-15T09:34:42Z" user="OSMnx" lat="53.3163071" uid="1" id="258599299" version="1" lon="-6.2639496" visible="true" /><node changeset="1" timestamp="2026-05-15T09:34:42Z" user="OSMnx" lat="53.3161496" uid="1" id="258599300" version="1" lon="-6.2637459" visible="true" /><node changeset="1" timestamp="2026-05-15T09:34:42Z" user="OSMnx" lat="53.3159983" uid="1" id="258599301" version="1" lon="-6.2635231" visible="true" /><node changeset="1" timestamp="2026-05-15T09:34:42Z" user="OSMnx" lat="53.3159699" uid="1" id="258599302" version="1" lon="-6.2633652" visible="true" /><node changeset="1" timestamp="2026-05-15T09:34:42Z" user="OSMnx" lat="53.3161389" uid="1" id="258599303" version="1" lon="-6.2626286" visible="true" /><node changeset="1" timestamp="2026-05-15T09:34:42Z" user="OSMnx" lat="53.3163717" uid="1" id="258599511" version="1" lon="-6.2619538" visible="true" /><node changeset="1" timestamp="2026-05-15T09:34:42Z" user="OSMnx" lat="53.3165313" uid="1" id="258599512" version="1" lon="-6.2617947" visible="true" /><node changeset="1" timestamp="2026-05-15T09:34:42Z" user="OSMnx" lat="53.3167795" uid="1" id="258599513" version="1" lon="-6.2617137" visible="true" /><node changeset="1" timestamp="2026-05-15T09:34:42Z" user="OSMnx" lat="53.3173599" uid="1" id="258599515" version="1" lon="-6.2616105" visible="true" /><node changeset="1" timestamp="2026-05-15T09:34:42Z" user="OSMnx" lat="53.3142446" uid="1" id="259151611" version="1" lon="-6.2463747" visible="true" /><node changeset="1" timestamp="2026-05-15T09:34:42Z" user="OSMnx" lat="53.3142976" uid="1" id="259151612" version="1" lon="-6.246597" visible="true" /><node changeset="1" timestamp="2026-05-15T09:34:42Z" user="OSMnx" lat="53.3144369" uid="1" id="259151613" version="1" lon="-6.2471866" visible="true" /><node changeset="1" timestamp="2026-05-15T09:34:42Z" user="OSMnx" lat="53.3142168" uid="1" id="259151614" version="1" lon="-6.247359" visible="true" /><node changeset="1" timestamp="2026-05-15T09:34:42Z" user="OSMnx" lat="53.3144063" uid="1" id="259151615" version="1" lon="-6.2481939" visible="true" /><node changeset="1" timestamp="2026-05-15T09:34:42Z" user="OSMnx" lat="53.3145614" uid="1" id="259151616" version="1" lon="-6.2471856" visible="true" /><node changeset="1" timestamp="2026-05-15T09:34:42Z" user="OSMnx" lat="53.3147381" uid="1" id="259151617" version="1" lon="-6.2480082" visible="true" /><node changeset="1" timestamp="2026-05-15T09:34:42Z" user="OSMnx" lat="53.3143646" uid="1" id="259151618" version="1" lon="-6.248309" visible="true" /><node changeset="1" timestamp="2026-05-15T09:34:42Z" user="OSMnx" lat="53.3149659" uid="1" id="259151619" version="1" lon="-6.2479336" visible="true" /><node changeset="1" timestamp="2026-05-15T09:34:42Z" user="OSMnx" lat="53.3139288" uid="1" id="259151620" version="1" lon="-6.2468203" visible="true" /><node changeset="1" timestamp="2026-05-15T09:34:42Z" user="OSMnx" lat="53.3145371" uid="1" id="259151621" version="1" lon="-6.246452" visible="true" /><node changeset="1" timestamp="2026-05-15T09:34:42Z" user="OSMnx" lat="53.3161672" uid="1" id="259151623" version="1" lon="-6.2451431" visible="true" /><node changeset="1" timestamp="2026-05-15T09:34:42Z" user="OSMnx" lat="53.3162081" uid="1" id="259151624" version="1" lon="-6.2452683" visible="true" /><node changeset="1" timestamp="2026-05-15T09:34:42Z" user="OSMnx" lat="53.3153128" uid="1" id="259151625" version="1" lon="-6.2456355" visible="true" /><node changeset="1" timestamp="2026-05-15T09:34:42Z" user="OSMnx" lat="53.3158653" uid="1" id="259151626" version="1" lon="-6.2479204" visible="true" /><node changeset="1" timestamp="2026-05-15T09:34:42Z" user="OSMnx" lat="53.3158771" uid="1" id="259151627" version="1" lon="-6.2480071" visible="true" /><node changeset="1" timestamp="2026-05-15T09:34:42Z" user="OSMnx" lat="53.315868" uid="1" id="259151628" version="1" lon="-6.2480752" visible="true" /><node changeset="1" timestamp="2026-05-15T09:34:42Z" user="OSMnx" lat="53.3158266" uid="1" id="259151629" version="1" lon="-6.2481265" visible="true" /><node changeset="1" timestamp="2026-05-15T09:34:42Z" user="OSMnx" lat="53.3157135" uid="1" id="259151630" version="1" lon="-6.2481987" visible="true" /><node changeset="1" timestamp="2026-05-15T09:34:42Z" user="OSMnx" lat="53.3158025" uid="1" id="259151631" version="1" lon="-6.2486738" visible="true" /><node changeset="1" timestamp="2026-05-15T09:34:42Z" user="OSMnx" lat="53.3153999" uid="1" id="259151632" version="1" lon="-6.2460018" visible="true" /><node changeset="1" timestamp="2026-05-15T09:34:42Z" user="OSMnx" lat="53.315162" uid="1" id="259151633" version="1" lon="-6.2461735" visible="true" /><node changeset="1" timestamp="2026-05-15T09:34:42Z" user="OSMnx" lat="53.3157764" uid="1" id="259151634" version="1" lon="-6.2475401" visible="true" /><node changeset="1" timestamp="2026-05-15T09:34:42Z" user="OSMnx" lat="53.3155403" uid="1" id="259151635" version="1" lon="-6.2476788" visible="true" /><node changeset="1" timestamp="2026-05-15T09:34:42Z" user="OSMnx" lat="53.315855" uid="1" id="259151636" version="1" lon="-6.2468792" visible="true" /><node changeset="1" timestamp="2026-05-15T09:34:42Z" user="OSMnx" lat="53.3156451" uid="1" id="259151637" version="1" lon="-6.2470106" visible="true" /><node changeset="1" timestamp="2026-05-15T09:34:42Z" user="OSMnx" lat="53.3154208" uid="1" id="259151638" version="1" lon="-6.2471509" visible="true" /><node changeset="1" timestamp="2026-05-15T09:34:42Z" user="OSMnx" lat="53.3157151" uid="1" id="259151639" version="1" lon="-6.2463434" visible="true" /><node changeset="1" timestamp="2026-05-15T09:34:42Z" user="OSMnx" lat="53.3155128" uid="1" id="259151640" version="1" lon="-6.2464676" visible="true" /><node changeset="1" timestamp="2026-05-15T09:34:42Z" user="OSMnx" lat="53.3152965" uid="1" id="259151641" version="1" lon="-6.2466047" visible="true" /><node changeset="1" timestamp="2026-05-15T09:34:42Z" user="OSMnx" lat="53.3156331" uid="1" id="259151642" version="1" lon="-6.2458527" visible="true" /><node changeset="1" timestamp="2026-05-15T09:34:42Z" user="OSMnx" lat="53.3172588" uid="1" id="259594799" version="1" lon="-6.240211" visible="true" /><node changeset="1" timestamp="2026-05-15T09:34:42Z" user="OSMnx" lat="53.3167338" uid="1" id="259594800" version="1" lon="-6.2409442" visible="true" /><node changeset="1" timestamp="2026-05-15T09:34:42Z" user="OSMnx" lat="53.3167006" uid="1" id="259594801" version="1" lon="-6.2409709" visible="true" /><node changeset="1" timestamp="2026-05-15T09:34:42Z" user="OSMnx" lat="53.3166038" uid="1" id="259594802" version="1" lon="-6.2407293" visible="true" /><node changeset="1" timestamp="2026-05-15T09:34:42Z" user="OSMnx" lat="53.3165239" uid="1" id="259594803" version="1" lon="-6.240522" visible="true" /><node changeset="1" timestamp="2026-05-15T09:34:42Z" user="OSMnx" lat="53.3163179" uid="1" id="259594804" version="1" lon="-6.2399968" visible="true" /><node changeset="1" timestamp="2026-05-15T09:34:42Z" user="OSMnx" lat="53.3177529" uid="1" id="259594805" version="1" lon="-6.2438701" visible="true" /><node changeset="1" timestamp="2026-05-15T09:34:42Z" user="OSMnx" lat="53.3175475" uid="1" id="259594806" version="1" lon="-6.2436126" visible="true" /><node changeset="1" timestamp="2026-05-15T09:34:42Z" user="OSMnx" lat="53.3174959" uid="1" id="259594807" version="1" lon="-6.2443499" visible="true" /><node changeset="1" timestamp="2026-05-15T09:34:42Z" user="OSMnx" lat="53.3166058" uid="1" id="259594808" version="1" lon="-6.2448614" visible="true" /><node changeset="1" timestamp="2026-05-15T09:34:42Z" user="OSMnx" lat="53.3166807" uid="1" id="259594812" version="1" lon="-6.2417822" visible="true"><tag k="highway" v="turning_circle" /></node><node changeset="1" timestamp="2026-05-15T09:34:42Z" user="OSMnx" lat="53.3158534" uid="1" id="259594813" version="1" lon="-6.2428645" visible="true" /><node changeset="1" timestamp="2026-05-15T09:34:42Z" user="OSMnx" lat="53.3141399" uid="1" id="259594814" version="1" lon="-6.2415614" visible="true" /><node changeset="1" timestamp="2026-05-15T09:34:42Z" user="OSMnx" lat="53.3151463" uid="1" id="259594815" version="1" lon="-6.2416248" visible="true" /><node changeset="1" timestamp="2026-05-15T09:34:42Z" user="OSMnx" lat="53.3152296" uid="1" id="259594816" version="1" lon="-6.2416502" visible="true" /><node changeset="1" timestamp="2026-05-15T09:34:42Z" user="OSMnx" lat="53.3152758" uid="1" id="259594817" version="1" lon="-6.2417125" visible="true" /><node changeset="1" timestamp="2026-05-15T09:34:42Z" user="OSMnx" lat="53.3153197" uid="1" id="259594818" version="1" lon="-6.2429051" visible="true" /><node changeset="1" timestamp="2026-05-15T09:34:42Z" user="OSMnx" lat="53.3142915" uid="1" id="259594819" version="1" lon="-6.2442693" visible="true" /><node changeset="1" timestamp="2026-05-15T09:34:42Z" user="OSMnx" lat="53.3142658" uid="1" id="259594820" version="1" lon="-6.2431917" visible="true" /><node changeset="1" timestamp="2026-05-15T09:34:42Z" user="OSMnx" lat="53.3142858" uid="1" id="259594821" version="1" lon="-6.2430715" visible="true" /><node changeset="1" timestamp="2026-05-15T09:34:42Z" user="OSMnx" lat="53.3145507" uid="1" id="259594822" version="1" lon="-6.2429486" visible="true" /><node changeset="1" timestamp="2026-05-15T09:34:42Z" user="OSMnx" lat="53.3149364" uid="1" id="259594823" version="1" lon="-6.2429319" visible="true" /><node changeset="1" timestamp="2026-05-15T09:34:42Z" user="OSMnx" lat="53.314828" uid="1" id="259594824" version="1" lon="-6.2459802" visible="true" /><node changeset="1" timestamp="2026-05-15T09:34:42Z" user="OSMnx" lat="53.3145855" uid="1" id="259594825" version="1" lon="-6.2445884" visible="true" /><node changeset="1" timestamp="2026-05-15T09:34:42Z" user="OSMnx" lat="53.3149893" uid="1" id="259594826" version="1" lon="-6.2439926" visible="true" /><node changeset="1" timestamp="2026-05-15T09:34:42Z" user="OSMnx" lat="53.3149482" uid="1" id="259594827" version="1" lon="-6.2442717" visible="true" /><node changeset="1" timestamp="2026-05-15T09:34:42Z" user="OSMnx" lat="53.3148295" uid="1" id="259594828" version="1" lon="-6.2444346" visible="true" /><node changeset="1" timestamp="2026-05-15T09:34:42Z" user="OSMnx" lat="53.314717" uid="1" id="259594829" version="1" lon="-6.2445136" visible="true" /><node changeset="1" timestamp="2026-05-15T09:34:42Z" user="OSMnx" lat="53.3144727" uid="1" id="259594830" version="1" lon="-6.2445966" visible="true" /><node changeset="1" timestamp="2026-05-15T09:34:42Z" user="OSMnx" lat="53.3143893" uid="1" id="259594831" version="1" lon="-6.2445583" visible="true" /><node changeset="1" timestamp="2026-05-15T09:34:42Z" user="OSMnx" lat="53.3141389" uid="1" id="259594832" version="1" lon="-6.2443487" visible="true" /><node changeset="1" timestamp="2026-05-15T09:34:42Z" user="OSMnx" lat="53.3138509" uid="1" id="259594833" version="1" lon="-6.2446356" visible="true" /><node changeset="1" timestamp="2026-05-15T09:34:42Z" user="OSMnx" lat="53.3135455" uid="1" id="259594834" version="1" lon="-6.2451513" visible="true" /><node changeset="1" timestamp="2026-05-15T09:34:42Z" user="OSMnx" lat="53.3143174" uid="1" id="259594837" version="1" lon="-6.2444546" visible="true" /><node changeset="1" timestamp="2026-05-15T09:34:42Z" user="OSMnx" lat="53.3142109" uid="1" id="259594838" version="1" lon="-6.2443124" visible="true" /><node changeset="1" timestamp="2026-05-15T09:34:42Z" user="OSMnx" lat="53.3160366" uid="1" id="259594841" version="1" lon="-6.2448139" visible="true" /><node changeset="1" timestamp="2026-05-15T09:34:42Z" user="OSMnx" lat="53.3161336" uid="1" id="259594842" version="1" lon="-6.2450211" visible="true" /><node changeset="1" timestamp="2026-05-15T09:34:42Z" user="OSMnx" lat="53.316943" uid="1" id="259594843" version="1" lon="-6.2434387" visible="true" /><node changeset="1" timestamp="2026-05-15T09:34:42Z" user="OSMnx" lat="53.3166923" uid="1" id="259594844" version="1" lon="-6.2429208" visible="true" /><node changeset="1" timestamp="2026-05-15T09:34:42Z" user="OSMnx" lat="53.3168148" uid="1" id="259594845" version="1" lon="-6.2427508" visible="true" /><node changeset="1" timestamp="2026-05-15T09:34:42Z" user="OSMnx" lat="53.3164258" uid="1" id="259594846" version="1" lon="-6.2432154" visible="true" /><node changeset="1" timestamp="2026-05-15T09:34:42Z" user="OSMnx" lat="53.3166496" uid="1" id="259594851" version="1" lon="-6.244064" visible="true" /><node changeset="1" timestamp="2026-05-15T09:34:42Z" user="OSMnx" lat="53.3172423" uid="1" id="259594852" version="1" lon="-6.2432986" visible="true" /><node changeset="1" timestamp="2026-05-15T09:34:42Z" user="OSMnx" lat="53.3170176" uid="1" id="259594853" version="1" lon="-6.2435923" visible="true" /><node changeset="1" timestamp="2026-05-15T09:34:42Z" user="OSMnx" lat="53.3198118" uid="1" id="259594856" version="1" lon="-6.249357" visible="true" /><node changeset="1" timestamp="2026-05-15T09:34:42Z" user="OSMnx" lat="53.3207265" uid="1" id="259594857" version="1" lon="-6.251875" visible="true" /><node changeset="1" timestamp="2026-05-15T09:34:42Z" user="OSMnx" lat="53.3184585" uid="1" id="259594859" version="1" lon="-6.2513206" visible="true" /><node changeset="1" timestamp="2026-05-15T09:34:42Z" user="OSMnx" lat="53.3193537" uid="1" id="259594860" version="1" lon="-6.2515568" visible="true" /><node changeset="1" timestamp="2026-05-15T09:34:42Z" user="OSMnx" lat="53.3175949" uid="1" id="259594862" version="1" lon="-6.2514127" visible="true" /><node changeset="1" timestamp="2026-05-15T09:34:42Z" user="OSMnx" lat="53.3175431" uid="1" id="259594863" version="1" lon="-6.2521949" visible="true" /><node changeset="1" timestamp="2026-05-15T09:34:42Z" user="OSMnx" lat="53.3174581" uid="1" id="259594864" version="1" lon="-6.2525501" visible="true" /><node changeset="1" timestamp="2026-05-15T09:34:42Z" user="OSMnx" lat="53.3172124" uid="1" id="259594865" version="1" lon="-6.2527927" visible="true" /><node changeset="1" timestamp="2026-05-15T09:34:42Z" user="OSMnx" lat="53.3170767" uid="1" id="259594866" version="1" lon="-6.2528041" visible="true" /><node changeset="1" timestamp="2026-05-15T09:34:42Z" user="OSMnx" lat="53.3166754" uid="1" id="259594867" version="1" lon="-6.2527274" visible="true" /><node changeset="1" timestamp="2026-05-15T09:34:42Z" user="OSMnx" lat="53.3173148" uid="1" id="259594875" version="1" lon="-6.2527335" visible="true" /><node changeset="1" timestamp="2026-05-15T09:34:42Z" user="OSMnx" lat="53.323124" uid="1" id="259594884" version="1" lon="-6.24947" visible="true" /><node changeset="1" timestamp="2026-05-15T09:34:42Z" user="OSMnx" lat="53.3220303" uid="1" id="259594885" version="1" lon="-6.2508282" visible="true" /><node changeset="1" timestamp="2026-05-15T09:34:42Z" user="OSMnx" lat="53.3225819" uid="1" id="259594887" version="1" lon="-6.2503439" visible="true" /><node changeset="1" timestamp="2026-05-15T09:34:42Z" user="OSMnx" lat="53.3198598" uid="1" id="259594888" version="1" lon="-6.2438757" visible="true" /><node changeset="1" timestamp="2026-05-15T09:34:42Z" user="OSMnx" lat="53.3194497" uid="1" id="259594889" version="1" lon="-6.2452008" visible="true"><tag k="highway" v="turning_circle" /></node><node changeset="1" timestamp="2026-05-15T09:34:42Z" user="OSMnx" lat="53.3193554" uid="1" id="259594890" version="1" lon="-6.2446899" visible="true" /><node changeset="1" timestamp="2026-05-15T09:34:42Z" user="OSMnx" lat="53.3193899" uid="1" id="259594891" version="1" lon="-6.2445463" visible="true" /><node changeset="1" timestamp="2026-05-15T09:34:42Z" user="OSMnx" lat="53.3206052" uid="1" id="259594893" version="1" lon="-6.2461888" visible="true" /><node changeset="1" timestamp="2026-05-15T09:34:42Z" user="OSMnx" lat="53.320212" uid="1" id="259594894" version="1" lon="-6.2455892" visible="true" /><node changeset="1" timestamp="2026-05-15T09:34:42Z" user="OSMnx" lat="53.3190876" uid="1" id="259594896" version="1" lon="-6.2464293" visible="true" /><node changeset="1" timestamp="2026-05-15T09:34:42Z" user="OSMnx" lat="53.3209642" uid="1" id="259594897" version="1" lon="-6.2456643" visible="true" /><node changeset="1" timestamp="2026-05-15T09:34:42Z" user="OSMnx" lat="53.3194311" uid="1" id="259594898" version="1" lon="-6.2472247" visible="true" /><node changeset="1" timestamp="2026-05-15T09:34:42Z" user="OSMnx" lat="53.3192659" uid="1" id="259594900" version="1" lon="-6.2473741" visible="true" /><node changeset="1" timestamp="2026-05-15T09:34:42Z" user="OSMnx" lat="53.3179978" uid="1" id="259594902" version="1" lon="-6.2468626" visible="true" /><node changeset="1" timestamp="2026-05-15T09:34:42Z" user="OSMnx" lat="53.3185647" uid="1" id="259594903" version="1" lon="-6.2466122" visible="true" /><node changeset="1" timestamp="2026-05-15T09:34:42Z" user="OSMnx" lat="53.3188709" uid="1" id="259594904" version="1" lon="-6.246716" visible="true" /><node changeset="1" timestamp="2026-05-15T09:34:42Z" user="OSMnx" lat="53.3185619" uid="1" id="259594905" version="1" lon="-6.2468053" visible="true" /><node changeset="1" timestamp="2026-05-15T09:34:42Z" user="OSMnx" lat="53.3183241" uid="1" id="259594906" version="1" lon="-6.2470169" visible="true" /><node changeset="1" timestamp="2026-05-15T09:34:42Z" user="OSMnx" lat="53.3140934" uid="1" id="259595007" version="1" lon="-6.2587383" visible="true" /><node changeset="1" timestamp="2026-05-15T09:34:42Z" user="OSMnx" lat="53.3161883" uid="1" id="259595008" version="1" lon="-6.2567766" visible="true" /><node changeset="1" timestamp="2026-05-15T09:34:42Z" user="OSMnx" lat="53.321472" uid="1" id="260032896" version="1" lon="-6.2487365" visible="true" /><node changeset="1" timestamp="2026-05-15T09:34:42Z" user="OSMnx" lat="53.3206193" uid="1" id="260032897" version="1" lon="-6.2501259" visible="true" /><node changeset="1" timestamp="2026-05-15T09:34:42Z" user="OSMnx" lat="53.3216538" uid="1" id="260032899" version="1" lon="-6.2516457" visible="true" /><node changeset="1" timestamp="2026-05-15T09:34:42Z" user="OSMnx" lat="53.3229179" uid="1" id="260032900" version="1" lon="-6.2499914" visible="true" /><node changeset="1" timestamp="2026-05-15T09:34:42Z" user="OSMnx" lat="53.3298793" uid="1" id="262343018" version="1" lon="-6.2660897" visible="true" /><node changeset="1" timestamp="2026-05-15T09:34:42Z" user="OSMnx" lat="53.3285466" uid="1" id="264020616" version="1" lon="-6.2467308" visible="true" /><node changeset="1" timestamp="2026-05-15T09:34:42Z" user="OSMnx" lat="53.3322028" uid="1" id="277500288" version="1" lon="-6.2537699" visible="true" /><node changeset="1" timestamp="2026-05-15T09:34:42Z" user="OSMnx" lat="53.3306718" uid="1" id="279464427" version="1" lon="-6.2689064" visible="true" /><node changeset="1" timestamp="2026-05-15T09:34:42Z" user="OSMnx" lat="53.3289594" uid="1" id="282422518" version="1" lon="-6.2451318" visible="true" /><node changeset="1" timestamp="2026-05-15T09:34:42Z" user="OSMnx" lat="53.3287606" uid="1" id="282422520" version="1" lon="-6.2434279" visible="true" /><node changeset="1" timestamp="2026-05-15T09:34:42Z" user="OSMnx" lat="53.3317832" uid="1" id="282422521" version="1" lon="-6.242297" visible="true" /><node changeset="1" timestamp="2026-05-15T09:34:42Z" user="OSMnx" lat="53.3331232" uid="1" id="289889581" version="1" lon="-6.2359843" visible="true" /><node changeset="1" timestamp="2026-05-15T09:34:42Z" user="OSMnx" lat="53.3336297" uid="1" id="289889582" version="1" lon="-6.2348039" visible="true" /><node changeset="1" timestamp="2026-05-15T09:34:42Z" user="OSMnx" lat="53.334099" uid="1" id="289889588" version="1" lon="-6.2337107" visible="true" /><node changeset="1" timestamp="2026-05-15T09:34:42Z" user="OSMnx" lat="53.334476" uid="1" id="289889589" version="1" lon="-6.2341797" visible="true" /><node changeset="1" timestamp="2026-05-15T09:34:42Z" user="OSMnx" lat="53.3345823" uid="1" id="289889591" version="1" lon="-6.233961" visible="true" /><node changeset="1" timestamp="2026-05-15T09:34:42Z" user="OSMnx" lat="53.334652" uid="1" id="289889592" version="1" lon="-6.2339322" visible="true" /><node changeset="1" timestamp="2026-05-15T09:34:42Z" user="OSMnx" lat="53.3347426" uid="1" id="289889593" version="1" lon="-6.2340041" visible="true" /><node changeset="1" timestamp="2026-05-15T09:34:42Z" user="OSMnx" lat="53.3347643" uid="1" id="289889594" version="1" lon="-6.2340602" visible="true" /><node changeset="1" timestamp="2026-05-15T09:34:42Z" user="OSMnx" lat="53.3347826" uid="1" id="289889595" version="1" lon="-6.234141" visible="true" /><node changeset="1" timestamp="2026-05-15T09:34:42Z" user="OSMnx" lat="53.334624" uid="1" id="289889596" version="1" lon="-6.2345388" visible="true" /><node changeset="1" timestamp="2026-05-15T09:34:42Z" user="OSMnx" lat="53.3345721" uid="1" id="289889597" version="1" lon="-6.2345552" visible="true" /><node changeset="1" timestamp="2026-05-15T09:34:42Z" user="OSMnx" lat="53.3345256" uid="1" id="289889598" version="1" lon="-6.2345198" visible="true" /><node changeset="1" timestamp="2026-05-15T09:34:42Z" user="OSMnx" lat="53.3344701" uid="1" id="289889599" version="1" lon="-6.234466" visible="true" /><node changeset="1" timestamp="2026-05-15T09:34:42Z" user="OSMnx" lat="53.3344362" uid="1" id="289889600" version="1" lon="-6.2343498" visible="true" /><node changeset="1" timestamp="2026-05-15T09:34:42Z" user="OSMnx" lat="53.3346992" uid="1" id="289889601" version="1" lon="-6.2339629" visible="true" /><node changeset="1" timestamp="2026-05-15T09:34:42Z" user="OSMnx" lat="53.3346238" uid="1" id="289889602" version="1" lon="-6.2339415" visible="true" /><node changeset="1" timestamp="2026-05-15T09:34:42Z" user="OSMnx" lat="53.3344356" uid="1" id="289889603" version="1" lon="-6.2343968" visible="true" /><node changeset="1" timestamp="2026-05-15T09:34:42Z" user="OSMnx" lat="53.3344276" uid="1" id="289889605" version="1" lon="-6.2355009" visible="true" /><node changeset="1" timestamp="2026-05-15T09:34:42Z" user="OSMnx" lat="53.3350305" uid="1" id="289889606" version="1" lon="-6.2359376" visible="true" /><node changeset="1" timestamp="2026-05-15T09:34:42Z" user="OSMnx" lat="53.3196378" uid="1" id="291654538" version="1" lon="-6.26169" visible="true" /><node changeset="1" timestamp="2026-05-15T09:34:42Z" user="OSMnx" lat="53.319745" uid="1" id="291654542" version="1" lon="-6.2616774" visible="true" /><node changeset="1" timestamp="2026-05-15T09:34:42Z" user="OSMnx" lat="53.3197985" uid="1" id="291654545" version="1" lon="-6.261694" visible="true" /><node changeset="1" timestamp="2026-05-15T09:34:42Z" user="OSMnx" lat="53.3199556" uid="1" id="291654559" version="1" lon="-6.2617766" visible="true" /><node changeset="1" timestamp="2026-05-15T09:34:42Z" user="OSMnx" lat="53.32037" uid="1" id="291654565" version="1" lon="-6.2619923" visible="true" /><node changeset="1" timestamp="2026-05-15T09:34:42Z" user="OSMnx" lat="53.3152733" uid="1" id="310697144" version="1" lon="-6.2621936" visible="true" /><node changeset="1" timestamp="2026-05-15T09:34:42Z" user="OSMnx" lat="53.3145891" uid="1" id="310697342" version="1" lon="-6.2644545" visible="true" /><node changeset="1" timestamp="2026-05-15T09:34:42Z" user="OSMnx" lat="53.3208364" uid="1" id="313713115" version="1" lon="-6.2342729" visible="true" /><node changeset="1" timestamp="2026-05-15T09:34:42Z" user="OSMnx" lat="53.3294993" uid="1" id="317726057" version="1" lon="-6.2487053" visible="true" /><node changeset="1" timestamp="2026-05-15T09:34:42Z" user="OSMnx" lat="53.329345" uid="1" id="317726060" version="1" lon="-6.2488027" visible="true" /><node changeset="1" timestamp="2026-05-15T09:34:42Z" user="OSMnx" lat="53.3317275" uid="1" id="321525355" version="1" lon="-6.2348387" visible="true" /><node changeset="1" timestamp="2026-05-15T09:34:42Z" user="OSMnx" lat="53.33158" uid="1" id="321525382" version="1" lon="-6.2346606" visible="true" /><node changeset="1" timestamp="2026-05-15T09:34:42Z" user="OSMnx" lat="53.3250655" uid="1" id="324343692" version="1" lon="-6.2366028" visible="true" /><node changeset="1" timestamp="2026-05-15T09:34:42Z" user="OSMnx" lat="53.3262064" uid="1" id="324343695" version="1" lon="-6.238072" visible="true" /><node changeset="1" timestamp="2026-05-15T09:34:42Z" user="OSMnx" lat="53.3244336" uid="1" id="324343697" version="1" lon="-6.2379456" visible="true" /><node changeset="1" timestamp="2026-05-15T09:34:42Z" user="OSMnx" lat="53.3241331" uid="1" id="324343706" version="1" lon="-6.2385987" visible="true" /><node changeset="1" timestamp="2026-05-15T09:34:42Z" user="OSMnx" lat="53.3238087" uid="1" id="324343708" version="1" lon="-6.239374" visible="true" /><node changeset="1" timestamp="2026-05-15T09:34:42Z" user="OSMnx" lat="53.3241685" uid="1" id="324345972" version="1" lon="-6.2369123" visible="true" /><node changeset="1" timestamp="2026-05-15T09:34:42Z" user="OSMnx" lat="53.3233202" uid="1" id="324345974" version="1" lon="-6.2387176" visible="true" /><node changeset="1" timestamp="2026-05-15T09:34:42Z" user="OSMnx" lat="53.3232384" uid="1" id="324345977" version="1" lon="-6.2374833" visible="true" /><node changeset="1" timestamp="2026-05-15T09:34:42Z" user="OSMnx" lat="53.3212129" uid="1" id="324380070" version="1" lon="-6.2347961" visible="true" /><node changeset="1" timestamp="2026-05-15T09:34:42Z" user="OSMnx" lat="53.3212584" uid="1" id="324380071" version="1" lon="-6.2347271" visible="true" /><node changeset="1" timestamp="2026-05-15T09:34:42Z" user="OSMnx" lat="53.3224797" uid="1" id="324380072" version="1" lon="-6.2346053" visible="true" /><node changeset="1" timestamp="2026-05-15T09:34:42Z" user="OSMnx" lat="53.3232304" uid="1" id="324380073" version="1" lon="-6.2340802" visible="true" /><node changeset="1" timestamp="2026-05-15T09:34:42Z" user="OSMnx" lat="53.3235688" uid="1" id="324380075" version="1" lon="-6.2353424" visible="true" /><node changeset="1" timestamp="2026-05-15T09:34:42Z" user="OSMnx" lat="53.3237489" uid="1" id="324380080" version="1" lon="-6.2351344" visible="true" /><node changeset="1" timestamp="2026-05-15T09:34:42Z" user="OSMnx" lat="53.3239304" uid="1" id="324380081" version="1" lon="-6.2355535" visible="true" /><node changeset="1" timestamp="2026-05-15T09:34:42Z" user="OSMnx" lat="53.323726" uid="1" id="324380082" version="1" lon="-6.2357749" visible="true" /><node changeset="1" timestamp="2026-05-15T09:34:42Z" user="OSMnx" lat="53.3230036" uid="1" id="324380086" version="1" lon="-6.2365723" visible="true" /><node changeset="1" timestamp="2026-05-15T09:34:42Z" user="OSMnx" lat="53.3228569" uid="1" id="324380087" version="1" lon="-6.2361202" visible="true" /><node changeset="1" timestamp="2026-05-15T09:34:42Z" user="OSMnx" lat="53.3234386" uid="1" id="324380089" version="1" lon="-6.2350019" visible="true" /><node changeset="1" timestamp="2026-05-15T09:34:42Z" user="OSMnx" lat="53.3238527" uid="1" id="324380095" version="1" lon="-6.2364098" visible="true" /><node changeset="1" timestamp="2026-05-15T09:34:42Z" user="OSMnx" lat="53.3240328" uid="1" id="324380096" version="1" lon="-6.2357896" visible="true" /><node changeset="1" timestamp="2026-05-15T09:34:42Z" user="OSMnx" lat="53.323133" uid="1" id="324380101" version="1" lon="-6.2376728" visible="true" /><node changeset="1" timestamp="2026-05-15T09:34:42Z" user="OSMnx" lat="53.322172" uid="1" id="324380103" version="1" lon="-6.2369251" visible="true" /><node changeset="1" timestamp="2026-05-15T09:34:42Z" user="OSMnx" lat="53.3224848" uid="1" id="324380108" version="1" lon="-6.2375477" visible="true" /><node changeset="1" timestamp="2026-05-15T09:34:42Z" user="OSMnx" lat="53.3237016" uid="1" id="324380110" version="1" lon="-6.2361693" visible="true" /><node changeset="1" timestamp="2026-05-15T09:34:42Z" user="OSMnx" lat="53.3242656" uid="1" id="324380112" version="1" lon="-6.2369121" visible="true" /><node changeset="1" timestamp="2026-05-15T09:34:42Z" user="OSMnx" lat="53.3250697" uid="1" id="324380115" version="1" lon="-6.2352077" visible="true" /><node changeset="1" timestamp="2026-05-15T09:34:42Z" user="OSMnx" lat="53.3246148" uid="1" id="324380117" version="1" lon="-6.2353804" visible="true" /><node changeset="1" timestamp="2026-05-15T09:34:42Z" user="OSMnx" lat="53.3239716" uid="1" id="324380119" version="1" lon="-6.2366062" visible="true" /><node changeset="1" timestamp="2026-05-15T09:34:42Z" user="OSMnx" lat="53.3242592" uid="1" id="324380121" version="1" lon="-6.2361601" visible="true" /><node changeset="1" timestamp="2026-05-15T09:34:42Z" user="OSMnx" lat="53.3238449" uid="1" id="330265178" version="1" lon="-6.2682677" visible="true" /><node changeset="1" timestamp="2026-05-15T09:34:42Z" user="OSMnx" lat="53.3239088" uid="1" id="330265197" version="1" lon="-6.2676484" visible="true" /><node changeset="1" timestamp="2026-05-15T09:34:42Z" user="OSMnx" lat="53.3238332" uid="1" id="330265209" version="1" lon="-6.2683873" visible="true" /><node changeset="1" timestamp="2026-05-15T09:34:42Z" user="OSMnx" lat="53.3237303" uid="1" id="330265221" version="1" lon="-6.2691775" visible="true" /><node changeset="1" timestamp="2026-05-15T09:34:42Z" user="OSMnx" lat="53.32691" uid="1" id="337429610" version="1" lon="-6.2648284" visible="true" /><node changeset="1" timestamp="2026-05-15T09:34:42Z" user="OSMnx" lat="53.3325764" uid="1" id="340862530" version="1" lon="-6.265612" visible="true" /><node changeset="1" timestamp="2026-05-15T09:34:42Z" user="OSMnx" lat="53.3336624" uid="1" id="340862532" version="1" lon="-6.2648492" visible="true" /><node changeset="1" timestamp="2026-05-15T09:34:42Z" user="OSMnx" lat="53.3334719" uid="1" id="340862535" version="1" lon="-6.2650526" visible="true" /><node changeset="1" timestamp="2026-05-15T09:34:42Z" user="OSMnx" lat="53.3335993" uid="1" id="340862536" version="1" lon="-6.2649973" visible="true"><tag k="highway" v="crossing" /></node><node changeset="1" timestamp="2026-05-15T09:34:42Z" user="OSMnx" lat="53.3229904" uid="1" id="343103105" version="1" lon="-6.2401743" visible="true" /><node changeset="1" timestamp="2026-05-15T09:34:42Z" user="OSMnx" lat="53.3233419" uid="1" id="343103106" version="1" lon="-6.2397822" visible="true" /><node changeset="1" timestamp="2026-05-15T09:34:42Z" user="OSMnx" lat="53.3236299" uid="1" id="343103107" version="1" lon="-6.2391343" visible="true" /><node changeset="1" timestamp="2026-05-15T09:34:42Z" user="OSMnx" lat="53.3278547" uid="1" id="344665742" version="1" lon="-6.2584722" visible="true" /><node changeset="1" timestamp="2026-05-15T09:34:42Z" user="OSMnx" lat="53.3279541" uid="1" id="344665744" version="1" lon="-6.2598653" visible="true" /><node changeset="1" timestamp="2026-05-15T09:34:42Z" user="OSMnx" lat="53.3279364" uid="1" id="344665745" version="1" lon="-6.2603957" visible="true" /><node changeset="1" timestamp="2026-05-15T09:34:42Z" user="OSMnx" lat="53.327833" uid="1" id="344665746" version="1" lon="-6.2609112" visible="true" /><node changeset="1" timestamp="2026-05-15T09:34:42Z" user="OSMnx" lat="53.3267767" uid="1" id="344665747" version="1" lon="-6.2608541" visible="true" /><node changeset="1" timestamp="2026-05-15T09:34:42Z" user="OSMnx" lat="53.3267508" uid="1" id="344666352" version="1" lon="-6.2584104" visible="true" /><node changeset="1" timestamp="2026-05-15T09:34:42Z" user="OSMnx" lat="53.3265137" uid="1" id="344666364" version="1" lon="-6.2575284" visible="true" /><node changeset="1" timestamp="2026-05-15T09:34:42Z" user="OSMnx" lat="53.3268443" uid="1" id="344666365" version="1" lon="-6.2572678" visible="true" /><node changeset="1" timestamp="2026-05-15T09:34:42Z" user="OSMnx" lat="53.3250606" uid="1" id="344666366" version="1" lon="-6.2579269" visible="true" /><node changeset="1" timestamp="2026-05-15T09:34:42Z" user="OSMnx" lat="53.3245672" uid="1" id="344666455" version="1" lon="-6.2598718" visible="true" /><node changeset="1" timestamp="2026-05-15T09:34:42Z" user="OSMnx" lat="53.3297566" uid="1" id="344666513" version="1" lon="-6.2633285" visible="true" /><node changeset="1" timestamp="2026-05-15T09:34:42Z" user="OSMnx" lat="53.3298846" uid="1" id="344666523" version="1" lon="-6.261862" visible="true"><tag k="highway" v="turning_circle" /></node><node changeset="1" timestamp="2026-05-15T09:34:42Z" user="OSMnx" lat="53.327124" uid="1" id="344666760" version="1" lon="-6.2581071" visible="true" /><node changeset="1" timestamp="2026-05-15T09:34:42Z" user="OSMnx" lat="53.3291749" uid="1" id="355146342" version="1" lon="-6.2344706" visible="true" /><node changeset="1" timestamp="2026-05-15T09:34:42Z" user="OSMnx" lat="53.3278156" uid="1" id="355146343" version="1" lon="-6.2397486" visible="true" /><node changeset="1" timestamp="2026-05-15T09:34:42Z" user="OSMnx" lat="53.3283983" uid="1" id="355146344" version="1" lon="-6.240216" visible="true" /><node changeset="1" timestamp="2026-05-15T09:34:42Z" user="OSMnx" lat="53.3312948" uid="1" id="355146346" version="1" lon="-6.2379237" visible="true" /><node changeset="1" timestamp="2026-05-15T09:34:42Z" user="OSMnx" lat="53.3285324" uid="1" id="355146351" version="1" lon="-6.2402605" visible="true" /><node changeset="1" timestamp="2026-05-15T09:34:42Z" user="OSMnx" lat="53.3306047" uid="1" id="355146352" version="1" lon="-6.2396061" visible="true" /><node changeset="1" timestamp="2026-05-15T09:34:42Z" user="OSMnx" lat="53.3314549" uid="1" id="355146353" version="1" lon="-6.2393322" visible="true" /><node changeset="1" timestamp="2026-05-15T09:34:42Z" user="OSMnx" lat="53.3277251" uid="1" id="366910023" version="1" lon="-6.2616798" visible="true" /><node changeset="1" timestamp="2026-05-15T09:34:42Z" user="OSMnx" lat="53.3276911" uid="1" id="366910300" version="1" lon="-6.261902" visible="true" /><node changeset="1" timestamp="2026-05-15T09:34:42Z" user="OSMnx" lat="53.327733" uid="1" id="366910303" version="1" lon="-6.2624797" visible="true" /><node changeset="1" timestamp="2026-05-15T09:34:42Z" user="OSMnx" lat="53.3278351" uid="1" id="366910305" version="1" lon="-6.2630172" visible="true" /><node changeset="1" timestamp="2026-05-15T09:34:42Z" user="OSMnx" lat="53.327953" uid="1" id="366910307" version="1" lon="-6.2633257" visible="true" /><node changeset="1" timestamp="2026-05-15T09:34:42Z" user="OSMnx" lat="53.3288588" uid="1" id="366910526" version="1" lon="-6.2616252" visible="true" /><node changeset="1" timestamp="2026-05-15T09:34:42Z" user="OSMnx" lat="53.3283186" uid="1" id="366910529" version="1" lon="-6.2611224" visible="true" /><node changeset="1" timestamp="2026-05-15T09:34:42Z" user="OSMnx" lat="53.3284853" uid="1" id="366910532" version="1" lon="-6.2588437" visible="true" /><node changeset="1" timestamp="2026-05-15T09:34:42Z" user="OSMnx" lat="53.3290838" uid="1" id="366910848" version="1" lon="-6.2618323" visible="true" /><node changeset="1" timestamp="2026-05-15T09:34:42Z" user="OSMnx" lat="53.3299724" uid="1" id="366910936" version="1" lon="-6.2596911" visible="true" /><node changeset="1" timestamp="2026-05-15T09:34:42Z" user="OSMnx" lat="53.3294946" uid="1" id="366910972" version="1" lon="-6.2605135" visible="true" /><node changeset="1" timestamp="2026-05-15T09:34:42Z" user="OSMnx" lat="53.3261525" uid="1" id="368409012" version="1" lon="-6.2587094" visible="true" /><node changeset="1" timestamp="2026-05-15T09:34:42Z" user="OSMnx" lat="53.3251596" uid="1" id="368409290" version="1" lon="-6.2579976" visible="true" /><node changeset="1" timestamp="2026-05-15T09:34:42Z" user="OSMnx" lat="53.3252544" uid="1" id="368409490" version="1" lon="-6.2575686" visible="true" /><node changeset="1" timestamp="2026-05-15T09:34:42Z" user="OSMnx" lat="53.3254164" uid="1" id="368409492" version="1" lon="-6.2568618" visible="true"><tag k="highway" v="turning_circle" /></node><node changeset="1" timestamp="2026-05-15T09:34:42Z" user="OSMnx" lat="53.3256941" uid="1" id="368409494" version="1" lon="-6.2578076" visible="true"><tag k="highway" v="turning_circle" /></node><node changeset="1" timestamp="2026-05-15T09:34:42Z" user="OSMnx" lat="53.3249132" uid="1" id="368409949" version="1" lon="-6.2585075" visible="true" /><node changeset="1" timestamp="2026-05-15T09:34:42Z" user="OSMnx" lat="53.3251036" uid="1" id="368410106" version="1" lon="-6.2586427" visible="true" /><node changeset="1" timestamp="2026-05-15T09:34:42Z" user="OSMnx" lat="53.3250041" uid="1" id="368410107" version="1" lon="-6.2591059" visible="true" /><node changeset="1" timestamp="2026-05-15T09:34:42Z" user="OSMnx" lat="53.3251507" uid="1" id="368410109" version="1" lon="-6.25921" visible="true" /><node changeset="1" timestamp="2026-05-15T09:34:42Z" user="OSMnx" lat="53.3261173" uid="1" id="368410149" version="1" lon="-6.2586829" visible="true" /><node changeset="1" timestamp="2026-05-15T09:34:42Z" user="OSMnx" lat="53.3260744" uid="1" id="368410445" version="1" lon="-6.2596603" visible="true" /><node changeset="1" timestamp="2026-05-15T09:34:42Z" user="OSMnx" lat="53.3260808" uid="1" id="368410447" version="1" lon="-6.2599521" visible="true" /><node changeset="1" timestamp="2026-05-15T09:34:42Z" user="OSMnx" lat="53.3261444" uid="1" id="368410451" version="1" lon="-6.2600786" visible="true" /><node changeset="1" timestamp="2026-05-15T09:34:42Z" user="OSMnx" lat="53.3261431" uid="1" id="368410454" version="1" lon="-6.2602345" visible="true" /><node changeset="1" timestamp="2026-05-15T09:34:42Z" user="OSMnx" lat="53.3261398" uid="1" id="368410456" version="1" lon="-6.2607226" visible="true" /><node changeset="1" timestamp="2026-05-15T09:34:42Z" user="OSMnx" lat="53.3260564" uid="1" id="368410733" version="1" lon="-6.2589309" visible="true" /><node changeset="1" timestamp="2026-05-15T09:34:42Z" user="OSMnx" lat="53.3259373" uid="1" id="368411619" version="1" lon="-6.2599435" visible="true" /><node changeset="1" timestamp="2026-05-15T09:34:42Z" user="OSMnx" lat="53.3250594" uid="1" id="368411620" version="1" lon="-6.2595516" visible="true" /><node changeset="1" timestamp="2026-05-15T09:34:42Z" user="OSMnx" lat="53.3249546" uid="1" id="368411976" version="1" lon="-6.2599604" visible="true" /><node changeset="1" timestamp="2026-05-15T09:34:42Z" user="OSMnx" lat="53.3252839" uid="1" id="368412503" version="1" lon="-6.2591928" visible="true" /><node changeset="1" timestamp="2026-05-15T09:34:42Z" user="OSMnx" lat="53.3260681" uid="1" id="368412506" version="1" lon="-6.2594425" visible="true" /><node changeset="1" timestamp="2026-05-15T09:34:42Z" user="OSMnx" lat="53.3252143" uid="1" id="368412507" version="1" lon="-6.2603175" visible="true" /><node changeset="1" timestamp="2026-05-15T09:34:42Z" user="OSMnx" lat="53.3252012" uid="1" id="368412542" version="1" lon="-6.2605787" visible="true" /><node changeset="1" timestamp="2026-05-15T09:34:42Z" user="OSMnx" lat="53.3320409" uid="1" id="369213148" version="1" lon="-6.2657858" visible="true" /><node changeset="1" timestamp="2026-05-15T09:34:42Z" user="OSMnx" lat="53.3325681" uid="1" id="369213150" version="1" lon="-6.2658362" visible="true" /><node changeset="1" timestamp="2026-05-15T09:34:42Z" user="OSMnx" lat="53.3206713" uid="1" id="371031020" version="1" lon="-6.2344897" visible="true" /><node changeset="1" timestamp="2026-05-15T09:34:42Z" user="OSMnx" lat="53.3208432" uid="1" id="373358298" version="1" lon="-6.2627082" visible="true" /><node changeset="1" timestamp="2026-05-15T09:34:42Z" user="OSMnx" lat="53.3217956" uid="1" id="373358302" version="1" lon="-6.2644106" visible="true" /><node changeset="1" timestamp="2026-05-15T09:34:42Z" user="OSMnx" lat="53.3225875" uid="1" id="373358304" version="1" lon="-6.2648285" visible="true" /><node changeset="1" timestamp="2026-05-15T09:34:42Z" user="OSMnx" lat="53.3203565" uid="1" id="373358305" version="1" lon="-6.2632906" visible="true" /><node changeset="1" timestamp="2026-05-15T09:34:42Z" user="OSMnx" lat="53.3207666" uid="1" id="373358308" version="1" lon="-6.2635533" visible="true" /><node changeset="1" timestamp="2026-05-15T09:34:42Z" user="OSMnx" lat="53.3216956" uid="1" id="373358309" version="1" lon="-6.2646215" visible="true" /><node changeset="1" timestamp="2026-05-15T09:34:42Z" user="OSMnx" lat="53.3196086" uid="1" id="373358311" version="1" lon="-6.2616985" visible="true" /><node changeset="1" timestamp="2026-05-15T09:34:42Z" user="OSMnx" lat="53.3340883" uid="1" id="389455828" version="1" lon="-6.2628937" visible="true"><tag k="railway" v="tram_level_crossing" /></node><node changeset="1" timestamp="2026-05-15T09:34:42Z" user="OSMnx" lat="53.3312643" uid="1" id="412954101" version="1" lon="-6.2572948" visible="true"><tag k="highway" v="crossing" /></node><node changeset="1" timestamp="2026-05-15T09:34:42Z" user="OSMnx" lat="53.3176971" uid="1" id="414688663" version="1" lon="-6.2347821" visible="true" /><node changeset="1" timestamp="2026-05-15T09:34:42Z" user="OSMnx" lat="53.3178985" uid="1" id="414688664" version="1" lon="-6.2344437" visible="true" /><node changeset="1" timestamp="2026-05-15T09:34:42Z" user="OSMnx" lat="53.3183691" uid="1" id="414688666" version="1" lon="-6.2337607" visible="true" /><node changeset="1" timestamp="2026-05-15T09:34:42Z" user="OSMnx" lat="53.3187947" uid="1" id="414688669" version="1" lon="-6.2338096" visible="true" /><node changeset="1" timestamp="2026-05-15T09:34:42Z" user="OSMnx" lat="53.3304146" uid="1" id="444579610" version="1" lon="-6.2445023" visible="true" /><node changeset="1" timestamp="2026-05-15T09:34:42Z" user="OSMnx" lat="53.3295269" uid="1" id="444579611" version="1" lon="-6.2448935" visible="true" /><node changeset="1" timestamp="2026-05-15T09:34:42Z" user="OSMnx" lat="53.3312543" uid="1" id="444579614" version="1" lon="-6.2441454" visible="true"><tag k="highway" v="crossing" /></node><node changeset="1" timestamp="2026-05-15T09:34:42Z" user="OSMnx" lat="53.3299149" uid="1" id="444579622" version="1" lon="-6.2510096" visible="true" /><node changeset="1" timestamp="2026-05-15T09:34:42Z" user="OSMnx" lat="53.3308493" uid="1" id="444579628" version="1" lon="-6.2512103" visible="true" /><node changeset="1" timestamp="2026-05-15T09:34:42Z" user="OSMnx" lat="53.3312132" uid="1" id="444579646" version="1" lon="-6.2519186" visible="true" /><node changeset="1" timestamp="2026-05-15T09:34:42Z" user="OSMnx" lat="53.331204" uid="1" id="444579653" version="1" lon="-6.2517882" visible="true" /><node changeset="1" timestamp="2026-05-15T09:34:42Z" user="OSMnx" lat="53.3322627" uid="1" id="444692199" version="1" lon="-6.2437041" visible="true" /><node changeset="1" timestamp="2026-05-15T09:34:42Z" user="OSMnx" lat="53.3250914" uid="1" id="450656588" version="1" lon="-6.2544602" visible="true" /><node changeset="1" timestamp="2026-05-15T09:34:42Z" user="OSMnx" lat="53.3259118" uid="1" id="450656589" version="1" lon="-6.2527059" visible="true" /><node changeset="1" timestamp="2026-05-15T09:34:42Z" user="OSMnx" lat="53.3238402" uid="1" id="450656974" version="1" lon="-6.2552765" visible="true" /><node changeset="1" timestamp="2026-05-15T09:34:42Z" user="OSMnx" lat="53.3232008" uid="1" id="450657019" version="1" lon="-6.2551032" visible="true" /><node changeset="1" timestamp="2026-05-15T09:34:42Z" user="OSMnx" lat="53.325461" uid="1" id="450657663" version="1" lon="-6.2550555" visible="true" /><node changeset="1" timestamp="2026-05-15T09:34:42Z" user="OSMnx" lat="53.3260163" uid="1" id="450657682" version="1" lon="-6.2536464" visible="true" /><node changeset="1" timestamp="2026-05-15T09:34:42Z" user="OSMnx" lat="53.3255002" uid="1" id="450659125" version="1" lon="-6.2507783" visible="true" /><node changeset="1" timestamp="2026-05-15T09:34:42Z" user="OSMnx" lat="53.3256056" uid="1" id="450659127" version="1" lon="-6.2516205" visible="true" /><node changeset="1" timestamp="2026-05-15T09:34:42Z" user="OSMnx" lat="53.3256116" uid="1" id="450659128" version="1" lon="-6.2512063" visible="true" /><node changeset="1" timestamp="2026-05-15T09:34:42Z" user="OSMnx" lat="53.3281774" uid="1" id="450711419" version="1" lon="-6.2516504" visible="true" /><node changeset="1" timestamp="2026-05-15T09:34:42Z" user="OSMnx" lat="53.3269836" uid="1" id="450711424" version="1" lon="-6.2492925" visible="true" /><node changeset="1" timestamp="2026-05-15T09:34:42Z" user="OSMnx" lat="53.3283931" uid="1" id="450711426" version="1" lon="-6.2506371" visible="true" /><node changeset="1" timestamp="2026-05-15T09:34:42Z" user="OSMnx" lat="53.3274711" uid="1" id="450711427" version="1" lon="-6.2498831" visible="true" /><node changeset="1" timestamp="2026-05-15T09:34:42Z" user="OSMnx" lat="53.3332497" uid="1" id="461626084" version="1" lon="-6.2400457" visible="true" /><node changeset="1" timestamp="2026-05-15T09:34:42Z" user="OSMnx" lat="53.3334044" uid="1" id="461626102" version="1" lon="-6.241692" visible="true" /><node changeset="1" timestamp="2026-05-15T09:34:42Z" user="OSMnx" lat="53.3338377" uid="1" id="461626114" version="1" lon="-6.2378609" visible="true" /><node changeset="1" timestamp="2026-05-15T09:34:42Z" user="OSMnx" lat="53.3348583" uid="1" id="461626122" version="1" lon="-6.2397515" visible="true" /><node changeset="1" timestamp="2026-05-15T09:34:42Z" user="OSMnx" lat="53.3345749" uid="1" id="461626126" version="1" lon="-6.2405498" visible="true" /><node changeset="1" timestamp="2026-05-15T09:34:42Z" user="OSMnx" lat="53.3345301" uid="1" id="461626134" version="1" lon="-6.240512" visible="true" /><node changeset="1" timestamp="2026-05-15T09:34:42Z" user="OSMnx" lat="53.3347818" uid="1" id="461626135" version="1" lon="-6.2396982" visible="true" /><node changeset="1" timestamp="2026-05-15T09:34:42Z" user="OSMnx" lat="53.3344037" uid="1" id="461626137" version="1" lon="-6.2439437" visible="true" /><node changeset="1" timestamp="2026-05-15T09:34:42Z" user="OSMnx" lat="53.3348214" uid="1" id="461626139" version="1" lon="-6.242548" visible="true" /><node changeset="1" timestamp="2026-05-15T09:34:42Z" user="OSMnx" lat="53.3345613" uid="1" id="461626140" version="1" lon="-6.2421118" visible="true" /><node changeset="1" timestamp="2026-05-15T09:34:42Z" user="OSMnx" lat="53.3340905" uid="1" id="461626144" version="1" lon="-6.2434849" visible="true" /><node changeset="1" timestamp="2026-05-15T09:34:42Z" user="OSMnx" lat="53.3309989" uid="1" id="462353482" version="1" lon="-6.2466405" visible="true" /><node changeset="1" timestamp="2026-05-15T09:34:42Z" user="OSMnx" lat="53.3313849" uid="1" id="462353483" version="1" lon="-6.2476219" visible="true" /><node changeset="1" timestamp="2026-05-15T09:34:42Z" user="OSMnx" lat="53.3314898" uid="1" id="462353484" version="1" lon="-6.247754" visible="true" /><node changeset="1" timestamp="2026-05-15T09:34:42Z" user="OSMnx" lat="53.3318883" uid="1" id="462353485" version="1" lon="-6.2475772" visible="true" /><node changeset="1" timestamp="2026-05-15T09:34:42Z" user="OSMnx" lat="53.3319823" uid="1" id="462353486" version="1" lon="-6.2476432" visible="true" /><node changeset="1" timestamp="2026-05-15T09:34:42Z" user="OSMnx" lat="53.3321032" uid="1" id="462353487" version="1" lon="-6.2477633" visible="true" /><node changeset="1" timestamp="2026-05-15T09:34:42Z" user="OSMnx" lat="53.3321356" uid="1" id="462353488" version="1" lon="-6.2479481" visible="true" /><node changeset="1" timestamp="2026-05-15T09:34:42Z" user="OSMnx" lat="53.3319827" uid="1" id="462353490" version="1" lon="-6.2484743" visible="true" /><node changeset="1" timestamp="2026-05-15T09:34:42Z" user="OSMnx" lat="53.3319634" uid="1" id="462353491" version="1" lon="-6.2485871" visible="true" /><node changeset="1" timestamp="2026-05-15T09:34:42Z" user="OSMnx" lat="53.3319579" uid="1" id="462353492" version="1" lon="-6.2487282" visible="true" /><node changeset="1" timestamp="2026-05-15T09:34:42Z" user="OSMnx" lat="53.3314498" uid="1" id="462353494" version="1" lon="-6.247747" visible="true" /><node changeset="1" timestamp="2026-05-15T09:34:42Z" user="OSMnx" lat="53.3316359" uid="1" id="462353497" version="1" lon="-6.2476602" visible="true" /><node changeset="1" timestamp="2026-05-15T09:34:42Z" user="OSMnx" lat="53.3216628" uid="1" id="465505034" version="1" lon="-6.2390782" visible="true" /><node changeset="1" timestamp="2026-05-15T09:34:42Z" user="OSMnx" lat="53.3219437" uid="1" id="465505035" version="1" lon="-6.2379244" visible="true" /><node changeset="1" timestamp="2026-05-15T09:34:42Z" user="OSMnx" lat="53.3200422" uid="1" id="465505036" version="1" lon="-6.23931" visible="true" /><node changeset="1" timestamp="2026-05-15T09:34:42Z" user="OSMnx" lat="53.3206244" uid="1" id="465505037" version="1" lon="-6.2400787" visible="true" /><node changeset="1" timestamp="2026-05-15T09:34:42Z" user="OSMnx" lat="53.3191443" uid="1" id="465505041" version="1" lon="-6.2402872" visible="true" /><node changeset="1" timestamp="2026-05-15T09:34:42Z" user="OSMnx" lat="53.3198273" uid="1" id="465505042" version="1" lon="-6.2398645" visible="true" /><node changeset="1" timestamp="2026-05-15T09:34:42Z" user="OSMnx" lat="53.3192825" uid="1" id="465505043" version="1" lon="-6.2405786" visible="true" /><node changeset="1" timestamp="2026-05-15T09:34:42Z" user="OSMnx" lat="53.3218085" uid="1" id="465505044" version="1" lon="-6.2386393" visible="true" /><node changeset="1" timestamp="2026-05-15T09:34:42Z" user="OSMnx" lat="53.3217687" uid="1" id="465505045" version="1" lon="-6.2384564" visible="true" /><node changeset="1" timestamp="2026-05-15T09:34:42Z" user="OSMnx" lat="53.3216322" uid="1" id="465505046" version="1" lon="-6.2382821" visible="true" /><node changeset="1" timestamp="2026-05-15T09:34:42Z" user="OSMnx" lat="53.3214126" uid="1" id="465505047" version="1" lon="-6.2382462" visible="true" /><node changeset="1" timestamp="2026-05-15T09:34:42Z" user="OSMnx" lat="53.3212611" uid="1" id="465505049" version="1" lon="-6.238237" visible="true" /><node changeset="1" timestamp="2026-05-15T09:34:42Z" user="OSMnx" lat="53.3209953" uid="1" id="465505050" version="1" lon="-6.2380058" visible="true" /><node changeset="1" timestamp="2026-05-15T09:34:42Z" user="OSMnx" lat="53.3208466" uid="1" id="465505051" version="1" lon="-6.2378436" visible="true" /><node changeset="1" timestamp="2026-05-15T09:34:42Z" user="OSMnx" lat="53.3207176" uid="1" id="465505052" version="1" lon="-6.237794" visible="true" /><node changeset="1" timestamp="2026-05-15T09:34:42Z" user="OSMnx" lat="53.3206364" uid="1" id="465505053" version="1" lon="-6.2378281" visible="true" /><node changeset="1" timestamp="2026-05-15T09:34:42Z" user="OSMnx" lat="53.3204971" uid="1" id="465505054" version="1" lon="-6.2380112" visible="true" /><node changeset="1" timestamp="2026-05-15T09:34:42Z" user="OSMnx" lat="53.3203461" uid="1" id="465505055" version="1" lon="-6.2383744" visible="true" /><node changeset="1" timestamp="2026-05-15T09:34:42Z" user="OSMnx" lat="53.3202669" uid="1" id="465505056" version="1" lon="-6.2385659" visible="true" /><node changeset="1" timestamp="2026-05-15T09:34:42Z" user="OSMnx" lat="53.3201733" uid="1" id="465505057" version="1" lon="-6.2386967" visible="true" /><node changeset="1" timestamp="2026-05-15T09:34:42Z" user="OSMnx" lat="53.3199104" uid="1" id="465505058" version="1" lon="-6.2387969" visible="true" /><node changeset="1" timestamp="2026-05-15T09:34:42Z" user="OSMnx" lat="53.3196868" uid="1" id="465505060" version="1" lon="-6.2387587" visible="true" /><node changeset="1" timestamp="2026-05-15T09:34:42Z" user="OSMnx" lat="53.3194909" uid="1" id="465505061" version="1" lon="-6.2386061" visible="true" /><node changeset="1" timestamp="2026-05-15T09:34:42Z" user="OSMnx" lat="53.3194185" uid="1" id="465505062" version="1" lon="-6.238583" visible="true"><tag k="highway" v="turning_circle" /></node><node changeset="1" timestamp="2026-05-15T09:34:42Z" user="OSMnx" lat="53.319381" uid="1" id="465505063" version="1" lon="-6.2386775" visible="true" /><node changeset="1" timestamp="2026-05-15T09:34:42Z" user="OSMnx" lat="53.3193973" uid="1" id="465505064" version="1" lon="-6.2392996" visible="true" /><node changeset="1" timestamp="2026-05-15T09:34:42Z" user="OSMnx" lat="53.3193568" uid="1" id="465505065" version="1" lon="-6.2393584" visible="true" /><node changeset="1" timestamp="2026-05-15T09:34:42Z" user="OSMnx" lat="53.319352" uid="1" id="465505066" version="1" lon="-6.2395319" visible="true" /><node changeset="1" timestamp="2026-05-15T09:34:42Z" user="OSMnx" lat="53.3193667" uid="1" id="465505067" version="1" lon="-6.2391133" visible="true" /><node changeset="1" timestamp="2026-05-15T09:34:42Z" user="OSMnx" lat="53.3200364" uid="1" id="465505068" version="1" lon="-6.2387783" visible="true" /><node changeset="1" timestamp="2026-05-15T09:34:42Z" user="OSMnx" lat="53.3204502" uid="1" id="465505070" version="1" lon="-6.2381251" visible="true" /><node changeset="1" timestamp="2026-05-15T09:34:42Z" user="OSMnx" lat="53.3214069" uid="1" id="465505071" version="1" lon="-6.2372433" visible="true" /><node changeset="1" timestamp="2026-05-15T09:34:42Z" user="OSMnx" lat="53.3216111" uid="1" id="465505072" version="1" lon="-6.2375314" visible="true" /><node changeset="1" timestamp="2026-05-15T09:34:42Z" user="OSMnx" lat="53.3206953" uid="1" id="465505073" version="1" lon="-6.2387821" visible="true" /><node changeset="1" timestamp="2026-05-15T09:34:42Z" user="OSMnx" lat="53.3195677" uid="1" id="465505074" version="1" lon="-6.237737" visible="true" /><node changeset="1" timestamp="2026-05-15T09:34:42Z" user="OSMnx" lat="53.3198527" uid="1" id="465505075" version="1" lon="-6.2378126" visible="true" /><node changeset="1" timestamp="2026-05-15T09:34:42Z" user="OSMnx" lat="53.3191559" uid="1" id="465505076" version="1" lon="-6.2376278" visible="true" /><node changeset="1" timestamp="2026-05-15T09:34:42Z" user="OSMnx" lat="53.3198981" uid="1" id="465505077" version="1" lon="-6.2391071" visible="true" /><node changeset="1" timestamp="2026-05-15T09:34:42Z" user="OSMnx" lat="53.3231866" uid="1" id="466179728" version="1" lon="-6.240036" visible="true" /><node changeset="1" timestamp="2026-05-15T09:34:42Z" user="OSMnx" lat="53.3222079" uid="1" id="466179731" version="1" lon="-6.2404109" visible="true" /><node changeset="1" timestamp="2026-05-15T09:34:42Z" user="OSMnx" lat="53.3217663" uid="1" id="466179733" version="1" lon="-6.238934" visible="true"><tag k="highway" v="crossing" /></node><node changeset="1" timestamp="2026-05-15T09:34:42Z" user="OSMnx" lat="53.3220586" uid="1" id="466179735" version="1" lon="-6.2397394" visible="true" /><node changeset="1" timestamp="2026-05-15T09:34:42Z" user="OSMnx" lat="53.3185062" uid="1" id="470222757" version="1" lon="-6.2374215" visible="true" /><node changeset="1" timestamp="2026-05-15T09:34:42Z" user="OSMnx" lat="53.3169155" uid="1" id="470222759" version="1" lon="-6.2369954" visible="true" /><node changeset="1" timestamp="2026-05-15T09:34:42Z" user="OSMnx" lat="53.3182488" uid="1" id="470222760" version="1" lon="-6.2356554" visible="true" /><node changeset="1" timestamp="2026-05-15T09:34:42Z" user="OSMnx" lat="53.318006" uid="1" id="470222761" version="1" lon="-6.2356063" visible="true" /><node changeset="1" timestamp="2026-05-15T09:34:42Z" user="OSMnx" lat="53.3179164" uid="1" id="470222762" version="1" lon="-6.2356345" visible="true" /><node changeset="1" timestamp="2026-05-15T09:34:42Z" user="OSMnx" lat="53.3175355" uid="1" id="470222763" version="1" lon="-6.2359393" visible="true" /><node changeset="1" timestamp="2026-05-15T09:34:42Z" user="OSMnx" lat="53.3173171" uid="1" id="470222764" version="1" lon="-6.236278" visible="true" /><node changeset="1" timestamp="2026-05-15T09:34:42Z" user="OSMnx" lat="53.3177367" uid="1" id="470222766" version="1" lon="-6.2357556" visible="true" /><node changeset="1" timestamp="2026-05-15T09:34:42Z" user="OSMnx" lat="53.3185627" uid="1" id="470222767" version="1" lon="-6.2349182" visible="true" /><node changeset="1" timestamp="2026-05-15T09:34:42Z" user="OSMnx" lat="53.3184492" uid="1" id="470222768" version="1" lon="-6.2348535" visible="true" /><node changeset="1" timestamp="2026-05-15T09:34:42Z" user="OSMnx" lat="53.3193023" uid="1" id="470222769" version="1" lon="-6.2347384" visible="true" /><node changeset="1" timestamp="2026-05-15T09:34:42Z" user="OSMnx" lat="53.3194048" uid="1" id="470222770" version="1" lon="-6.2342332" visible="true" /><node changeset="1" timestamp="2026-05-15T09:34:42Z" user="OSMnx" lat="53.319352" uid="1" id="470222771" version="1" lon="-6.2345091" visible="true" /><node changeset="1" timestamp="2026-05-15T09:34:42Z" user="OSMnx" lat="53.3196282" uid="1" id="470222772" version="1" lon="-6.2346645" visible="true" /><node changeset="1" timestamp="2026-05-15T09:34:42Z" user="OSMnx" lat="53.3193789" uid="1" id="470222773" version="1" lon="-6.2348591" visible="true" /><node changeset="1" timestamp="2026-05-15T09:34:42Z" user="OSMnx" lat="53.3195239" uid="1" id="470222774" version="1" lon="-6.2349559" visible="true" /><node changeset="1" timestamp="2026-05-15T09:34:42Z" user="OSMnx" lat="53.3220662" uid="1" id="472134564" version="1" lon="-6.2368388" visible="true" /><node changeset="1" timestamp="2026-05-15T09:34:42Z" user="OSMnx" lat="53.325388" uid="1" id="472134567" version="1" lon="-6.2414472" visible="true" /><node changeset="1" timestamp="2026-05-15T09:34:42Z" user="OSMnx" lat="53.3248457" uid="1" id="472134568" version="1" lon="-6.2423878" visible="true" /><node changeset="1" timestamp="2026-05-15T09:34:42Z" user="OSMnx" lat="53.324376" uid="1" id="472134569" version="1" lon="-6.2437301" visible="true" /><node changeset="1" timestamp="2026-05-15T09:34:42Z" user="OSMnx" lat="53.3250235" uid="1" id="472134570" version="1" lon="-6.242096" visible="true" /><node changeset="1" timestamp="2026-05-15T09:34:42Z" user="OSMnx" lat="53.3236192" uid="1" id="472227259" version="1" lon="-6.2380727" visible="true" /><node changeset="1" timestamp="2026-05-15T09:34:42Z" user="OSMnx" lat="53.3297691" uid="1" id="473210179" version="1" lon="-6.2562764" visible="true" /><node changeset="1" timestamp="2026-05-15T09:34:42Z" user="OSMnx" lat="53.3297406" uid="1" id="473210180" version="1" lon="-6.2563341" visible="true" /><node changeset="1" timestamp="2026-05-15T09:34:42Z" user="OSMnx" lat="53.3297752" uid="1" id="473210181" version="1" lon="-6.2563794" visible="true" /><node changeset="1" timestamp="2026-05-15T09:34:42Z" user="OSMnx" lat="53.3298022" uid="1" id="473210182" version="1" lon="-6.2563295" visible="true" /><node changeset="1" timestamp="2026-05-15T09:34:42Z" user="OSMnx" lat="53.3237636" uid="1" id="473415969" version="1" lon="-6.2509987" visible="true" /><node changeset="1" timestamp="2026-05-15T09:34:42Z" user="OSMnx" lat="53.3258327" uid="1" id="473415970" version="1" lon="-6.250548" visible="true" /><node changeset="1" timestamp="2026-05-15T09:34:42Z" user="OSMnx" lat="53.3277494" uid="1" id="473746696" version="1" lon="-6.244664" visible="true" /><node changeset="1" timestamp="2026-05-15T09:34:42Z" user="OSMnx" lat="53.3256125" uid="1" id="475352443" version="1" lon="-6.2422379" visible="true" /><node changeset="1" timestamp="2026-05-15T09:34:42Z" user="OSMnx" lat="53.3261186" uid="1" id="475352444" version="1" lon="-6.2428915" visible="true" /><node changeset="1" timestamp="2026-05-15T09:34:42Z" user="OSMnx" lat="53.3184974" uid="1" id="488189819" version="1" lon="-6.2375924" visible="true" /><node changeset="1" timestamp="2026-05-15T09:34:42Z" user="OSMnx" lat="53.3181785" uid="1" id="488189822" version="1" lon="-6.2375199" visible="true" /><node changeset="1" timestamp="2026-05-15T09:34:42Z" user="OSMnx" lat="53.3181113" uid="1" id="488189824" version="1" lon="-6.2375173" visible="true" /><node changeset="1" timestamp="2026-05-15T09:34:42Z" user="OSMnx" lat="53.3180473" uid="1" id="488189827" version="1" lon="-6.2376187" visible="true" /><node changeset="1" timestamp="2026-05-15T09:34:42Z" user="OSMnx" lat="53.3180132" uid="1" id="488189828" version="1" lon="-6.2378116" visible="true" /><node changeset="1" timestamp="2026-05-15T09:34:42Z" user="OSMnx" lat="53.3177632" uid="1" id="488189830" version="1" lon="-6.2381746" visible="true" /><node changeset="1" timestamp="2026-05-15T09:34:42Z" user="OSMnx" lat="53.3190856" uid="1" id="488189832" version="1" lon="-6.2341145" visible="true"><tag k="highway" v="crossing" /></node><node changeset="1" timestamp="2026-05-15T09:34:42Z" user="OSMnx" lat="53.323186" uid="1" id="496282459" version="1" lon="-6.2442985" visible="true" /><node changeset="1" timestamp="2026-05-15T09:34:42Z" user="OSMnx" lat="53.3242296" uid="1" id="496282461" version="1" lon="-6.2453935" visible="true" /><node changeset="1" timestamp="2026-05-15T09:34:42Z" user="OSMnx" lat="53.3240569" uid="1" id="496282462" version="1" lon="-6.2452282" visible="true" /><node changeset="1" timestamp="2026-05-15T09:34:42Z" user="OSMnx" lat="53.3239132" uid="1" id="496282463" version="1" lon="-6.245586" visible="true" /><node changeset="1" timestamp="2026-05-15T09:34:42Z" user="OSMnx" lat="53.3236675" uid="1" id="496282465" version="1" lon="-6.2448034" visible="true" /><node changeset="1" timestamp="2026-05-15T09:34:42Z" user="OSMnx" lat="53.3235284" uid="1" id="496282467" version="1" lon="-6.2453414" visible="true" /><node changeset="1" timestamp="2026-05-15T09:34:42Z" user="OSMnx" lat="53.3236354" uid="1" id="496282469" version="1" lon="-6.2447641" visible="true" /><node changeset="1" timestamp="2026-05-15T09:34:42Z" user="OSMnx" lat="53.3230812" uid="1" id="499551717" version="1" lon="-6.2446017" visible="true" /><node changeset="1" timestamp="2026-05-15T09:34:42Z" user="OSMnx" lat="53.3222822" uid="1" id="499551723" version="1" lon="-6.2438542" visible="true" /><node changeset="1" timestamp="2026-05-15T09:34:42Z" user="OSMnx" lat="53.3221554" uid="1" id="499551725" version="1" lon="-6.2442826" visible="true" /><node changeset="1" timestamp="2026-05-15T09:34:42Z" user="OSMnx" lat="53.3226572" uid="1" id="499551727" version="1" lon="-6.2441935" visible="true" /><node changeset="1" timestamp="2026-05-15T09:34:42Z" user="OSMnx" lat="53.3221078" uid="1" id="499551743" version="1" lon="-6.2453161" visible="true" /><node changeset="1" timestamp="2026-05-15T09:34:42Z" user="OSMnx" lat="53.3222106" uid="1" id="499551745" version="1" lon="-6.2449256" visible="true" /><node changeset="1" timestamp="2026-05-15T09:34:42Z" user="OSMnx" lat="53.3237197" uid="1" id="499551747" version="1" lon="-6.2465566" visible="true" /><node changeset="1" timestamp="2026-05-15T09:34:42Z" user="OSMnx" lat="53.3235384" uid="1" id="499551749" version="1" lon="-6.2472052" visible="true" /><node changeset="1" timestamp="2026-05-15T09:34:42Z" user="OSMnx" lat="53.3232016" uid="1" id="499551753" version="1" lon="-6.2461809" visible="true" /><node changeset="1" timestamp="2026-05-15T09:34:42Z" user="OSMnx" lat="53.3233769" uid="1" id="499551762" version="1" lon="-6.2455844" visible="true" /><node changeset="1" timestamp="2026-05-15T09:34:42Z" user="OSMnx" lat="53.3253659" uid="1" id="500277432" version="1" lon="-6.2667967" visible="true"><tag k="highway" v="mini_roundabout" /></node><node changeset="1" timestamp="2026-05-15T09:34:42Z" user="OSMnx" lat="53.3221715" uid="1" id="500277492" version="1" lon="-6.2683333" visible="true" /><node changeset="1" timestamp="2026-05-15T09:34:42Z" user="OSMnx" lat="53.322178" uid="1" id="500277499" version="1" lon="-6.2682198" visible="true" /><node changeset="1" timestamp="2026-05-15T09:34:42Z" user="OSMnx" lat="53.3220761" uid="1" id="500277502" version="1" lon="-6.2679282" visible="true" /><node changeset="1" timestamp="2026-05-15T09:34:42Z" user="OSMnx" lat="53.3218823" uid="1" id="500277508" version="1" lon="-6.267792" visible="true" /><node changeset="1" timestamp="2026-05-15T09:34:42Z" user="OSMnx" lat="53.3248492" uid="1" id="512531381" version="1" lon="-6.252265" visible="true" /><node changeset="1" timestamp="2026-05-15T09:34:42Z" user="OSMnx" lat="53.3203491" uid="1" id="537203668" version="1" lon="-6.2633203" visible="true" /><node changeset="1" timestamp="2026-05-15T09:34:42Z" user="OSMnx" lat="53.3198487" uid="1" id="537203676" version="1" lon="-6.26302" visible="true" /><node changeset="1" timestamp="2026-05-15T09:34:42Z" user="OSMnx" lat="53.3227652" uid="1" id="538043842" version="1" lon="-6.2379889" visible="true"><tag k="highway" v="crossing" /></node><node changeset="1" timestamp="2026-05-15T09:34:42Z" user="OSMnx" lat="53.3243822" uid="1" id="538044378" version="1" lon="-6.2401036" visible="true"><tag k="highway" v="crossing" /></node><node changeset="1" timestamp="2026-05-15T09:34:42Z" user="OSMnx" lat="53.3256942" uid="1" id="559558171" version="1" lon="-6.2650513" visible="true" /><node changeset="1" timestamp="2026-05-15T09:34:42Z" user="OSMnx" lat="53.328483" uid="1" id="559572093" version="1" lon="-6.2645463" visible="true" /><node changeset="1" timestamp="2026-05-15T09:34:42Z" user="OSMnx" lat="53.3207479" uid="1" id="559828162" version="1" lon="-6.2653995" visible="true" /><node changeset="1" timestamp="2026-05-15T09:34:42Z" user="OSMnx" lat="53.3229393" uid="1" id="559828166" version="1" lon="-6.2639532" visible="true" /><node changeset="1" timestamp="2026-05-15T09:34:42Z" user="OSMnx" lat="53.323129" uid="1" id="559828167" version="1" lon="-6.2639357" visible="true" /><node changeset="1" timestamp="2026-05-15T09:34:42Z" user="OSMnx" lat="53.3232621" uid="1" id="559828168" version="1" lon="-6.2639146" visible="true" /><node changeset="1" timestamp="2026-05-15T09:34:42Z" user="OSMnx" lat="53.3233255" uid="1" id="559828169" version="1" lon="-6.2638822" visible="true" /><node changeset="1" timestamp="2026-05-15T09:34:42Z" user="OSMnx" lat="53.3233303" uid="1" id="559828170" version="1" lon="-6.2638444" visible="true" /><node changeset="1" timestamp="2026-05-15T09:34:42Z" user="OSMnx" lat="53.3234421" uid="1" id="559828171" version="1" lon="-6.2631087" visible="true" /><node changeset="1" timestamp="2026-05-15T09:34:42Z" user="OSMnx" lat="53.3234857" uid="1" id="559828172" version="1" lon="-6.2628688" visible="true" /><node changeset="1" timestamp="2026-05-15T09:34:42Z" user="OSMnx" lat="53.3235254" uid="1" id="559828173" version="1" lon="-6.2628175" visible="true" /><node changeset="1" timestamp="2026-05-15T09:34:42Z" user="OSMnx" lat="53.3236483" uid="1" id="559828174" version="1" lon="-6.2627651" visible="true" /><node changeset="1" timestamp="2026-05-15T09:34:42Z" user="OSMnx" lat="53.3237869" uid="1" id="559828177" version="1" lon="-6.2622904" visible="true" /><node changeset="1" timestamp="2026-05-15T09:34:42Z" user="OSMnx" lat="53.322041" uid="1" id="559828182" version="1" lon="-6.2563447" visible="true" /><node changeset="1" timestamp="2026-05-15T09:34:42Z" user="OSMnx" lat="53.322613" uid="1" id="559828183" version="1" lon="-6.2598578" visible="true" /><node changeset="1" timestamp="2026-05-15T09:34:42Z" user="OSMnx" lat="53.3221279" uid="1" id="559828184" version="1" lon="-6.2595643" visible="true" /><node changeset="1" timestamp="2026-05-15T09:34:42Z" user="OSMnx" lat="53.3238318" uid="1" id="559828185" version="1" lon="-6.2622146" visible="true" /><node changeset="1" timestamp="2026-05-15T09:34:42Z" user="OSMnx" lat="53.3238774" uid="1" id="559828186" version="1" lon="-6.2621808" visible="true" /><node changeset="1" timestamp="2026-05-15T09:34:42Z" user="OSMnx" lat="53.3239538" uid="1" id="559828187" version="1" lon="-6.262135" visible="true" /><node changeset="1" timestamp="2026-05-15T09:34:42Z" user="OSMnx" lat="53.3239958" uid="1" id="559828188" version="1" lon="-6.2621619" visible="true" /><node changeset="1" timestamp="2026-05-15T09:34:42Z" user="OSMnx" lat="53.322182" uid="1" id="559828189" version="1" lon="-6.2564188" visible="true" /><node changeset="1" timestamp="2026-05-15T09:34:42Z" user="OSMnx" lat="53.3222835" uid="1" id="559828190" version="1" lon="-6.2564698" visible="true" /><node changeset="1" timestamp="2026-05-15T09:34:42Z" user="OSMnx" lat="53.3223745" uid="1" id="559828191" version="1" lon="-6.2564938" visible="true" /><node changeset="1" timestamp="2026-05-15T09:34:42Z" user="OSMnx" lat="53.3226768" uid="1" id="559828192" version="1" lon="-6.256491" visible="true" /><node changeset="1" timestamp="2026-05-15T09:34:42Z" user="OSMnx" lat="53.3229406" uid="1" id="559828193" version="1" lon="-6.2564741" visible="true" /><node changeset="1" timestamp="2026-05-15T09:34:42Z" user="OSMnx" lat="53.3231835" uid="1" id="559828194" version="1" lon="-6.2564413" visible="true" /><node changeset="1" timestamp="2026-05-15T09:34:42Z" user="OSMnx" lat="53.323481" uid="1" id="559828195" version="1" lon="-6.2563804" visible="true" /><node changeset="1" timestamp="2026-05-15T09:34:42Z" user="OSMnx" lat="53.3241139" uid="1" id="559828198" version="1" lon="-6.2562441" visible="true" /><node changeset="1" timestamp="2026-05-15T09:34:42Z" user="OSMnx" lat="53.3246225" uid="1" id="559828199" version="1" lon="-6.2561352" visible="true" /><node changeset="1" timestamp="2026-05-15T09:34:42Z" user="OSMnx" lat="53.3213861" uid="1" id="560602848" version="1" lon="-6.2674758" visible="true" /><node changeset="1" timestamp="2026-05-15T09:34:42Z" user="OSMnx" lat="53.3220362" uid="1" id="560602851" version="1" lon="-6.2671393" visible="true" /><node changeset="1" timestamp="2026-05-15T09:34:42Z" user="OSMnx" lat="53.3215069" uid="1" id="560602854" version="1" lon="-6.2676462" visible="true" /><node changeset="1" timestamp="2026-05-15T09:34:42Z" user="OSMnx" lat="53.3218616" uid="1" id="560602856" version="1" lon="-6.2659221" visible="true" /><node changeset="1" timestamp="2026-05-15T09:34:42Z" user="OSMnx" lat="53.3220828" uid="1" id="560602857" version="1" lon="-6.266381" visible="true" /><node changeset="1" timestamp="2026-05-15T09:34:42Z" user="OSMnx" lat="53.3220983" uid="1" id="560602858" version="1" lon="-6.2657518" visible="true" /><node changeset="1" timestamp="2026-05-15T09:34:42Z" user="OSMnx" lat="53.3206785" uid="1" id="560602859" version="1" lon="-6.2624141" visible="true" /><node changeset="1" timestamp="2026-05-15T09:34:42Z" user="OSMnx" lat="53.3215633" uid="1" id="560602860" version="1" lon="-6.2645449" visible="true" /><node changeset="1" timestamp="2026-05-15T09:34:42Z" user="OSMnx" lat="53.3214862" uid="1" id="560602861" version="1" lon="-6.2649555" visible="true" /><node changeset="1" timestamp="2026-05-15T09:34:42Z" user="OSMnx" lat="53.3208807" uid="1" id="560602862" version="1" lon="-6.2637181" visible="true" /><node changeset="1" timestamp="2026-05-15T09:34:42Z" user="OSMnx" lat="53.3226081" uid="1" id="560602877" version="1" lon="-6.267415" visible="true" /><node changeset="1" timestamp="2026-05-15T09:34:42Z" user="OSMnx" lat="53.3226399" uid="1" id="560602878" version="1" lon="-6.2667954" visible="true" /><node changeset="1" timestamp="2026-05-15T09:34:42Z" user="OSMnx" lat="53.3227038" uid="1" id="560602879" version="1" lon="-6.2663308" visible="true" /><node changeset="1" timestamp="2026-05-15T09:34:42Z" user="OSMnx" lat="53.322655" uid="1" id="560602881" version="1" lon="-6.2666911" visible="true" /><node changeset="1" timestamp="2026-05-15T09:34:42Z" user="OSMnx" lat="53.3234176" uid="1" id="560602883" version="1" lon="-6.2674679" visible="true" /><node changeset="1" timestamp="2026-05-15T09:34:42Z" user="OSMnx" lat="53.3230638" uid="1" id="560602884" version="1" lon="-6.2673649" visible="true" /><node changeset="1" timestamp="2026-05-15T09:34:42Z" user="OSMnx" lat="53.3230383" uid="1" id="560602885" version="1" lon="-6.2673783" visible="true" /><node changeset="1" timestamp="2026-05-15T09:34:42Z" user="OSMnx" lat="53.323023" uid="1" id="560602886" version="1" lon="-6.2674063" visible="true" /><node changeset="1" timestamp="2026-05-15T09:34:42Z" user="OSMnx" lat="53.3229135" uid="1" id="560602887" version="1" lon="-6.2675241" visible="true" /><node changeset="1" timestamp="2026-05-15T09:34:42Z" user="OSMnx" lat="53.3228454" uid="1" id="560602888" version="1" lon="-6.2675002" visible="true" /><node changeset="1" timestamp="2026-05-15T09:34:42Z" user="OSMnx" lat="53.3230416" uid="1" id="560602896" version="1" lon="-6.2664507" visible="true" /><node changeset="1" timestamp="2026-05-15T09:34:42Z" user="OSMnx" lat="53.3227871" uid="1" id="560602897" version="1" lon="-6.2656268" visible="true" /><node changeset="1" timestamp="2026-05-15T09:34:42Z" user="OSMnx" lat="53.3237519" uid="1" id="560602902" version="1" lon="-6.2676024" visible="true" /><node changeset="1" timestamp="2026-05-15T09:34:42Z" user="OSMnx" lat="53.3236732" uid="1" id="560602904" version="1" lon="-6.265447" visible="true" /><node changeset="1" timestamp="2026-05-15T09:34:42Z" user="OSMnx" lat="53.3246099" uid="1" id="560602922" version="1" lon="-6.2622299" visible="true" /><node changeset="1" timestamp="2026-05-15T09:34:42Z" user="OSMnx" lat="53.3245494" uid="1" id="560602923" version="1" lon="-6.2627009" visible="true" /><node changeset="1" timestamp="2026-05-15T09:34:42Z" user="OSMnx" lat="53.3245207" uid="1" id="560602924" version="1" lon="-6.2630098" visible="true" /><node changeset="1" timestamp="2026-05-15T09:34:42Z" user="OSMnx" lat="53.3249078" uid="1" id="560602928" version="1" lon="-6.26306" visible="true" /><node changeset="1" timestamp="2026-05-15T09:34:42Z" user="OSMnx" lat="53.3250054" uid="1" id="560602929" version="1" lon="-6.2626099" visible="true" /><node changeset="1" timestamp="2026-05-15T09:34:42Z" user="OSMnx" lat="53.3216171" uid="1" id="560602931" version="1" lon="-6.2611208" visible="true" /><node changeset="1" timestamp="2026-05-15T09:34:42Z" user="OSMnx" lat="53.3220772" uid="1" id="560602932" version="1" lon="-6.2622298" visible="true" /><node changeset="1" timestamp="2026-05-15T09:34:42Z" user="OSMnx" lat="53.3207717" uid="1" id="560602933" version="1" lon="-6.2611347" visible="true" /><node changeset="1" timestamp="2026-05-15T09:34:42Z" user="OSMnx" lat="53.3221712" uid="1" id="560602934" version="1" lon="-6.2620723" visible="true" /><node changeset="1" timestamp="2026-05-15T09:34:42Z" user="OSMnx" lat="53.3247755" uid="1" id="560602937" version="1" lon="-6.2616065" visible="true" /><node changeset="1" timestamp="2026-05-15T09:34:42Z" user="OSMnx" lat="53.3246969" uid="1" id="560602938" version="1" lon="-6.2618189" visible="true" /><node changeset="1" timestamp="2026-05-15T09:34:42Z" user="OSMnx" lat="53.3246385" uid="1" id="560602939" version="1" lon="-6.2620143" visible="true" /><node changeset="1" timestamp="2026-05-15T09:34:42Z" user="OSMnx" lat="53.3239795" uid="1" id="560602940" version="1" lon="-6.261775" visible="true" /><node changeset="1" timestamp="2026-05-15T09:34:42Z" user="OSMnx" lat="53.3241384" uid="1" id="560602941" version="1" lon="-6.2618651" visible="true" /><node changeset="1" timestamp="2026-05-15T09:34:42Z" user="OSMnx" lat="53.3242969" uid="1" id="560602942" version="1" lon="-6.2619385" visible="true" /><node changeset="1" timestamp="2026-05-15T09:34:42Z" user="OSMnx" lat="53.324466" uid="1" id="560602943" version="1" lon="-6.2621077" visible="true" /><node changeset="1" timestamp="2026-05-15T09:34:42Z" user="OSMnx" lat="53.3240315" uid="1" id="560602944" version="1" lon="-6.2621991" visible="true" /><node changeset="1" timestamp="2026-05-15T09:34:42Z" user="OSMnx" lat="53.3249709" uid="1" id="560602945" version="1" lon="-6.2608589" visible="true" /><node changeset="1" timestamp="2026-05-15T09:34:42Z" user="OSMnx" lat="53.3248998" uid="1" id="560602946" version="1" lon="-6.2611902" visible="true" /><node changeset="1" timestamp="2026-05-15T09:34:42Z" user="OSMnx" lat="53.325012" uid="1" id="560602947" version="1" lon="-6.260569" visible="true" /><node changeset="1" timestamp="2026-05-15T09:34:42Z" user="OSMnx" lat="53.3274063" uid="1" id="560634432" version="1" lon="-6.2583652" visible="true" /><node changeset="1" timestamp="2026-05-15T09:34:42Z" user="OSMnx" lat="53.3215279" uid="1" id="563884218" version="1" lon="-6.2541758" visible="true" /><node changeset="1" timestamp="2026-05-15T09:34:42Z" user="OSMnx" lat="53.3211311" uid="1" id="563884219" version="1" lon="-6.2547009" visible="true"><tag k="railway" v="tram_level_crossing" /></node><node changeset="1" timestamp="2026-05-15T09:34:42Z" user="OSMnx" lat="53.3215531" uid="1" id="563884223" version="1" lon="-6.253062" visible="true" /><node changeset="1" timestamp="2026-05-15T09:34:42Z" user="OSMnx" lat="53.3222746" uid="1" id="563884224" version="1" lon="-6.253155" visible="true" /><node changeset="1" timestamp="2026-05-15T09:34:42Z" user="OSMnx" lat="53.3221064" uid="1" id="563884225" version="1" lon="-6.2531683" visible="true" /><node changeset="1" timestamp="2026-05-15T09:34:42Z" user="OSMnx" lat="53.3216108" uid="1" id="563884227" version="1" lon="-6.2529145" visible="true" /><node changeset="1" timestamp="2026-05-15T09:34:42Z" user="OSMnx" lat="53.3216986" uid="1" id="563884229" version="1" lon="-6.2527742" visible="true" /><node changeset="1" timestamp="2026-05-15T09:34:42Z" user="OSMnx" lat="53.3220467" uid="1" id="563884230" version="1" lon="-6.2524859" visible="true" /><node changeset="1" timestamp="2026-05-15T09:34:42Z" user="OSMnx" lat="53.3228349" uid="1" id="563884238" version="1" lon="-6.2544556" visible="true" /><node changeset="1" timestamp="2026-05-15T09:34:42Z" user="OSMnx" lat="53.3242387" uid="1" id="563884239" version="1" lon="-6.2553989" visible="true" /><node changeset="1" timestamp="2026-05-15T09:34:42Z" user="OSMnx" lat="53.3241685" uid="1" id="563884240" version="1" lon="-6.2554039" visible="true" /><node changeset="1" timestamp="2026-05-15T09:34:42Z" user="OSMnx" lat="53.3243248" uid="1" id="563884251" version="1" lon="-6.2552956" visible="true" /><node changeset="1" timestamp="2026-05-15T09:34:42Z" user="OSMnx" lat="53.3231562" uid="1" id="563884259" version="1" lon="-6.2528778" visible="true" /><node changeset="1" timestamp="2026-05-15T09:34:42Z" user="OSMnx" lat="53.3223979" uid="1" id="563884260" version="1" lon="-6.2521751" visible="true" /><node changeset="1" timestamp="2026-05-15T09:34:42Z" user="OSMnx" lat="53.3227603" uid="1" id="563884262" version="1" lon="-6.251764" visible="true" /><node changeset="1" timestamp="2026-05-15T09:34:42Z" user="OSMnx" lat="53.3231785" uid="1" id="563884265" version="1" lon="-6.2513105" visible="true" /><node changeset="1" timestamp="2026-05-15T09:34:42Z" user="OSMnx" lat="53.3229645" uid="1" id="563884266" version="1" lon="-6.2515282" visible="true" /><node changeset="1" timestamp="2026-05-15T09:34:42Z" user="OSMnx" lat="53.3230724" uid="1" id="563884267" version="1" lon="-6.2514071" visible="true" /><node changeset="1" timestamp="2026-05-15T09:34:42Z" user="OSMnx" lat="53.3248604" uid="1" id="563884270" version="1" lon="-6.254717" visible="true" /><node changeset="1" timestamp="2026-05-15T09:34:42Z" user="OSMnx" lat="53.3236815" uid="1" id="563884273" version="1" lon="-6.2508048" visible="true" /><node changeset="1" timestamp="2026-05-15T09:34:42Z" user="OSMnx" lat="53.326676" uid="1" id="563885194" version="1" lon="-6.2567358" visible="true" /><node changeset="1" timestamp="2026-05-15T09:34:42Z" user="OSMnx" lat="53.3264833" uid="1" id="563885195" version="1" lon="-6.256761" visible="true" /><node changeset="1" timestamp="2026-05-15T09:34:42Z" user="OSMnx" lat="53.3264084" uid="1" id="563885196" version="1" lon="-6.256767" visible="true" /><node changeset="1" timestamp="2026-05-15T09:34:42Z" user="OSMnx" lat="53.3262832" uid="1" id="563885197" version="1" lon="-6.2568044" visible="true" /><node changeset="1" timestamp="2026-05-15T09:34:42Z" user="OSMnx" lat="53.3263467" uid="1" id="563885198" version="1" lon="-6.256924" visible="true" /><node changeset="1" timestamp="2026-05-15T09:34:42Z" user="OSMnx" lat="53.3261028" uid="1" id="563885199" version="1" lon="-6.256509" visible="true" /><node changeset="1" timestamp="2026-05-15T09:34:42Z" user="OSMnx" lat="53.3258945" uid="1" id="563885200" version="1" lon="-6.2561554" visible="true" /><node changeset="1" timestamp="2026-05-15T09:34:42Z" user="OSMnx" lat="53.3190444" uid="1" id="563887681" version="1" lon="-6.2579884" visible="true" /><node changeset="1" timestamp="2026-05-15T09:34:42Z" user="OSMnx" lat="53.3207778" uid="1" id="563887684" version="1" lon="-6.2585338" visible="true" /><node changeset="1" timestamp="2026-05-15T09:34:42Z" user="OSMnx" lat="53.3190815" uid="1" id="563887685" version="1" lon="-6.2551247" visible="true" /><node changeset="1" timestamp="2026-05-15T09:34:42Z" user="OSMnx" lat="53.3238329" uid="1" id="563887702" version="1" lon="-6.2540462" visible="true" /><node changeset="1" timestamp="2026-05-15T09:34:42Z" user="OSMnx" lat="53.3187357" uid="1" id="563893119" version="1" lon="-6.2534648" visible="true" /><node changeset="1" timestamp="2026-05-15T09:34:42Z" user="OSMnx" lat="53.3234183" uid="1" id="563894051" version="1" lon="-6.2526288" visible="true" /><node changeset="1" timestamp="2026-05-15T09:34:42Z" user="OSMnx" lat="53.3217831" uid="1" id="563895143" version="1" lon="-6.2594648" visible="true" /><node changeset="1" timestamp="2026-05-15T09:34:42Z" user="OSMnx" lat="53.3217933" uid="1" id="563895146" version="1" lon="-6.2593305" visible="true" /><node changeset="1" timestamp="2026-05-15T09:34:42Z" user="OSMnx" lat="53.3217677" uid="1" id="563895150" version="1" lon="-6.2592518" visible="true" /><node changeset="1" timestamp="2026-05-15T09:34:42Z" user="OSMnx" lat="53.321715" uid="1" id="563895153" version="1" lon="-6.2591882" visible="true" /><node changeset="1" timestamp="2026-05-15T09:34:42Z" user="OSMnx" lat="53.3216842" uid="1" id="563895157" version="1" lon="-6.2591158" visible="true" /><node changeset="1" timestamp="2026-05-15T09:34:42Z" user="OSMnx" lat="53.3216945" uid="1" id="563895159" version="1" lon="-6.2590148" visible="true" /><node changeset="1" timestamp="2026-05-15T09:34:42Z" user="OSMnx" lat="53.32173" uid="1" id="563895161" version="1" lon="-6.2588953" visible="true" /><node changeset="1" timestamp="2026-05-15T09:34:42Z" user="OSMnx" lat="53.3217583" uid="1" id="563895162" version="1" lon="-6.2587937" visible="true" /><node changeset="1" timestamp="2026-05-15T09:34:42Z" user="OSMnx" lat="53.3217905" uid="1" id="563895163" version="1" lon="-6.2587054" visible="true" /><node changeset="1" timestamp="2026-05-15T09:34:42Z" user="OSMnx" lat="53.3218738" uid="1" id="563895164" version="1" lon="-6.2586798" visible="true" /><node changeset="1" timestamp="2026-05-15T09:34:42Z" user="OSMnx" lat="53.3219382" uid="1" id="563895166" version="1" lon="-6.2586435" visible="true" /><node changeset="1" timestamp="2026-05-15T09:34:42Z" user="OSMnx" lat="53.322019" uid="1" id="563895167" version="1" lon="-6.2585381" visible="true" /><node changeset="1" timestamp="2026-05-15T09:34:42Z" user="OSMnx" lat="53.3221396" uid="1" id="563895169" version="1" lon="-6.2586435" visible="true" /><node changeset="1" timestamp="2026-05-15T09:34:42Z" user="OSMnx" lat="53.3218973" uid="1" id="563895171" version="1" lon="-6.2584164" visible="true" /><node changeset="1" timestamp="2026-05-15T09:34:42Z" user="OSMnx" lat="53.3237869" uid="1" id="563987490" version="1" lon="-6.2589143" visible="true" /><node changeset="1" timestamp="2026-05-15T09:34:42Z" user="OSMnx" lat="53.3245709" uid="1" id="563987502" version="1" lon="-6.2566859" visible="true"><tag k="ref" v="2790" /></node><node changeset="1" timestamp="2026-05-15T09:34:42Z" user="OSMnx" lat="53.323423" uid="1" id="564068912" version="1" lon="-6.2585875" visible="true" /><node changeset="1" timestamp="2026-05-15T09:34:42Z" user="OSMnx" lat="53.3221441" uid="1" id="564068914" version="1" lon="-6.2576635" visible="true" /><node changeset="1" timestamp="2026-05-15T09:34:42Z" user="OSMnx" lat="53.3235599" uid="1" id="564068915" version="1" lon="-6.2587167" visible="true" /><node changeset="1" timestamp="2026-05-15T09:34:42Z" user="OSMnx" lat="53.3251566" uid="1" id="564076269" version="1" lon="-6.255162" visible="true" /><node changeset="1" timestamp="2026-05-15T09:34:42Z" user="OSMnx" lat="53.3253658" uid="1" id="564076274" version="1" lon="-6.2550368" visible="true" /><node changeset="1" timestamp="2026-05-15T09:34:42Z" user="OSMnx" lat="53.3184685" uid="1" id="564078488" version="1" lon="-6.2584258" visible="true" /><node changeset="1" timestamp="2026-05-15T09:34:42Z" user="OSMnx" lat="53.3185464" uid="1" id="564078491" version="1" lon="-6.256318" visible="true" /><node changeset="1" timestamp="2026-05-15T09:34:42Z" user="OSMnx" lat="53.3202723" uid="1" id="564078496" version="1" lon="-6.2583889" visible="true" /><node changeset="1" timestamp="2026-05-15T09:34:42Z" user="OSMnx" lat="53.3189433" uid="1" id="564078511" version="1" lon="-6.2563824" visible="true" /><node changeset="1" timestamp="2026-05-15T09:34:42Z" user="OSMnx" lat="53.3180835" uid="1" id="564078537" version="1" lon="-6.2581948" visible="true" /><node changeset="1" timestamp="2026-05-15T09:34:42Z" user="OSMnx" lat="53.3185874" uid="1" id="564078540" version="1" lon="-6.2555135" visible="true" /><node changeset="1" timestamp="2026-05-15T09:34:42Z" user="OSMnx" lat="53.3185827" uid="1" id="564078541" version="1" lon="-6.2556317" visible="true" /><node changeset="1" timestamp="2026-05-15T09:34:42Z" user="OSMnx" lat="53.3205178" uid="1" id="564078546" version="1" lon="-6.2569861" visible="true" /><node changeset="1" timestamp="2026-05-15T09:34:42Z" user="OSMnx" lat="53.3206677" uid="1" id="564078547" version="1" lon="-6.2570273" visible="true" /><node changeset="1" timestamp="2026-05-15T09:34:42Z" user="OSMnx" lat="53.3203921" uid="1" id="564078548" version="1" lon="-6.2575356" visible="true" /><node changeset="1" timestamp="2026-05-15T09:34:42Z" user="OSMnx" lat="53.3175875" uid="1" id="564090181" version="1" lon="-6.2580021" visible="true" /><node changeset="1" timestamp="2026-05-15T09:34:42Z" user="OSMnx" lat="53.317577" uid="1" id="564094364" version="1" lon="-6.2580809" visible="true" /><node changeset="1" timestamp="2026-05-15T09:34:42Z" user="OSMnx" lat="53.3177964" uid="1" id="564094376" version="1" lon="-6.2552377" visible="true" /><node changeset="1" timestamp="2026-05-15T09:34:42Z" user="OSMnx" lat="53.3259569" uid="1" id="564118850" version="1" lon="-6.2555869" visible="true" /><node changeset="1" timestamp="2026-05-15T09:34:42Z" user="OSMnx" lat="53.3265909" uid="1" id="564118888" version="1" lon="-6.2565084" visible="true" /><node changeset="1" timestamp="2026-05-15T09:34:42Z" user="OSMnx" lat="53.3237325" uid="1" id="564122625" version="1" lon="-6.265437" visible="true" /><node changeset="1" timestamp="2026-05-15T09:34:42Z" user="OSMnx" lat="53.3267576" uid="1" id="564122691" version="1" lon="-6.2595042" visible="true" /><node changeset="1" timestamp="2026-05-15T09:34:42Z" user="OSMnx" lat="53.3264399" uid="1" id="564122693" version="1" lon="-6.2572688" visible="true" /><node changeset="1" timestamp="2026-05-15T09:34:42Z" user="OSMnx" lat="53.3231734" uid="1" id="564122805" version="1" lon="-6.2562935" visible="true" /><node changeset="1" timestamp="2026-05-15T09:34:42Z" user="OSMnx" lat="53.3231" uid="1" id="564122806" version="1" lon="-6.2557217" visible="true" /><node changeset="1" timestamp="2026-05-15T09:34:42Z" user="OSMnx" lat="53.3228536" uid="1" id="564122807" version="1" lon="-6.2557288" visible="true" /><node changeset="1" timestamp="2026-05-15T09:34:42Z" user="OSMnx" lat="53.3228176" uid="1" id="564122808" version="1" lon="-6.2554711" visible="true" /><node changeset="1" timestamp="2026-05-15T09:34:42Z" user="OSMnx" lat="53.3226187" uid="1" id="564122809" version="1" lon="-6.2554279" visible="true" /><node changeset="1" timestamp="2026-05-15T09:34:42Z" user="OSMnx" lat="53.3226107" uid="1" id="564122811" version="1" lon="-6.2555293" visible="true" /><node changeset="1" timestamp="2026-05-15T09:34:42Z" user="OSMnx" lat="53.3228251" uid="1" id="564122812" version="1" lon="-6.255554" visible="true" /><node changeset="1" timestamp="2026-05-15T09:34:42Z" user="OSMnx" lat="53.3230548" uid="1" id="564122813" version="1" lon="-6.2554436" visible="true" /><node changeset="1" timestamp="2026-05-15T09:34:42Z" user="OSMnx" lat="53.3228999" uid="1" id="564122814" version="1" lon="-6.2562247" visible="true" /><node changeset="1" timestamp="2026-05-15T09:34:42Z" user="OSMnx" lat="53.3233807" uid="1" id="564122815" version="1" lon="-6.2562535" visible="true" /><node changeset="1" timestamp="2026-05-15T09:34:42Z" user="OSMnx" lat="53.3231463" uid="1" id="564122816" version="1" lon="-6.2559049" visible="true" /><node changeset="1" timestamp="2026-05-15T09:34:42Z" user="OSMnx" lat="53.323294" uid="1" id="564122817" version="1" lon="-6.2558707" visible="true" /><node changeset="1" timestamp="2026-05-15T09:34:42Z" user="OSMnx" lat="53.3232666" uid="1" id="564122818" version="1" lon="-6.2555129" visible="true" /><node changeset="1" timestamp="2026-05-15T09:34:42Z" user="OSMnx" lat="53.3160418" uid="1" id="564125904" version="1" lon="-6.2652112" visible="true" /><node changeset="1" timestamp="2026-05-15T09:34:42Z" user="OSMnx" lat="53.3177718" uid="1" id="564125928" version="1" lon="-6.2655794" visible="true" /><node changeset="1" timestamp="2026-05-15T09:34:42Z" user="OSMnx" lat="53.317666" uid="1" id="564125930" version="1" lon="-6.2662684" visible="true" /><node changeset="1" timestamp="2026-05-15T09:34:42Z" user="OSMnx" lat="53.3211151" uid="1" id="564133491" version="1" lon="-6.2544219" visible="true"><tag k="highway" v="traffic_signals" /></node><node changeset="1" timestamp="2026-05-15T09:34:42Z" user="OSMnx" lat="53.3211556" uid="1" id="564133508" version="1" lon="-6.2550849" visible="true"><tag k="highway" v="traffic_signals" /></node><node changeset="1" timestamp="2026-05-15T09:34:42Z" user="OSMnx" lat="53.3263532" uid="1" id="564133509" version="1" lon="-6.2560696" visible="true" /><node changeset="1" timestamp="2026-05-15T09:34:42Z" user="OSMnx" lat="53.3208843" uid="1" id="564159724" version="1" lon="-6.2577324" visible="true" /><node changeset="1" timestamp="2026-05-15T09:34:42Z" user="OSMnx" lat="53.3215559" uid="1" id="564159727" version="1" lon="-6.2581954" visible="true"><tag k="highway" v="turning_circle" /></node><node changeset="1" timestamp="2026-05-15T09:34:42Z" user="OSMnx" lat="53.315822" uid="1" id="564162097" version="1" lon="-6.2685068" visible="true" /><node changeset="1" timestamp="2026-05-15T09:34:42Z" user="OSMnx" lat="53.3159069" uid="1" id="564162098" version="1" lon="-6.2682609" visible="true" /><node changeset="1" timestamp="2026-05-15T09:34:42Z" user="OSMnx" lat="53.3210971" uid="1" id="564197453" version="1" lon="-6.2565394" visible="true" /><node changeset="1" timestamp="2026-05-15T09:34:42Z" user="OSMnx" lat="53.3247149" uid="1" id="564322999" version="1" lon="-6.2672552" visible="true" /><node changeset="1" timestamp="2026-05-15T09:34:42Z" user="OSMnx" lat="53.3252991" uid="1" id="564323002" version="1" lon="-6.2670945" visible="true" /><node changeset="1" timestamp="2026-05-15T09:34:42Z" user="OSMnx" lat="53.3262459" uid="1" id="564323030" version="1" lon="-6.266623" visible="true" /><node changeset="1" timestamp="2026-05-15T09:34:42Z" user="OSMnx" lat="53.3271621" uid="1" id="564323049" version="1" lon="-6.2637972" visible="true" /><node changeset="1" timestamp="2026-05-15T09:34:42Z" user="OSMnx" lat="53.3274732" uid="1" id="564323054" version="1" lon="-6.2647272" visible="true" /><node changeset="1" timestamp="2026-05-15T09:34:42Z" user="OSMnx" lat="53.3262263" uid="1" id="564323119" version="1" lon="-6.261468" visible="true" /><node changeset="1" timestamp="2026-05-15T09:34:42Z" user="OSMnx" lat="53.3266033" uid="1" id="564323123" version="1" lon="-6.2616061" visible="true" /><node changeset="1" timestamp="2026-05-15T09:34:42Z" user="OSMnx" lat="53.3269288" uid="1" id="564323131" version="1" lon="-6.2614386" visible="true" /><node changeset="1" timestamp="2026-05-15T09:34:42Z" user="OSMnx" lat="53.3272612" uid="1" id="564323138" version="1" lon="-6.2608694" visible="true" /><node changeset="1" timestamp="2026-05-15T09:34:42Z" user="OSMnx" lat="53.3267401" uid="1" id="564323163" version="1" lon="-6.2596503" visible="true" /><node changeset="1" timestamp="2026-05-15T09:34:42Z" user="OSMnx" lat="53.3295794" uid="1" id="564323268" version="1" lon="-6.2632188" visible="true" /><node changeset="1" timestamp="2026-05-15T09:34:42Z" user="OSMnx" lat="53.3293748" uid="1" id="564323269" version="1" lon="-6.2630717" visible="true" /><node changeset="1" timestamp="2026-05-15T09:34:42Z" user="OSMnx" lat="53.3280711" uid="1" id="564323271" version="1" lon="-6.2619404" visible="true" /><node changeset="1" timestamp="2026-05-15T09:34:42Z" user="OSMnx" lat="53.3286718" uid="1" id="564323277" version="1" lon="-6.2614454" visible="true" /><node changeset="1" timestamp="2026-05-15T09:34:42Z" user="OSMnx" lat="53.3289559" uid="1" id="564323280" version="1" lon="-6.2617145" visible="true" /><node changeset="1" timestamp="2026-05-15T09:34:42Z" user="OSMnx" lat="53.328861" uid="1" id="564323292" version="1" lon="-6.2600206" visible="true" /><node changeset="1" timestamp="2026-05-15T09:34:42Z" user="OSMnx" lat="53.3284273" uid="1" id="564323294" version="1" lon="-6.2597286" visible="true" /><node changeset="1" timestamp="2026-05-15T09:34:42Z" user="OSMnx" lat="53.3287991" uid="1" id="564323296" version="1" lon="-6.2603639" visible="true" /><node changeset="1" timestamp="2026-05-15T09:34:42Z" user="OSMnx" lat="53.3292598" uid="1" id="564323305" version="1" lon="-6.261296" visible="true" /><node changeset="1" timestamp="2026-05-15T09:34:42Z" user="OSMnx" lat="53.3300678" uid="1" id="564323345" version="1" lon="-6.261736" visible="true" /><node changeset="1" timestamp="2026-05-15T09:34:42Z" user="OSMnx" lat="53.329373" uid="1" id="564323354" version="1" lon="-6.260383" visible="true" /><node changeset="1" timestamp="2026-05-15T09:34:42Z" user="OSMnx" lat="53.3292425" uid="1" id="564323355" version="1" lon="-6.2607253" visible="true" /><node changeset="1" timestamp="2026-05-15T09:34:42Z" user="OSMnx" lat="53.3297688" uid="1" id="564323357" version="1" lon="-6.2602107" visible="true" /><node changeset="1" timestamp="2026-05-15T09:34:42Z" user="OSMnx" lat="53.3291255" uid="1" id="564323371" version="1" lon="-6.2590375" visible="true" /><node changeset="1" timestamp="2026-05-15T09:34:42Z" user="OSMnx" lat="53.3294932" uid="1" id="564399652" version="1" lon="-6.2622671" visible="true" /><node changeset="1" timestamp="2026-05-15T09:34:42Z" user="OSMnx" lat="53.3279744" uid="1" id="564399654" version="1" lon="-6.2617032" visible="true" /><node changeset="1" timestamp="2026-05-15T09:34:42Z" user="OSMnx" lat="53.3279464" uid="1" id="564399655" version="1" lon="-6.2618357" visible="true" /><node changeset="1" timestamp="2026-05-15T09:34:42Z" user="OSMnx" lat="53.3297941" uid="1" id="564399686" version="1" lon="-6.2601608" visible="true" /><node changeset="1" timestamp="2026-05-15T09:34:42Z" user="OSMnx" lat="53.3203984" uid="1" id="564453072" version="1" lon="-6.2663052" visible="true" /><node changeset="1" timestamp="2026-05-15T09:34:42Z" user="OSMnx" lat="53.3204876" uid="1" id="564453079" version="1" lon="-6.2667935" visible="true" /><node changeset="1" timestamp="2026-05-15T09:34:42Z" user="OSMnx" lat="53.3206" uid="1" id="564453088" version="1" lon="-6.2661713" visible="true" /><node changeset="1" timestamp="2026-05-15T09:34:42Z" user="OSMnx" lat="53.3206302" uid="1" id="564453089" version="1" lon="-6.2660128" visible="true" /><node changeset="1" timestamp="2026-05-15T09:34:42Z" user="OSMnx" lat="53.320981" uid="1" id="564453094" version="1" lon="-6.266398" visible="true" /><node changeset="1" timestamp="2026-05-15T09:34:42Z" user="OSMnx" lat="53.3209429" uid="1" id="564453096" version="1" lon="-6.2665786" visible="true" /><node changeset="1" timestamp="2026-05-15T09:34:42Z" user="OSMnx" lat="53.3212525" uid="1" id="564458297" version="1" lon="-6.2678583" visible="true"><tag k="highway" v="crossing" /></node><node changeset="1" timestamp="2026-05-15T09:34:42Z" user="OSMnx" lat="53.3258017" uid="1" id="564502659" version="1" lon="-6.2554132" visible="true" /><node changeset="1" timestamp="2026-05-15T09:34:42Z" user="OSMnx" lat="53.3259315" uid="1" id="564502666" version="1" lon="-6.2550762" visible="true"><tag k="highway" v="traffic_signals" /></node><node changeset="1" timestamp="2026-05-15T09:34:42Z" user="OSMnx" lat="53.3260864" uid="1" id="564502668" version="1" lon="-6.2546791" visible="true"><tag k="highway" v="traffic_signals" /></node><node changeset="1" timestamp="2026-05-15T09:34:42Z" user="OSMnx" lat="53.3257839" uid="1" id="564502685" version="1" lon="-6.2542301" visible="true" /><node changeset="1" timestamp="2026-05-15T09:34:42Z" user="OSMnx" lat="53.327416" uid="1" id="564502737" version="1" lon="-6.2557962" visible="true" /><node changeset="1" timestamp="2026-05-15T09:34:42Z" user="OSMnx" lat="53.3271844" uid="1" id="564502742" version="1" lon="-6.2556672" visible="true"><tag k="highway" v="turning_circle" /></node><node changeset="1" timestamp="2026-05-15T09:34:42Z" user="OSMnx" lat="53.3270824" uid="1" id="564502809" version="1" lon="-6.2541528" visible="true" /><node changeset="1" timestamp="2026-05-15T09:34:42Z" user="OSMnx" lat="53.3262264" uid="1" id="564502825" version="1" lon="-6.2528052" visible="true" /><node changeset="1" timestamp="2026-05-15T09:34:42Z" user="OSMnx" lat="53.3260831" uid="1" id="564502836" version="1" lon="-6.2513317" visible="true" /><node changeset="1" timestamp="2026-05-15T09:34:42Z" user="OSMnx" lat="53.3258722" uid="1" id="564502838" version="1" lon="-6.2516933" visible="true" /><node changeset="1" timestamp="2026-05-15T09:34:42Z" user="OSMnx" lat="53.3261359" uid="1" id="564502840" version="1" lon="-6.2520995" visible="true" /><node changeset="1" timestamp="2026-05-15T09:34:42Z" user="OSMnx" lat="53.3263659" uid="1" id="564502918" version="1" lon="-6.2526212" visible="true" /><node changeset="1" timestamp="2026-05-15T09:34:42Z" user="OSMnx" lat="53.3269821" uid="1" id="564502928" version="1" lon="-6.2534409" visible="true" /><node changeset="1" timestamp="2026-05-15T09:34:42Z" user="OSMnx" lat="53.3272593" uid="1" id="564502932" version="1" lon="-6.2527265" visible="true" /><node changeset="1" timestamp="2026-05-15T09:34:42Z" user="OSMnx" lat="53.3271354" uid="1" id="564502968" version="1" lon="-6.2526501" visible="true" /><node changeset="1" timestamp="2026-05-15T09:34:42Z" user="OSMnx" lat="53.3264462" uid="1" id="564502971" version="1" lon="-6.2525552" visible="true" /><node changeset="1" timestamp="2026-05-15T09:34:42Z" user="OSMnx" lat="53.326476" uid="1" id="564502974" version="1" lon="-6.2524639" visible="true" /><node changeset="1" timestamp="2026-05-15T09:34:42Z" user="OSMnx" lat="53.3265139" uid="1" id="564502977" version="1" lon="-6.252348" visible="true" /><node changeset="1" timestamp="2026-05-15T09:34:42Z" user="OSMnx" lat="53.3266094" uid="1" id="564502982" version="1" lon="-6.2519227" visible="true" /><node changeset="1" timestamp="2026-05-15T09:34:42Z" user="OSMnx" lat="53.327581" uid="1" id="564502994" version="1" lon="-6.2525222" visible="true" /><node changeset="1" timestamp="2026-05-15T09:34:42Z" user="OSMnx" lat="53.3273379" uid="1" id="564502996" version="1" lon="-6.2523775" visible="true" /><node changeset="1" timestamp="2026-05-15T09:34:42Z" user="OSMnx" lat="53.3270322" uid="1" id="564503002" version="1" lon="-6.2525801" visible="true" /><node changeset="1" timestamp="2026-05-15T09:34:42Z" user="OSMnx" lat="53.3269844" uid="1" id="564503005" version="1" lon="-6.2524714" visible="true"><tag k="highway" v="turning_circle" /></node><node changeset="1" timestamp="2026-05-15T09:34:42Z" user="OSMnx" lat="53.3284645" uid="1" id="564503038" version="1" lon="-6.2575564" visible="true" /><node changeset="1" timestamp="2026-05-15T09:34:42Z" user="OSMnx" lat="53.3282746" uid="1" id="564503041" version="1" lon="-6.2574536" visible="true" /><node changeset="1" timestamp="2026-05-15T09:34:42Z" user="OSMnx" lat="53.3278625" uid="1" id="564503044" version="1" lon="-6.2564334" visible="true" /><node changeset="1" timestamp="2026-05-15T09:34:42Z" user="OSMnx" lat="53.3278061" uid="1" id="564503047" version="1" lon="-6.256393" visible="true" /><node changeset="1" timestamp="2026-05-15T09:34:42Z" user="OSMnx" lat="53.3277579" uid="1" id="564503049" version="1" lon="-6.2562888" visible="true" /><node changeset="1" timestamp="2026-05-15T09:34:42Z" user="OSMnx" lat="53.3277586" uid="1" id="564503058" version="1" lon="-6.2557689" visible="true" /><node changeset="1" timestamp="2026-05-15T09:34:42Z" user="OSMnx" lat="53.3286326" uid="1" id="564503069" version="1" lon="-6.2567946" visible="true" /><node changeset="1" timestamp="2026-05-15T09:34:42Z" user="OSMnx" lat="53.3288687" uid="1" id="564503072" version="1" lon="-6.2557254" visible="true" /><node changeset="1" timestamp="2026-05-15T09:34:42Z" user="OSMnx" lat="53.3283827" uid="1" id="564503077" version="1" lon="-6.2554999" visible="true" /><node changeset="1" timestamp="2026-05-15T09:34:42Z" user="OSMnx" lat="53.3277578" uid="1" id="564503080" version="1" lon="-6.2547759" visible="true" /><node changeset="1" timestamp="2026-05-15T09:34:42Z" user="OSMnx" lat="53.3281797" uid="1" id="564503083" version="1" lon="-6.2553057" visible="true" /><node changeset="1" timestamp="2026-05-15T09:34:42Z" user="OSMnx" lat="53.3282295" uid="1" id="564503085" version="1" lon="-6.2550318" visible="true" /><node changeset="1" timestamp="2026-05-15T09:34:42Z" user="OSMnx" lat="53.3277668" uid="1" id="564503097" version="1" lon="-6.253757" visible="true" /><node changeset="1" timestamp="2026-05-15T09:34:42Z" user="OSMnx" lat="53.3277685" uid="1" id="564503099" version="1" lon="-6.253464" visible="true" /><node changeset="1" timestamp="2026-05-15T09:34:42Z" user="OSMnx" lat="53.328119" uid="1" id="564503102" version="1" lon="-6.2534756" visible="true" /><node changeset="1" timestamp="2026-05-15T09:34:42Z" user="OSMnx" lat="53.3279123" uid="1" id="564503109" version="1" lon="-6.2526469" visible="true" /><node changeset="1" timestamp="2026-05-15T09:34:42Z" user="OSMnx" lat="53.3276409" uid="1" id="564503123" version="1" lon="-6.2524492" visible="true" /><node changeset="1" timestamp="2026-05-15T09:34:42Z" user="OSMnx" lat="53.3275833" uid="1" id="564503124" version="1" lon="-6.2512744" visible="true" /><node changeset="1" timestamp="2026-05-15T09:34:42Z" user="OSMnx" lat="53.3286386" uid="1" id="564503127" version="1" lon="-6.251939" visible="true" /><node changeset="1" timestamp="2026-05-15T09:34:42Z" user="OSMnx" lat="53.3219301" uid="1" id="564516783" version="1" lon="-6.2676193" visible="true" /><node changeset="1" timestamp="2026-05-15T09:34:42Z" user="OSMnx" lat="53.3179556" uid="1" id="564540030" version="1" lon="-6.2682905" visible="true" /><node changeset="1" timestamp="2026-05-15T09:34:42Z" user="OSMnx" lat="53.3190734" uid="1" id="564540033" version="1" lon="-6.2677272" visible="true" /><node changeset="1" timestamp="2026-05-15T09:34:42Z" user="OSMnx" lat="53.3181386" uid="1" id="564540035" version="1" lon="-6.2682752" visible="true" /><node changeset="1" timestamp="2026-05-15T09:34:42Z" user="OSMnx" lat="53.320057" uid="1" id="564540054" version="1" lon="-6.26844" visible="true" /><node changeset="1" timestamp="2026-05-15T09:34:42Z" user="OSMnx" lat="53.3183974" uid="1" id="564540055" version="1" lon="-6.267408" visible="true" /><node changeset="1" timestamp="2026-05-15T09:34:42Z" user="OSMnx" lat="53.3186968" uid="1" id="564540065" version="1" lon="-6.2675531" visible="true" /><node changeset="1" timestamp="2026-05-15T09:34:42Z" user="OSMnx" lat="53.3188395" uid="1" id="564540066" version="1" lon="-6.2648702" visible="true" /><node changeset="1" timestamp="2026-05-15T09:34:42Z" user="OSMnx" lat="53.3177227" uid="1" id="564545142" version="1" lon="-6.2681633" visible="true" /><node changeset="1" timestamp="2026-05-15T09:34:42Z" user="OSMnx" lat="53.3169895" uid="1" id="564574104" version="1" lon="-6.268571" visible="true" /><node changeset="1" timestamp="2026-05-15T09:34:42Z" user="OSMnx" lat="53.317146" uid="1" id="564574106" version="1" lon="-6.2683594" visible="true" /><node changeset="1" timestamp="2026-05-15T09:34:42Z" user="OSMnx" lat="53.3169567" uid="1" id="564574136" version="1" lon="-6.2669661" visible="true" /><node changeset="1" timestamp="2026-05-15T09:34:42Z" user="OSMnx" lat="53.3175119" uid="1" id="564574138" version="1" lon="-6.267244" visible="true" /><node changeset="1" timestamp="2026-05-15T09:34:42Z" user="OSMnx" lat="53.3177217" uid="1" id="564574170" version="1" lon="-6.2655584" visible="true" /><node changeset="1" timestamp="2026-05-15T09:34:42Z" user="OSMnx" lat="53.3192992" uid="1" id="564574183" version="1" lon="-6.2667039" visible="true" /><node changeset="1" timestamp="2026-05-15T09:34:42Z" user="OSMnx" lat="53.319288" uid="1" id="564574188" version="1" lon="-6.2666091" visible="true" /><node changeset="1" timestamp="2026-05-15T09:34:42Z" user="OSMnx" lat="53.3192932" uid="1" id="564574210" version="1" lon="-6.2661167" visible="true" /><node changeset="1" timestamp="2026-05-15T09:34:42Z" user="OSMnx" lat="53.3193056" uid="1" id="564574211" version="1" lon="-6.2659432" visible="true" /><node changeset="1" timestamp="2026-05-15T09:34:42Z" user="OSMnx" lat="53.3194155" uid="1" id="564574213" version="1" lon="-6.2653344" visible="true" /><node changeset="1" timestamp="2026-05-15T09:34:42Z" user="OSMnx" lat="53.3198365" uid="1" id="564574237" version="1" lon="-6.2672092" visible="true" /><node changeset="1" timestamp="2026-05-15T09:34:42Z" user="OSMnx" lat="53.3198424" uid="1" id="564574239" version="1" lon="-6.266877" visible="true" /><node changeset="1" timestamp="2026-05-15T09:34:42Z" user="OSMnx" lat="53.3200534" uid="1" id="564574242" version="1" lon="-6.2669588" visible="true" /><node changeset="1" timestamp="2026-05-15T09:34:42Z" user="OSMnx" lat="53.3198246" uid="1" id="564574244" version="1" lon="-6.2669564" visible="true" /><node changeset="1" timestamp="2026-05-15T09:34:42Z" user="OSMnx" lat="53.3198381" uid="1" id="564574246" version="1" lon="-6.267457" visible="true" /><node changeset="1" timestamp="2026-05-15T09:34:42Z" user="OSMnx" lat="53.3202442" uid="1" id="564574256" version="1" lon="-6.2667442" visible="true" /><node changeset="1" timestamp="2026-05-15T09:34:42Z" user="OSMnx" lat="53.3195343" uid="1" id="564574276" version="1" lon="-6.2646964" visible="true" /><node changeset="1" timestamp="2026-05-15T09:34:42Z" user="OSMnx" lat="53.3260713" uid="1" id="564734063" version="1" lon="-6.2531098" visible="true" /><node changeset="1" timestamp="2026-05-15T09:34:42Z" user="OSMnx" lat="53.3287614" uid="1" id="564824161" version="1" lon="-6.2562146" visible="true" /><node changeset="1" timestamp="2026-05-15T09:34:42Z" user="OSMnx" lat="53.3263982" uid="1" id="564833703" version="1" lon="-6.2538572" visible="true" /><node changeset="1" timestamp="2026-05-15T09:34:42Z" user="OSMnx" lat="53.3249355" uid="1" id="564908526" version="1" lon="-6.2640392" visible="true" /><node changeset="1" timestamp="2026-05-15T09:34:42Z" user="OSMnx" lat="53.3246537" uid="1" id="564908528" version="1" lon="-6.2640893" visible="true" /><node changeset="1" timestamp="2026-05-15T09:34:42Z" user="OSMnx" lat="53.3245331" uid="1" id="564908530" version="1" lon="-6.2641919" visible="true" /><node changeset="1" timestamp="2026-05-15T09:34:42Z" user="OSMnx" lat="53.3249878" uid="1" id="564908533" version="1" lon="-6.2646203" visible="true" /><node changeset="1" timestamp="2026-05-15T09:34:42Z" user="OSMnx" lat="53.3256714" uid="1" id="564908535" version="1" lon="-6.26408" visible="true" /><node changeset="1" timestamp="2026-05-15T09:34:42Z" user="OSMnx" lat="53.3261884" uid="1" id="564908536" version="1" lon="-6.2639811" visible="true" /><node changeset="1" timestamp="2026-05-15T09:34:42Z" user="OSMnx" lat="53.326014" uid="1" id="564908538" version="1" lon="-6.2640219" visible="true" /><node changeset="1" timestamp="2026-05-15T09:34:42Z" user="OSMnx" lat="53.3168736" uid="1" id="564914484" version="1" lon="-6.2662229" visible="true" /><node changeset="1" timestamp="2026-05-15T09:34:42Z" user="OSMnx" lat="53.3161737" uid="1" id="564926471" version="1" lon="-6.2652506" visible="true" /><node changeset="1" timestamp="2026-05-15T09:34:42Z" user="OSMnx" lat="53.3167963" uid="1" id="564926497" version="1" lon="-6.2651561" visible="true"><tag k="highway" v="crossing" /></node><node changeset="1" timestamp="2026-05-15T09:34:42Z" user="OSMnx" lat="53.3156078" uid="1" id="564932776" version="1" lon="-6.2649898" visible="true" /><node changeset="1" timestamp="2026-05-15T09:34:42Z" user="OSMnx" lat="53.3159048" uid="1" id="564932777" version="1" lon="-6.2638386" visible="true" /><node changeset="1" timestamp="2026-05-15T09:34:42Z" user="OSMnx" lat="53.3159347" uid="1" id="564932778" version="1" lon="-6.2637212" visible="true" /><node changeset="1" timestamp="2026-05-15T09:34:42Z" user="OSMnx" lat="53.3163289" uid="1" id="564932782" version="1" lon="-6.2641885" visible="true" /><node changeset="1" timestamp="2026-05-15T09:34:42Z" user="OSMnx" lat="53.3159918" uid="1" id="564932784" version="1" lon="-6.2636979" visible="true" /><node changeset="1" timestamp="2026-05-15T09:34:42Z" user="OSMnx" lat="53.3160899" uid="1" id="564932785" version="1" lon="-6.2638605" visible="true" /><node changeset="1" timestamp="2026-05-15T09:34:42Z" user="OSMnx" lat="53.316263" uid="1" id="564952412" version="1" lon="-6.2639014" visible="true" /><node changeset="1" timestamp="2026-05-15T09:34:42Z" user="OSMnx" lat="53.3160792" uid="1" id="564952462" version="1" lon="-6.2629054" visible="true" /><node changeset="1" timestamp="2026-05-15T09:34:42Z" user="OSMnx" lat="53.3166532" uid="1" id="564952476" version="1" lon="-6.2638295" visible="true" /><node changeset="1" timestamp="2026-05-15T09:34:42Z" user="OSMnx" lat="53.3172404" uid="1" id="564952482" version="1" lon="-6.2634868" visible="true" /><node changeset="1" timestamp="2026-05-15T09:34:42Z" user="OSMnx" lat="53.3171335" uid="1" id="564952483" version="1" lon="-6.263935" visible="true" /><node changeset="1" timestamp="2026-05-15T09:34:42Z" user="OSMnx" lat="53.3172872" uid="1" id="564952485" version="1" lon="-6.2639932" visible="true" /><node changeset="1" timestamp="2026-05-15T09:34:42Z" user="OSMnx" lat="53.3173198" uid="1" id="564952486" version="1" lon="-6.2640254" visible="true" /><node changeset="1" timestamp="2026-05-15T09:34:42Z" user="OSMnx" lat="53.3173394" uid="1" id="564952496" version="1" lon="-6.2640741" visible="true" /><node changeset="1" timestamp="2026-05-15T09:34:42Z" user="OSMnx" lat="53.3173582" uid="1" id="564952497" version="1" lon="-6.2641492" visible="true" /><node changeset="1" timestamp="2026-05-15T09:34:42Z" user="OSMnx" lat="53.3170938" uid="1" id="564952545" version="1" lon="-6.2627217" visible="true" /><node changeset="1" timestamp="2026-05-15T09:34:42Z" user="OSMnx" lat="53.3166567" uid="1" id="564952553" version="1" lon="-6.2617196" visible="true" /><node changeset="1" timestamp="2026-05-15T09:34:42Z" user="OSMnx" lat="53.3159385" uid="1" id="564965441" version="1" lon="-6.2614851" visible="true" /><node changeset="1" timestamp="2026-05-15T09:34:42Z" user="OSMnx" lat="53.3161086" uid="1" id="564965456" version="1" lon="-6.259563" visible="true" /><node changeset="1" timestamp="2026-05-15T09:34:42Z" user="OSMnx" lat="53.3199708" uid="1" id="565037683" version="1" lon="-6.2612558" visible="true" /><node changeset="1" timestamp="2026-05-15T09:34:42Z" user="OSMnx" lat="53.3262097" uid="1" id="565054903" version="1" lon="-6.258729" visible="true" /><node changeset="1" timestamp="2026-05-15T09:34:42Z" user="OSMnx" lat="53.3278836" uid="1" id="565054904" version="1" lon="-6.2608731" visible="true" /><node changeset="1" timestamp="2026-05-15T09:34:42Z" user="OSMnx" lat="53.3279175" uid="1" id="565054905" version="1" lon="-6.2607005" visible="true" /><node changeset="1" timestamp="2026-05-15T09:34:42Z" user="OSMnx" lat="53.3279435" uid="1" id="565054906" version="1" lon="-6.2595011" visible="true" /><node changeset="1" timestamp="2026-05-15T09:34:42Z" user="OSMnx" lat="53.3292712" uid="1" id="565056576" version="1" lon="-6.2611442" visible="true" /><node changeset="1" timestamp="2026-05-15T09:34:42Z" user="OSMnx" lat="53.3187831" uid="1" id="565063530" version="1" lon="-6.2643999" visible="true" /><node changeset="1" timestamp="2026-05-15T09:34:42Z" user="OSMnx" lat="53.3192335" uid="1" id="565063532" version="1" lon="-6.2645352" visible="true" /><node changeset="1" timestamp="2026-05-15T09:34:42Z" user="OSMnx" lat="53.3193271" uid="1" id="565063548" version="1" lon="-6.2640204" visible="true" /><node changeset="1" timestamp="2026-05-15T09:34:42Z" user="OSMnx" lat="53.3193139" uid="1" id="565063549" version="1" lon="-6.2638962" visible="true" /><node changeset="1" timestamp="2026-05-15T09:34:42Z" user="OSMnx" lat="53.3194095" uid="1" id="565063577" version="1" lon="-6.2634213" visible="true" /><node changeset="1" timestamp="2026-05-15T09:34:42Z" user="OSMnx" lat="53.3184962" uid="1" id="565086606" version="1" lon="-6.253393" visible="true" /><node changeset="1" timestamp="2026-05-15T09:34:42Z" user="OSMnx" lat="53.3258375" uid="1" id="565175347" version="1" lon="-6.2553208" visible="true" /><node changeset="1" timestamp="2026-05-15T09:34:42Z" user="OSMnx" lat="53.3273932" uid="1" id="565578635" version="1" lon="-6.2486959" visible="true"><tag k="ref" v="904" /></node><node changeset="1" timestamp="2026-05-15T09:34:42Z" user="OSMnx" lat="53.3278651" uid="1" id="565578637" version="1" lon="-6.2480149" visible="true"><tag k="ref" v="849" /></node><node changeset="1" timestamp="2026-05-15T09:34:42Z" user="OSMnx" lat="53.3185129" uid="1" id="565672558" version="1" lon="-6.2414186" visible="true" /><node changeset="1" timestamp="2026-05-15T09:34:42Z" user="OSMnx" lat="53.318474" uid="1" id="565672563" version="1" lon="-6.2415406" visible="true" /><node changeset="1" timestamp="2026-05-15T09:34:42Z" user="OSMnx" lat="53.3183955" uid="1" id="565672564" version="1" lon="-6.2416601" visible="true"><tag k="highway" v="traffic_signals" /></node><node changeset="1" timestamp="2026-05-15T09:34:42Z" user="OSMnx" lat="53.3183868" uid="1" id="565672566" version="1" lon="-6.2416656" visible="true"><tag k="highway" v="crossing" /></node><node changeset="1" timestamp="2026-05-15T09:34:42Z" user="OSMnx" lat="53.3183189" uid="1" id="565672568" version="1" lon="-6.2416781" visible="true" /><node changeset="1" timestamp="2026-05-15T09:34:42Z" user="OSMnx" lat="53.318279" uid="1" id="565672573" version="1" lon="-6.2416756" visible="true" /><node changeset="1" timestamp="2026-05-15T09:34:42Z" user="OSMnx" lat="53.3167041" uid="1" id="565672574" version="1" lon="-6.2389046" visible="true" /><node changeset="1" timestamp="2026-05-15T09:34:42Z" user="OSMnx" lat="53.317543" uid="1" id="565672577" version="1" lon="-6.2378059" visible="true"><tag k="highway" v="turning_circle" /></node><node changeset="1" timestamp="2026-05-15T09:34:42Z" user="OSMnx" lat="53.3171191" uid="1" id="565672579" version="1" lon="-6.2383731" visible="true" /><node changeset="1" timestamp="2026-05-15T09:34:42Z" user="OSMnx" lat="53.3256239" uid="1" id="565681592" version="1" lon="-6.2515547" visible="true" /><node changeset="1" timestamp="2026-05-15T09:34:42Z" user="OSMnx" lat="53.324834" uid="1" id="565684359" version="1" lon="-6.2558744" visible="true" /><node changeset="1" timestamp="2026-05-15T09:34:42Z" user="OSMnx" lat="53.3233853" uid="1" id="565771599" version="1" lon="-6.2500467" visible="true"><tag k="highway" v="crossing" /></node><node changeset="1" timestamp="2026-05-15T09:34:42Z" user="OSMnx" lat="53.3244733" uid="1" id="568804277" version="1" lon="-6.257536" visible="true" /><node changeset="1" timestamp="2026-05-15T09:34:42Z" user="OSMnx" lat="53.3262792" uid="1" id="568804278" version="1" lon="-6.258737" visible="true" /><node changeset="1" timestamp="2026-05-15T09:34:42Z" user="OSMnx" lat="53.3344451" uid="1" id="582364827" version="1" lon="-6.2458137" visible="true" /><node changeset="1" timestamp="2026-05-15T09:34:42Z" user="OSMnx" lat="53.334464" uid="1" id="582364829" version="1" lon="-6.2454914" visible="true"><tag k="highway" v="crossing" /></node><node changeset="1" timestamp="2026-05-15T09:34:42Z" user="OSMnx" lat="53.3218148" uid="1" id="599217707" version="1" lon="-6.2367105" visible="true" /><node changeset="1" timestamp="2026-05-15T09:34:42Z" user="OSMnx" lat="53.3325662" uid="1" id="613146316" version="1" lon="-6.2350383" visible="true" /><node changeset="1" timestamp="2026-05-15T09:34:42Z" user="OSMnx" lat="53.3326908" uid="1" id="613146318" version="1" lon="-6.2348096" visible="true" /><node changeset="1" timestamp="2026-05-15T09:34:42Z" user="OSMnx" lat="53.3289688" uid="1" id="614407067" version="1" lon="-6.2521558" visible="true" /><node changeset="1" timestamp="2026-05-15T09:34:42Z" user="OSMnx" lat="53.3348707" uid="1" id="615600305" version="1" lon="-6.268015" visible="true" /><node changeset="1" timestamp="2026-05-15T09:34:42Z" user="OSMnx" lat="53.3345305" uid="1" id="615600308" version="1" lon="-6.2679666" visible="true" /><node changeset="1" timestamp="2026-05-15T09:34:42Z" user="OSMnx" lat="53.3349262" uid="1" id="615600340" version="1" lon="-6.2669545" visible="true" /><node changeset="1" timestamp="2026-05-15T09:34:42Z" user="OSMnx" lat="53.3345589" uid="1" id="615600343" version="1" lon="-6.2674144" visible="true" /><node changeset="1" timestamp="2026-05-15T09:34:42Z" user="OSMnx" lat="53.334893" uid="1" id="615600345" version="1" lon="-6.2676463" visible="true" /><node changeset="1" timestamp="2026-05-15T09:34:42Z" user="OSMnx" lat="53.3345496" uid="1" id="615600349" version="1" lon="-6.2675957" visible="true" /><node changeset="1" timestamp="2026-05-15T09:34:42Z" user="OSMnx" lat="53.3345284" uid="1" id="615718717" version="1" lon="-6.2680071" visible="true" /><node changeset="1" timestamp="2026-05-15T09:34:42Z" user="OSMnx" lat="53.3302378" uid="1" id="621906393" version="1" lon="-6.2605052" visible="true" /><node changeset="1" timestamp="2026-05-15T09:34:42Z" user="OSMnx" lat="53.3208373" uid="1" id="652232934" version="1" lon="-6.2557315" visible="true" /><node changeset="1" timestamp="2026-05-15T09:34:42Z" user="OSMnx" lat="53.316368" uid="1" id="654187744" version="1" lon="-6.2381199" visible="true" /><node changeset="1" timestamp="2026-05-15T09:34:42Z" user="OSMnx" lat="53.3162766" uid="1" id="654187745" version="1" lon="-6.2377817" visible="true" /><node changeset="1" timestamp="2026-05-15T09:34:42Z" user="OSMnx" lat="53.3161839" uid="1" id="654187746" version="1" lon="-6.237544" visible="true" /><node changeset="1" timestamp="2026-05-15T09:34:42Z" user="OSMnx" lat="53.3160737" uid="1" id="654187747" version="1" lon="-6.2374385" visible="true" /><node changeset="1" timestamp="2026-05-15T09:34:42Z" user="OSMnx" lat="53.3158453" uid="1" id="654187748" version="1" lon="-6.2374895" visible="true" /><node changeset="1" timestamp="2026-05-15T09:34:42Z" user="OSMnx" lat="53.3157189" uid="1" id="654187749" version="1" lon="-6.2375966" visible="true" /><node changeset="1" timestamp="2026-05-15T09:34:42Z" user="OSMnx" lat="53.3299519" uid="1" id="656486969" version="1" lon="-6.2644515" visible="true"><tag k="highway" v="crossing" /></node><node changeset="1" timestamp="2026-05-15T09:34:42Z" user="OSMnx" lat="53.3255198" uid="1" id="660698696" version="1" lon="-6.2416453" visible="true"><tag k="ref" v="776" /></node><node changeset="1" timestamp="2026-05-15T09:34:42Z" user="OSMnx" lat="53.3264241" uid="1" id="684995615" version="1" lon="-6.2525347" visible="true" /><node changeset="1" timestamp="2026-05-15T09:34:42Z" user="OSMnx" lat="53.3285074" uid="1" id="684995634" version="1" lon="-6.2597936" visible="true" /><node changeset="1" timestamp="2026-05-15T09:34:42Z" user="OSMnx" lat="53.3219608" uid="1" id="686601221" version="1" lon="-6.2358936" visible="true" /><node changeset="1" timestamp="2026-05-15T09:34:42Z" user="OSMnx" lat="53.3274118" uid="1" id="686611619" version="1" lon="-6.2441366" visible="true" /><node changeset="1" timestamp="2026-05-15T09:34:42Z" user="OSMnx" lat="53.3303813" uid="1" id="686611621" version="1" lon="-6.2516968" visible="true" /><node changeset="1" timestamp="2026-05-15T09:34:42Z" user="OSMnx" lat="53.3297644" uid="1" id="686611632" version="1" lon="-6.2506877" visible="true"><tag k="ref" v="907" /></node><node changeset="1" timestamp="2026-05-15T09:34:42Z" user="OSMnx" lat="53.3294338" uid="1" id="686611634" version="1" lon="-6.2493467" visible="true" /><node changeset="1" timestamp="2026-05-15T09:34:42Z" user="OSMnx" lat="53.3338922" uid="1" id="686613612" version="1" lon="-6.2547258" visible="true" /><node changeset="1" timestamp="2026-05-15T09:34:42Z" user="OSMnx" lat="53.3215405" uid="1" id="688820688" version="1" lon="-6.2465539" visible="true" /><node changeset="1" timestamp="2026-05-15T09:34:42Z" user="OSMnx" lat="53.3215955" uid="1" id="688820692" version="1" lon="-6.2464418" visible="true" /><node changeset="1" timestamp="2026-05-15T09:34:42Z" user="OSMnx" lat="53.3216546" uid="1" id="688820694" version="1" lon="-6.2462942" visible="true" /><node changeset="1" timestamp="2026-05-15T09:34:42Z" user="OSMnx" lat="53.3216944" uid="1" id="688820695" version="1" lon="-6.2461321" visible="true" /><node changeset="1" timestamp="2026-05-15T09:34:42Z" user="OSMnx" lat="53.321716" uid="1" id="688820696" version="1" lon="-6.2459554" visible="true" /><node changeset="1" timestamp="2026-05-15T09:34:42Z" user="OSMnx" lat="53.3217594" uid="1" id="688820697" version="1" lon="-6.2457368" visible="true" /><node changeset="1" timestamp="2026-05-15T09:34:42Z" user="OSMnx" lat="53.3217904" uid="1" id="688820699" version="1" lon="-6.2456646" visible="true"><tag k="highway" v="turning_circle" /></node><node changeset="1" timestamp="2026-05-15T09:34:42Z" user="OSMnx" lat="53.3234895" uid="1" id="688820703" version="1" lon="-6.2502964" visible="true" /><node changeset="1" timestamp="2026-05-15T09:34:42Z" user="OSMnx" lat="53.3233182" uid="1" id="688820705" version="1" lon="-6.2490262" visible="true" /><node changeset="1" timestamp="2026-05-15T09:34:42Z" user="OSMnx" lat="53.3237371" uid="1" id="688820707" version="1" lon="-6.2500926" visible="true" /><node changeset="1" timestamp="2026-05-15T09:34:42Z" user="OSMnx" lat="53.3239912" uid="1" id="688820710" version="1" lon="-6.249891" visible="true" /><node changeset="1" timestamp="2026-05-15T09:34:42Z" user="OSMnx" lat="53.3242788" uid="1" id="688820711" version="1" lon="-6.2495598" visible="true" /><node changeset="1" timestamp="2026-05-15T09:34:42Z" user="OSMnx" lat="53.3235185" uid="1" id="688820713" version="1" lon="-6.2485128" visible="true" /><node changeset="1" timestamp="2026-05-15T09:34:42Z" user="OSMnx" lat="53.3238829" uid="1" id="688820745" version="1" lon="-6.248484" visible="true" /><node changeset="1" timestamp="2026-05-15T09:34:42Z" user="OSMnx" lat="53.3230933" uid="1" id="698592431" version="1" lon="-6.249396" visible="true" /><node changeset="1" timestamp="2026-05-15T09:34:42Z" user="OSMnx" lat="53.3159458" uid="1" id="702387946" version="1" lon="-6.2374304" visible="true" /><node changeset="1" timestamp="2026-05-15T09:34:42Z" user="OSMnx" lat="53.3159163" uid="1" id="702387949" version="1" lon="-6.2377108" visible="true" /><node changeset="1" timestamp="2026-05-15T09:34:42Z" user="OSMnx" lat="53.3300992" uid="1" id="728380875" version="1" lon="-6.247637" visible="true" /><node changeset="1" timestamp="2026-05-15T09:34:42Z" user="OSMnx" lat="53.3299156" uid="1" id="728380990" version="1" lon="-6.2495085" visible="true" /><node changeset="1" timestamp="2026-05-15T09:34:42Z" user="OSMnx" lat="53.3312658" uid="1" id="746020034" version="1" lon="-6.2668599" visible="true" /><node changeset="1" timestamp="2026-05-15T09:34:42Z" user="OSMnx" lat="53.3317545" uid="1" id="746020037" version="1" lon="-6.2691404" visible="true" /><node changeset="1" timestamp="2026-05-15T09:34:42Z" user="OSMnx" lat="53.3311753" uid="1" id="746020053" version="1" lon="-6.2645639" visible="true" /><node changeset="1" timestamp="2026-05-15T09:34:42Z" user="OSMnx" lat="53.3268776" uid="1" id="746023489" version="1" lon="-6.266431" visible="true" /><node changeset="1" timestamp="2026-05-15T09:34:42Z" user="OSMnx" lat="53.3251875" uid="1" id="746031680" version="1" lon="-6.2671323" visible="true" /><node changeset="1" timestamp="2026-05-15T09:34:42Z" user="OSMnx" lat="53.3252026" uid="1" id="746031685" version="1" lon="-6.2661002" visible="true" /><node changeset="1" timestamp="2026-05-15T09:34:42Z" user="OSMnx" lat="53.3278483" uid="1" id="778699193" version="1" lon="-6.2646641" visible="true"><tag k="highway" v="crossing" /></node><node changeset="1" timestamp="2026-05-15T09:34:42Z" user="OSMnx" lat="53.3215072" uid="1" id="790132216" version="1" lon="-6.2469729" visible="true" /><node changeset="1" timestamp="2026-05-15T09:34:42Z" user="OSMnx" lat="53.3145489" uid="1" id="790132273" version="1" lon="-6.238321" visible="true" /><node changeset="1" timestamp="2026-05-15T09:34:42Z" user="OSMnx" lat="53.3161168" uid="1" id="790132296" version="1" lon="-6.237472" visible="true" /><node changeset="1" timestamp="2026-05-15T09:34:42Z" user="OSMnx" lat="53.3318542" uid="1" id="795479835" version="1" lon="-6.2531725" visible="true" /><node changeset="1" timestamp="2026-05-15T09:34:42Z" user="OSMnx" lat="53.3319517" uid="1" id="799719061" version="1" lon="-6.2524832" visible="true"><tag k="highway" v="crossing" /></node><node changeset="1" timestamp="2026-05-15T09:34:42Z" user="OSMnx" lat="53.3239785" uid="1" id="799719074" version="1" lon="-6.2356669" visible="true" /><node changeset="1" timestamp="2026-05-15T09:34:42Z" user="OSMnx" lat="53.3275203" uid="1" id="799719111" version="1" lon="-6.2352891" visible="true" /><node changeset="1" timestamp="2026-05-15T09:34:42Z" user="OSMnx" lat="53.3282617" uid="1" id="799719114" version="1" lon="-6.2341542" visible="true"><tag k="highway" v="crossing" /></node><node changeset="1" timestamp="2026-05-15T09:34:42Z" user="OSMnx" lat="53.3231475" uid="1" id="799719180" version="1" lon="-6.2352396" visible="true" /><node changeset="1" timestamp="2026-05-15T09:34:42Z" user="OSMnx" lat="53.3283572" uid="1" id="799719202" version="1" lon="-6.2340017" visible="true" /><node changeset="1" timestamp="2026-05-15T09:34:42Z" user="OSMnx" lat="53.3318179" uid="1" id="799719204" version="1" lon="-6.2349646" visible="true" /><node changeset="1" timestamp="2026-05-15T09:34:42Z" user="OSMnx" lat="53.3135469" uid="1" id="799905459" version="1" lon="-6.2386464" visible="true" /><node changeset="1" timestamp="2026-05-15T09:34:42Z" user="OSMnx" lat="53.3281037" uid="1" id="804644263" version="1" lon="-6.2381963" visible="true" /><node changeset="1" timestamp="2026-05-15T09:34:42Z" user="OSMnx" lat="53.3323541" uid="1" id="849020265" version="1" lon="-6.2556058" visible="true" /><node changeset="1" timestamp="2026-05-15T09:34:42Z" user="OSMnx" lat="53.3271797" uid="1" id="922484441" version="1" lon="-6.2489985" visible="true" /><node changeset="1" timestamp="2026-05-15T09:34:42Z" user="OSMnx" lat="53.3266202" uid="1" id="922484448" version="1" lon="-6.2469728" visible="true" /><node changeset="1" timestamp="2026-05-15T09:34:42Z" user="OSMnx" lat="53.3270532" uid="1" id="922484451" version="1" lon="-6.2465794" visible="true" /><node changeset="1" timestamp="2026-05-15T09:34:42Z" user="OSMnx" lat="53.3228117" uid="1" id="932266186" version="1" lon="-6.2632955" visible="true"><tag k="ref" v="2788" /></node><node changeset="1" timestamp="2026-05-15T09:34:42Z" user="OSMnx" lat="53.33304" uid="1" id="935524867" version="1" lon="-6.2485689" visible="true" /><node changeset="1" timestamp="2026-05-15T09:34:42Z" user="OSMnx" lat="53.3342208" uid="1" id="940041491" version="1" lon="-6.2437546" visible="true" /><node changeset="1" timestamp="2026-05-15T09:34:42Z" user="OSMnx" lat="53.3349308" uid="1" id="945928457" version="1" lon="-6.2372404" visible="true"><tag k="ref" v="489" /></node><node changeset="1" timestamp="2026-05-15T09:34:42Z" user="OSMnx" lat="53.3188663" uid="1" id="975699524" version="1" lon="-6.2692907" visible="true" /><node changeset="1" timestamp="2026-05-15T09:34:42Z" user="OSMnx" lat="53.3347826" uid="1" id="977565817" version="1" lon="-6.2357567" visible="true" /><node changeset="1" timestamp="2026-05-15T09:34:42Z" user="OSMnx" lat="53.3350892" uid="1" id="977565854" version="1" lon="-6.2359741" visible="true" /><node changeset="1" timestamp="2026-05-15T09:34:42Z" user="OSMnx" lat="53.3309586" uid="1" id="1215854501" version="1" lon="-6.2588032" visible="true" /><node changeset="1" timestamp="2026-05-15T09:34:42Z" user="OSMnx" lat="53.3338025" uid="1" id="1240273773" version="1" lon="-6.240833" visible="true" /><node changeset="1" timestamp="2026-05-15T09:34:42Z" user="OSMnx" lat="53.3350049" uid="1" id="1240273785" version="1" lon="-6.2419351" visible="true" /><node changeset="1" timestamp="2026-05-15T09:34:42Z" user="OSMnx" lat="53.3327906" uid="1" id="1250409670" version="1" lon="-6.2604378" visible="true"><tag k="highway" v="crossing" /></node><node changeset="1" timestamp="2026-05-15T09:34:42Z" user="OSMnx" lat="53.3300674" uid="1" id="1250706374" version="1" lon="-6.2565022" visible="true" /><node changeset="1" timestamp="2026-05-15T09:34:42Z" user="OSMnx" lat="53.3300054" uid="1" id="1250706375" version="1" lon="-6.2552" visible="true" /><node changeset="1" timestamp="2026-05-15T09:34:42Z" user="OSMnx" lat="53.3305892" uid="1" id="1250706385" version="1" lon="-6.2555585" visible="true" /><node changeset="1" timestamp="2026-05-15T09:34:42Z" user="OSMnx" lat="53.3305458" uid="1" id="1250706388" version="1" lon="-6.2542954" visible="true" /><node changeset="1" timestamp="2026-05-15T09:34:42Z" user="OSMnx" lat="53.3279762" uid="1" id="1251205674" version="1" lon="-6.2503164" visible="true" /><node changeset="1" timestamp="2026-05-15T09:34:42Z" user="OSMnx" lat="53.3272722" uid="1" id="1260858614" version="1" lon="-6.2454126" visible="true" /><node changeset="1" timestamp="2026-05-15T09:34:42Z" user="OSMnx" lat="53.3289293" uid="1" id="1260858627" version="1" lon="-6.2482411" visible="true" /><node changeset="1" timestamp="2026-05-15T09:34:42Z" user="OSMnx" lat="53.3286102" uid="1" id="1260858631" version="1" lon="-6.2490793" visible="true" /><node changeset="1" timestamp="2026-05-15T09:34:42Z" user="OSMnx" lat="53.3271651" uid="1" id="1260858641" version="1" lon="-6.2456279" visible="true" /><node changeset="1" timestamp="2026-05-15T09:34:42Z" user="OSMnx" lat="53.3291685" uid="1" id="1260858654" version="1" lon="-6.2464172" visible="true" /><node changeset="1" timestamp="2026-05-15T09:34:42Z" user="OSMnx" lat="53.3285055" uid="1" id="1260858669" version="1" lon="-6.2488779" visible="true" /><node changeset="1" timestamp="2026-05-15T09:34:42Z" user="OSMnx" lat="53.3280916" uid="1" id="1260858684" version="1" lon="-6.2464203" visible="true" /><node changeset="1" timestamp="2026-05-15T09:34:42Z" user="OSMnx" lat="53.3297147" uid="1" id="1260858689" version="1" lon="-6.2461921" visible="true" /><node changeset="1" timestamp="2026-05-15T09:34:42Z" user="OSMnx" lat="53.327448" uid="1" id="1260858691" version="1" lon="-6.2450351" visible="true" /><node changeset="1" timestamp="2026-05-15T09:34:42Z" user="OSMnx" lat="53.3288112" uid="1" id="1260858705" version="1" lon="-6.2484302" visible="true" /><node changeset="1" timestamp="2026-05-15T09:34:42Z" user="OSMnx" lat="53.3275077" uid="1" id="1260858711" version="1" lon="-6.2463116" visible="true" /><node changeset="1" timestamp="2026-05-15T09:34:42Z" user="OSMnx" lat="53.3283109" uid="1" id="1260858713" version="1" lon="-6.2484808" visible="true" /><node changeset="1" timestamp="2026-05-15T09:34:42Z" user="OSMnx" lat="53.328324" uid="1" id="1260858724" version="1" lon="-6.2461715" visible="true" /><node changeset="1" timestamp="2026-05-15T09:34:42Z" user="OSMnx" lat="53.3278213" uid="1" id="1260861237" version="1" lon="-6.2387167" visible="true" /><node changeset="1" timestamp="2026-05-15T09:34:42Z" user="OSMnx" lat="53.327965" uid="1" id="1260861238" version="1" lon="-6.2382455" visible="true" /><node changeset="1" timestamp="2026-05-15T09:34:42Z" user="OSMnx" lat="53.3276672" uid="1" id="1260861240" version="1" lon="-6.238985" visible="true" /><node changeset="1" timestamp="2026-05-15T09:34:42Z" user="OSMnx" lat="53.3275447" uid="1" id="1260861241" version="1" lon="-6.2399127" visible="true" /><node changeset="1" timestamp="2026-05-15T09:34:42Z" user="OSMnx" lat="53.3278269" uid="1" id="1260861246" version="1" lon="-6.2391573" visible="true" /><node changeset="1" timestamp="2026-05-15T09:34:42Z" user="OSMnx" lat="53.3278469" uid="1" id="1260861250" version="1" lon="-6.2386303" visible="true" /><node changeset="1" timestamp="2026-05-15T09:34:42Z" user="OSMnx" lat="53.3272066" uid="1" id="1260861251" version="1" lon="-6.2406441" visible="true" /><node changeset="1" timestamp="2026-05-15T09:34:42Z" user="OSMnx" lat="53.327618" uid="1" id="1260861254" version="1" lon="-6.2393718" visible="true" /><node changeset="1" timestamp="2026-05-15T09:34:42Z" user="OSMnx" lat="53.3323049" uid="1" id="1261227677" version="1" lon="-6.2354082" visible="true"><tag k="highway" v="traffic_signals" /></node><node changeset="1" timestamp="2026-05-15T09:34:42Z" user="OSMnx" lat="53.3323976" uid="1" id="1261227681" version="1" lon="-6.2354691" visible="true"><tag k="highway" v="traffic_signals" /></node><node changeset="1" timestamp="2026-05-15T09:34:42Z" user="OSMnx" lat="53.3320513" uid="1" id="1261227683" version="1" lon="-6.2358521" visible="true" /><node changeset="1" timestamp="2026-05-15T09:34:42Z" user="OSMnx" lat="53.3296103" uid="1" id="1279596213" version="1" lon="-6.2570619" visible="true" /><node changeset="1" timestamp="2026-05-15T09:34:42Z" user="OSMnx" lat="53.3234828" uid="1" id="1281327628" version="1" lon="-6.2435113" visible="true" /><node changeset="1" timestamp="2026-05-15T09:34:42Z" user="OSMnx" lat="53.31979" uid="1" id="1281368027" version="1" lon="-6.2341549" visible="true" /><node changeset="1" timestamp="2026-05-15T09:34:42Z" user="OSMnx" lat="53.3158105" uid="1" id="1307050299" version="1" lon="-6.2377099" visible="true" /><node changeset="1" timestamp="2026-05-15T09:34:42Z" user="OSMnx" lat="53.3149017" uid="1" id="1307050304" version="1" lon="-6.2382074" visible="true" /><node changeset="1" timestamp="2026-05-15T09:34:42Z" user="OSMnx" lat="53.3142994" uid="1" id="1307050319" version="1" lon="-6.2383982" visible="true" /><node changeset="1" timestamp="2026-05-15T09:34:42Z" user="OSMnx" lat="53.325035" uid="1" id="1308975832" version="1" lon="-6.2651821" visible="true" /><node changeset="1" timestamp="2026-05-15T09:34:42Z" user="OSMnx" lat="53.3339754" uid="1" id="1316646544" version="1" lon="-6.2629833" visible="true" /><node changeset="1" timestamp="2026-05-15T09:34:42Z" user="OSMnx" lat="53.3223475" uid="1" id="1342309889" version="1" lon="-6.2470046" visible="true" /><node changeset="1" timestamp="2026-05-15T09:34:42Z" user="OSMnx" lat="53.32411" uid="1" id="1342310033" version="1" lon="-6.24602" visible="true" /><node changeset="1" timestamp="2026-05-15T09:34:42Z" user="OSMnx" lat="53.3332362" uid="1" id="1345315819" version="1" lon="-6.2498914" visible="true" /><node changeset="1" timestamp="2026-05-15T09:34:42Z" user="OSMnx" lat="53.3330766" uid="1" id="1345315820" version="1" lon="-6.2500984" visible="true" /><node changeset="1" timestamp="2026-05-15T09:34:42Z" user="OSMnx" lat="53.3324192" uid="1" id="1397026919" version="1" lon="-6.2693166" visible="true" /><node changeset="1" timestamp="2026-05-15T09:34:42Z" user="OSMnx" lat="53.3278575" uid="1" id="1420144275" version="1" lon="-6.2420946" visible="true" /><node changeset="1" timestamp="2026-05-15T09:34:42Z" user="OSMnx" lat="53.3277763" uid="1" id="1420144276" version="1" lon="-6.244723" visible="true" /><node changeset="1" timestamp="2026-05-15T09:34:42Z" user="OSMnx" lat="53.327832" uid="1" id="1420144285" version="1" lon="-6.2428477" visible="true" /><node changeset="1" timestamp="2026-05-15T09:34:42Z" user="OSMnx" lat="53.3278846" uid="1" id="1420144286" version="1" lon="-6.2444817" visible="true"><tag k="highway" v="traffic_signals" /></node><node changeset="1" timestamp="2026-05-15T09:34:42Z" user="OSMnx" lat="53.3279057" uid="1" id="1420144287" version="1" lon="-6.2441425" visible="true" /><node changeset="1" timestamp="2026-05-15T09:34:42Z" user="OSMnx" lat="53.3279854" uid="1" id="1420144288" version="1" lon="-6.2416229" visible="true" /><node changeset="1" timestamp="2026-05-15T09:34:42Z" user="OSMnx" lat="53.3280532" uid="1" id="1420144315" version="1" lon="-6.2417915" visible="true" /><node changeset="1" timestamp="2026-05-15T09:34:42Z" user="OSMnx" lat="53.3285562" uid="1" id="1420144368" version="1" lon="-6.2417219" visible="true" /><node changeset="1" timestamp="2026-05-15T09:34:42Z" user="OSMnx" lat="53.3288445" uid="1" id="1420144373" version="1" lon="-6.2385959" visible="true" /><node changeset="1" timestamp="2026-05-15T09:34:42Z" user="OSMnx" lat="53.3289483" uid="1" id="1420144374" version="1" lon="-6.2386669" visible="true" /><node changeset="1" timestamp="2026-05-15T09:34:42Z" user="OSMnx" lat="53.329114" uid="1" id="1420144383" version="1" lon="-6.2480072" visible="true" /><node changeset="1" timestamp="2026-05-15T09:34:42Z" user="OSMnx" lat="53.3298066" uid="1" id="1420144449" version="1" lon="-6.2351934" visible="true" /><node changeset="1" timestamp="2026-05-15T09:34:42Z" user="OSMnx" lat="53.330035" uid="1" id="1420144467" version="1" lon="-6.2344574" visible="true" /><node changeset="1" timestamp="2026-05-15T09:34:42Z" user="OSMnx" lat="53.3300458" uid="1" id="1420144473" version="1" lon="-6.2412469" visible="true" /><node changeset="1" timestamp="2026-05-15T09:34:42Z" user="OSMnx" lat="53.3301574" uid="1" id="1420144478" version="1" lon="-6.2355869" visible="true" /><node changeset="1" timestamp="2026-05-15T09:34:42Z" user="OSMnx" lat="53.3307646" uid="1" id="1420144489" version="1" lon="-6.2410125" visible="true" /><node changeset="1" timestamp="2026-05-15T09:34:42Z" user="OSMnx" lat="53.3316107" uid="1" id="1420144531" version="1" lon="-6.2407427" visible="true" /><node changeset="1" timestamp="2026-05-15T09:34:42Z" user="OSMnx" lat="53.3318668" uid="1" id="1420144545" version="1" lon="-6.2351585" visible="true" /><node changeset="1" timestamp="2026-05-15T09:34:42Z" user="OSMnx" lat="53.3325805" uid="1" id="1420144645" version="1" lon="-6.2404084" visible="true" /><node changeset="1" timestamp="2026-05-15T09:34:42Z" user="OSMnx" lat="53.3327688" uid="1" id="1420144810" version="1" lon="-6.2420322" visible="true" /><node changeset="1" timestamp="2026-05-15T09:34:42Z" user="OSMnx" lat="53.3211826" uid="1" id="1426048613" version="1" lon="-6.2560694" visible="true"><tag k="highway" v="crossing" /></node><node changeset="1" timestamp="2026-05-15T09:34:42Z" user="OSMnx" lat="53.3235421" uid="1" id="1426048616" version="1" lon="-6.2599795" visible="true" /><node changeset="1" timestamp="2026-05-15T09:34:42Z" user="OSMnx" lat="53.324056" uid="1" id="1426048618" version="1" lon="-6.2581794" visible="true" /><node changeset="1" timestamp="2026-05-15T09:34:42Z" user="OSMnx" lat="53.3247304" uid="1" id="1426048622" version="1" lon="-6.2561671" visible="true" /><node changeset="1" timestamp="2026-05-15T09:34:42Z" user="OSMnx" lat="53.3250898" uid="1" id="1426048626" version="1" lon="-6.2651734" visible="true"><tag k="ref" v="1020" /></node><node changeset="1" timestamp="2026-05-15T09:34:42Z" user="OSMnx" lat="53.3250919" uid="1" id="1426048628" version="1" lon="-6.2552435" visible="true" /><node changeset="1" timestamp="2026-05-15T09:34:42Z" user="OSMnx" lat="53.3252192" uid="1" id="1426048629" version="1" lon="-6.2549116" visible="true" /><node changeset="1" timestamp="2026-05-15T09:34:42Z" user="OSMnx" lat="53.3253395" uid="1" id="1426048630" version="1" lon="-6.266677" visible="true" /><node changeset="1" timestamp="2026-05-15T09:34:42Z" user="OSMnx" lat="53.328734" uid="1" id="1426048681" version="1" lon="-6.2466014" visible="true" /><node changeset="1" timestamp="2026-05-15T09:34:42Z" user="OSMnx" lat="53.3337077" uid="1" id="1426048738" version="1" lon="-6.2695129" visible="true" /><node changeset="1" timestamp="2026-05-15T09:34:42Z" user="OSMnx" lat="53.3265621" uid="1" id="1426821213" version="1" lon="-6.2373054" visible="true" /><node changeset="1" timestamp="2026-05-15T09:34:42Z" user="OSMnx" lat="53.3281055" uid="1" id="1426821214" version="1" lon="-6.2455932" visible="true" /><node changeset="1" timestamp="2026-05-15T09:34:42Z" user="OSMnx" lat="53.3286384" uid="1" id="1426821215" version="1" lon="-6.2469669" visible="true"><tag k="highway" v="traffic_signals" /></node><node changeset="1" timestamp="2026-05-15T09:34:42Z" user="OSMnx" lat="53.33069" uid="1" id="1472077042" version="1" lon="-6.2335387" visible="true" /><node changeset="1" timestamp="2026-05-15T09:34:42Z" user="OSMnx" lat="53.3234918" uid="1" id="1567845159" version="1" lon="-6.2360286" visible="true" /><node changeset="1" timestamp="2026-05-15T09:34:42Z" user="OSMnx" lat="53.3260419" uid="1" id="1575698448" version="1" lon="-6.2514034" visible="true"><tag k="ref" v="850" /></node><node changeset="1" timestamp="2026-05-15T09:34:42Z" user="OSMnx" lat="53.3233177" uid="1" id="1575698474" version="1" lon="-6.2608856" visible="true"><tag k="ref" v="2793" /></node><node changeset="1" timestamp="2026-05-15T09:34:42Z" user="OSMnx" lat="53.3226623" uid="1" id="1575698484" version="1" lon="-6.2642949" visible="true"><tag k="ref" v="2794" /></node><node changeset="1" timestamp="2026-05-15T09:34:42Z" user="OSMnx" lat="53.3236481" uid="1" id="1575698494" version="1" lon="-6.2594552" visible="true"><tag k="ref" v="2789" /></node><node changeset="1" timestamp="2026-05-15T09:34:42Z" user="OSMnx" lat="53.3242083" uid="1" id="1575698519" version="1" lon="-6.2577545" visible="true"><tag k="ref" v="7668" /></node><node changeset="1" timestamp="2026-05-15T09:34:42Z" user="OSMnx" lat="53.3307925" uid="1" id="1589614776" version="1" lon="-6.2443363" visible="true"><tag k="ref" v="754" /></node><node changeset="1" timestamp="2026-05-15T09:34:42Z" user="OSMnx" lat="53.3310327" uid="1" id="1589614789" version="1" lon="-6.2442355" visible="true"><tag k="ref" v="780" /></node><node changeset="1" timestamp="2026-05-15T09:34:42Z" user="OSMnx" lat="53.332511" uid="1" id="1589614793" version="1" lon="-6.2435894" visible="true"><tag k="ref" v="753" /></node><node changeset="1" timestamp="2026-05-15T09:34:42Z" user="OSMnx" lat="53.3325833" uid="1" id="1589614800" version="1" lon="-6.2435578" visible="true"><tag k="ref" v="781" /></node><node changeset="1" timestamp="2026-05-15T09:34:42Z" user="OSMnx" lat="53.3326796" uid="1" id="1589617429" version="1" lon="-6.2413325" visible="true" /><node changeset="1" timestamp="2026-05-15T09:34:42Z" user="OSMnx" lat="53.3336122" uid="1" id="1589634472" version="1" lon="-6.244432" visible="true"><tag k="ref" v="782" /></node><node changeset="1" timestamp="2026-05-15T09:34:42Z" user="OSMnx" lat="53.3336526" uid="1" id="1589634473" version="1" lon="-6.2445181" visible="true"><tag k="ref" v="752" /></node><node changeset="1" timestamp="2026-05-15T09:34:42Z" user="OSMnx" lat="53.3334724" uid="1" id="1606823804" version="1" lon="-6.2422184" visible="true" /><node changeset="1" timestamp="2026-05-15T09:34:42Z" user="OSMnx" lat="53.3314664" uid="1" id="1623826491" version="1" lon="-6.2345191" visible="true"><tag k="ref" v="414" /></node><node changeset="1" timestamp="2026-05-15T09:34:42Z" user="OSMnx" lat="53.3308235" uid="1" id="1623826650" version="1" lon="-6.2337087" visible="true"><tag k="ref" v="487" /></node><node changeset="1" timestamp="2026-05-15T09:34:42Z" user="OSMnx" lat="53.328648" uid="1" id="1623861436" version="1" lon="-6.2452732" visible="true"><tag k="ref" v="779" /></node><node changeset="1" timestamp="2026-05-15T09:34:42Z" user="OSMnx" lat="53.3287575" uid="1" id="1623861472" version="1" lon="-6.2452231" visible="true"><tag k="ref" v="755" /></node><node changeset="1" timestamp="2026-05-15T09:34:42Z" user="OSMnx" lat="53.3232919" uid="1" id="1638709158" version="1" lon="-6.2609917" visible="true" /><node changeset="1" timestamp="2026-05-15T09:34:42Z" user="OSMnx" lat="53.322654" uid="1" id="1638709161" version="1" lon="-6.2643583" visible="true" /><node changeset="1" timestamp="2026-05-15T09:34:42Z" user="OSMnx" lat="53.3228422" uid="1" id="1638709165" version="1" lon="-6.2630961" visible="true" /><node changeset="1" timestamp="2026-05-15T09:34:42Z" user="OSMnx" lat="53.3236734" uid="1" id="1638709173" version="1" lon="-6.2593295" visible="true" /><node changeset="1" timestamp="2026-05-15T09:34:42Z" user="OSMnx" lat="53.3241558" uid="1" id="1638709174" version="1" lon="-6.2579005" visible="true" /><node changeset="1" timestamp="2026-05-15T09:34:42Z" user="OSMnx" lat="53.3216733" uid="1" id="1638709232" version="1" lon="-6.2663745" visible="true" /><node changeset="1" timestamp="2026-05-15T09:34:42Z" user="OSMnx" lat="53.3312938" uid="1" id="1660049103" version="1" lon="-6.257158" visible="true" /><node changeset="1" timestamp="2026-05-15T09:34:42Z" user="OSMnx" lat="53.3178137" uid="1" id="1686284409" version="1" lon="-6.2345899" visible="true" /><node changeset="1" timestamp="2026-05-15T09:34:42Z" user="OSMnx" lat="53.3136876" uid="1" id="1718460097" version="1" lon="-6.2639721" visible="true" /><node changeset="1" timestamp="2026-05-15T09:34:42Z" user="OSMnx" lat="53.3151437" uid="1" id="1771090366" version="1" lon="-6.2647433" visible="true" /><node changeset="1" timestamp="2026-05-15T09:34:42Z" user="OSMnx" lat="53.3188367" uid="1" id="1927735766" version="1" lon="-6.2514192" visible="true" /><node changeset="1" timestamp="2026-05-15T09:34:42Z" user="OSMnx" lat="53.3312502" uid="1" id="1998326258" version="1" lon="-6.2513966" visible="true"><tag k="highway" v="crossing" /></node><node changeset="1" timestamp="2026-05-15T09:34:42Z" user="OSMnx" lat="53.3318165" uid="1" id="1998326263" version="1" lon="-6.2526437" visible="true"><tag k="highway" v="crossing" /></node><node changeset="1" timestamp="2026-05-15T09:34:42Z" user="OSMnx" lat="53.3318462" uid="1" id="1998326264" version="1" lon="-6.2525254" visible="true"><tag k="highway" v="crossing" /></node><node changeset="1" timestamp="2026-05-15T09:34:42Z" user="OSMnx" lat="53.3319135" uid="1" id="1998326267" version="1" lon="-6.2528723" visible="true"><tag k="highway" v="crossing" /></node><node changeset="1" timestamp="2026-05-15T09:34:42Z" user="OSMnx" lat="53.3322409" uid="1" id="1998326269" version="1" lon="-6.2531545" visible="true"><tag k="highway" v="crossing" /></node><node changeset="1" timestamp="2026-05-15T09:34:42Z" user="OSMnx" lat="53.3325021" uid="1" id="1998326272" version="1" lon="-6.2533907" visible="true"><tag k="highway" v="crossing" /></node><node changeset="1" timestamp="2026-05-15T09:34:42Z" user="OSMnx" lat="53.3326804" uid="1" id="1998326274" version="1" lon="-6.2532089" visible="true"><tag k="highway" v="crossing" /></node><node changeset="1" timestamp="2026-05-15T09:34:42Z" user="OSMnx" lat="53.334368" uid="1" id="1998326287" version="1" lon="-6.2553545" visible="true"><tag k="highway" v="crossing" /></node><node changeset="1" timestamp="2026-05-15T09:34:42Z" user="OSMnx" lat="53.3344504" uid="1" id="1998326291" version="1" lon="-6.2551131" visible="true"><tag k="highway" v="crossing" /></node><node changeset="1" timestamp="2026-05-15T09:34:42Z" user="OSMnx" lat="53.3310395" uid="1" id="2001070298" version="1" lon="-6.2467283" visible="true" /><node changeset="1" timestamp="2026-05-15T09:34:42Z" user="OSMnx" lat="53.332665" uid="1" id="2001070348" version="1" lon="-6.2579367" visible="true"><tag k="highway" v="crossing" /></node><node changeset="1" timestamp="2026-05-15T09:34:42Z" user="OSMnx" lat="53.3333744" uid="1" id="2001070381" version="1" lon="-6.247424" visible="true" /><node changeset="1" timestamp="2026-05-15T09:34:42Z" user="OSMnx" lat="53.3150679" uid="1" id="2295261072" version="1" lon="-6.262172" visible="true" /><node changeset="1" timestamp="2026-05-15T09:34:42Z" user="OSMnx" lat="53.3320149" uid="1" id="2370573129" version="1" lon="-6.2691164" visible="true" /><node changeset="1" timestamp="2026-05-15T09:34:42Z" user="OSMnx" lat="53.3322719" uid="1" id="2370573133" version="1" lon="-6.2536632" visible="true" /><node changeset="1" timestamp="2026-05-15T09:34:42Z" user="OSMnx" lat="53.3306394" uid="1" id="2370573134" version="1" lon="-6.2509912" visible="true" /><node changeset="1" timestamp="2026-05-15T09:34:42Z" user="OSMnx" lat="53.332158" uid="1" id="2370573137" version="1" lon="-6.2539867" visible="true" /><node changeset="1" timestamp="2026-05-15T09:34:42Z" user="OSMnx" lat="53.3325372" uid="1" id="2370573138" version="1" lon="-6.2631055" visible="true" /><node changeset="1" timestamp="2026-05-15T09:34:42Z" user="OSMnx" lat="53.3326702" uid="1" id="2370573142" version="1" lon="-6.2630465" visible="true" /><node changeset="1" timestamp="2026-05-15T09:34:42Z" user="OSMnx" lat="53.3302788" uid="1" id="2370573144" version="1" lon="-6.2643057" visible="true" /><node changeset="1" timestamp="2026-05-15T09:34:42Z" user="OSMnx" lat="53.3319082" uid="1" id="2370573149" version="1" lon="-6.2598067" visible="true"><tag k="highway" v="stop" /></node><node changeset="1" timestamp="2026-05-15T09:34:42Z" user="OSMnx" lat="53.3312647" uid="1" id="2370573154" version="1" lon="-6.2645335" visible="true" /><node changeset="1" timestamp="2026-05-15T09:34:42Z" user="OSMnx" lat="53.3320995" uid="1" id="2370573161" version="1" lon="-6.2592278" visible="true" /><node changeset="1" timestamp="2026-05-15T09:34:42Z" user="OSMnx" lat="53.3319996" uid="1" id="2370573169" version="1" lon="-6.2592035" visible="true" /><node changeset="1" timestamp="2026-05-15T09:34:42Z" user="OSMnx" lat="53.3326487" uid="1" id="2370573170" version="1" lon="-6.2640929" visible="true" /><node changeset="1" timestamp="2026-05-15T09:34:42Z" user="OSMnx" lat="53.3326045" uid="1" id="2370573174" version="1" lon="-6.263104" visible="true"><tag k="highway" v="crossing" /></node><node changeset="1" timestamp="2026-05-15T09:34:42Z" user="OSMnx" lat="53.332097" uid="1" id="2370573176" version="1" lon="-6.2591636" visible="true" /><node changeset="1" timestamp="2026-05-15T09:34:42Z" user="OSMnx" lat="53.3324182" uid="1" id="2370573191" version="1" lon="-6.2630178" visible="true" /><node changeset="1" timestamp="2026-05-15T09:34:42Z" user="OSMnx" lat="53.3314098" uid="1" id="2370573193" version="1" lon="-6.2672926" visible="true" /><node changeset="1" timestamp="2026-05-15T09:34:42Z" user="OSMnx" lat="53.3319704" uid="1" id="2370573197" version="1" lon="-6.2645471" visible="true" /><node changeset="1" timestamp="2026-05-15T09:34:42Z" user="OSMnx" lat="53.3319791" uid="1" id="2370573205" version="1" lon="-6.267379" visible="true" /><node changeset="1" timestamp="2026-05-15T09:34:42Z" user="OSMnx" lat="53.3319844" uid="1" id="2370573208" version="1" lon="-6.2668605" visible="true" /><node changeset="1" timestamp="2026-05-15T09:34:42Z" user="OSMnx" lat="53.3327276" uid="1" id="2370573226" version="1" lon="-6.2629097" visible="true" /><node changeset="1" timestamp="2026-05-15T09:34:42Z" user="OSMnx" lat="53.3319493" uid="1" id="2370573239" version="1" lon="-6.2668579" visible="true" /><node changeset="1" timestamp="2026-05-15T09:34:42Z" user="OSMnx" lat="53.3313345" uid="1" id="2370573245" version="1" lon="-6.2642514" visible="true" /><node changeset="1" timestamp="2026-05-15T09:34:42Z" user="OSMnx" lat="53.3319752" uid="1" id="2371613132" version="1" lon="-6.2691174" visible="true" /><node changeset="1" timestamp="2026-05-15T09:34:42Z" user="OSMnx" lat="53.3252583" uid="1" id="2371748379" version="1" lon="-6.2663214" visible="true" /><node changeset="1" timestamp="2026-05-15T09:34:42Z" user="OSMnx" lat="53.323065" uid="1" id="2371748417" version="1" lon="-6.2639449" visible="true" /><node changeset="1" timestamp="2026-05-15T09:34:42Z" user="OSMnx" lat="53.3230602" uid="1" id="2371748435" version="1" lon="-6.2615393" visible="true" /><node changeset="1" timestamp="2026-05-15T09:34:42Z" user="OSMnx" lat="53.3231882" uid="1" id="2371748437" version="1" lon="-6.263925" visible="true" /><node changeset="1" timestamp="2026-05-15T09:34:42Z" user="OSMnx" lat="53.3231553" uid="1" id="2371748438" version="1" lon="-6.2616053" visible="true" /><node changeset="1" timestamp="2026-05-15T09:34:42Z" user="OSMnx" lat="53.3138491" uid="1" id="2375609784" version="1" lon="-6.2626209" visible="true" /><node changeset="1" timestamp="2026-05-15T09:34:42Z" user="OSMnx" lat="53.3146219" uid="1" id="2375609785" version="1" lon="-6.2638538" visible="true" /><node changeset="1" timestamp="2026-05-15T09:34:42Z" user="OSMnx" lat="53.3146712" uid="1" id="2375609786" version="1" lon="-6.2620615" visible="true" /><node changeset="1" timestamp="2026-05-15T09:34:42Z" user="OSMnx" lat="53.3146963" uid="1" id="2375609787" version="1" lon="-6.2622383" visible="true" /><node changeset="1" timestamp="2026-05-15T09:34:42Z" user="OSMnx" lat="53.3147319" uid="1" id="2375609788" version="1" lon="-6.2621399" visible="true" /><node changeset="1" timestamp="2026-05-15T09:34:42Z" user="OSMnx" lat="53.314801" uid="1" id="2375609789" version="1" lon="-6.2621378" visible="true" /><node changeset="1" timestamp="2026-05-15T09:34:42Z" user="OSMnx" lat="53.315533" uid="1" id="2375609795" version="1" lon="-6.2630611" visible="true" /><node changeset="1" timestamp="2026-05-15T09:34:42Z" user="OSMnx" lat="53.315643" uid="1" id="2375609796" version="1" lon="-6.2622399" visible="true" /><node changeset="1" timestamp="2026-05-15T09:34:42Z" user="OSMnx" lat="53.315878" uid="1" id="2375609797" version="1" lon="-6.2617123" visible="true" /><node changeset="1" timestamp="2026-05-15T09:34:42Z" user="OSMnx" lat="53.3153143" uid="1" id="2380638494" version="1" lon="-6.2662883" visible="true" /><node changeset="1" timestamp="2026-05-15T09:34:42Z" user="OSMnx" lat="53.3155664" uid="1" id="2380638506" version="1" lon="-6.2658565" visible="true" /><node changeset="1" timestamp="2026-05-15T09:34:42Z" user="OSMnx" lat="53.3154523" uid="1" id="2380638507" version="1" lon="-6.2660072" visible="true" /><node changeset="1" timestamp="2026-05-15T09:34:42Z" user="OSMnx" lat="53.3307138" uid="1" id="2380664124" version="1" lon="-6.2600376" visible="true" /><node changeset="1" timestamp="2026-05-15T09:34:42Z" user="OSMnx" lat="53.3315605" uid="1" id="2380664141" version="1" lon="-6.2559878" visible="true" /><node changeset="1" timestamp="2026-05-15T09:34:42Z" user="OSMnx" lat="53.3308137" uid="1" id="2380664151" version="1" lon="-6.2596257" visible="true" /><node changeset="1" timestamp="2026-05-15T09:34:42Z" user="OSMnx" lat="53.331872" uid="1" id="2382833257" version="1" lon="-6.2460639" visible="true" /><node changeset="1" timestamp="2026-05-15T09:34:42Z" user="OSMnx" lat="53.3337844" uid="1" id="2383668114" version="1" lon="-6.2629554" visible="true" /><node changeset="1" timestamp="2026-05-15T09:34:42Z" user="OSMnx" lat="53.3337895" uid="1" id="2383668120" version="1" lon="-6.26332" visible="true" /><node changeset="1" timestamp="2026-05-15T09:34:42Z" user="OSMnx" lat="53.3336742" uid="1" id="2383668121" version="1" lon="-6.2642214" visible="true" /><node changeset="1" timestamp="2026-05-15T09:34:42Z" user="OSMnx" lat="53.3337491" uid="1" id="2383668122" version="1" lon="-6.2629066" visible="true" /><node changeset="1" timestamp="2026-05-15T09:34:42Z" user="OSMnx" lat="53.321414" uid="1" id="2397232514" version="1" lon="-6.236501" visible="true" /><node changeset="1" timestamp="2026-05-15T09:34:42Z" user="OSMnx" lat="53.3240147" uid="1" id="2397232601" version="1" lon="-6.2366674" visible="true" /><node changeset="1" timestamp="2026-05-15T09:34:42Z" user="OSMnx" lat="53.3249313" uid="1" id="2397232696" version="1" lon="-6.2352261" visible="true" /><node changeset="1" timestamp="2026-05-15T09:34:42Z" user="OSMnx" lat="53.3184265" uid="1" id="2400961359" version="1" lon="-6.2337329" visible="true" /><node changeset="1" timestamp="2026-05-15T09:34:42Z" user="OSMnx" lat="53.3258142" uid="1" id="2401038570" version="1" lon="-6.2455392" visible="true" /><node changeset="1" timestamp="2026-05-15T09:34:42Z" user="OSMnx" lat="53.3258951" uid="1" id="2401038573" version="1" lon="-6.2453456" visible="true" /><node changeset="1" timestamp="2026-05-15T09:34:42Z" user="OSMnx" lat="53.3265956" uid="1" id="2401038583" version="1" lon="-6.2471653" visible="true" /><node changeset="1" timestamp="2026-05-15T09:34:42Z" user="OSMnx" lat="53.3265476" uid="1" id="2401038588" version="1" lon="-6.2438448" visible="true" /><node changeset="1" timestamp="2026-05-15T09:34:42Z" user="OSMnx" lat="53.32649" uid="1" id="2401038592" version="1" lon="-6.2503018" visible="true" /><node changeset="1" timestamp="2026-05-15T09:34:42Z" user="OSMnx" lat="53.3229178" uid="1" id="2402403034" version="1" lon="-6.234732" visible="true" /><node changeset="1" timestamp="2026-05-15T09:34:42Z" user="OSMnx" lat="53.3276411" uid="1" id="2403995905" version="1" lon="-6.2616282" visible="true" /><node changeset="1" timestamp="2026-05-15T09:34:42Z" user="OSMnx" lat="53.3214234" uid="1" id="2403995908" version="1" lon="-6.2673947" visible="true" /><node changeset="1" timestamp="2026-05-15T09:34:42Z" user="OSMnx" lat="53.3239736" uid="1" id="2403995909" version="1" lon="-6.266903" visible="true" /><node changeset="1" timestamp="2026-05-15T09:34:42Z" user="OSMnx" lat="53.3221629" uid="1" id="2403995910" version="1" lon="-6.2657242" visible="true" /><node changeset="1" timestamp="2026-05-15T09:34:42Z" user="OSMnx" lat="53.3240448" uid="1" id="2403995911" version="1" lon="-6.2655008" visible="true"><tag k="highway" v="crossing" /></node><node changeset="1" timestamp="2026-05-15T09:34:42Z" user="OSMnx" lat="53.3271206" uid="1" id="2403995916" version="1" lon="-6.2643937" visible="true" /><node changeset="1" timestamp="2026-05-15T09:34:42Z" user="OSMnx" lat="53.3271563" uid="1" id="2403995917" version="1" lon="-6.2638962" visible="true" /><node changeset="1" timestamp="2026-05-15T09:34:42Z" user="OSMnx" lat="53.3207948" uid="1" id="2403995918" version="1" lon="-6.2581427" visible="true" /><node changeset="1" timestamp="2026-05-15T09:34:42Z" user="OSMnx" lat="53.3208979" uid="1" id="2403995920" version="1" lon="-6.2615018" visible="true" /><node changeset="1" timestamp="2026-05-15T09:34:42Z" user="OSMnx" lat="53.3206595" uid="1" id="2403995921" version="1" lon="-6.261349" visible="true" /><node changeset="1" timestamp="2026-05-15T09:34:42Z" user="OSMnx" lat="53.327686" uid="1" id="2403995923" version="1" lon="-6.2621801" visible="true" /><node changeset="1" timestamp="2026-05-15T09:34:42Z" user="OSMnx" lat="53.3214707" uid="1" id="2403995925" version="1" lon="-6.2658281" visible="true" /><node changeset="1" timestamp="2026-05-15T09:34:42Z" user="OSMnx" lat="53.3338089" uid="1" id="2421354276" version="1" lon="-6.2630658" visible="true"><tag k="highway" v="traffic_signals" /></node><node changeset="1" timestamp="2026-05-15T09:34:42Z" user="OSMnx" lat="53.3338401" uid="1" id="2421354278" version="1" lon="-6.263091" visible="true" /><node changeset="1" timestamp="2026-05-15T09:34:42Z" user="OSMnx" lat="53.3348696" uid="1" id="2421354304" version="1" lon="-6.2632638" visible="true" /><node changeset="1" timestamp="2026-05-15T09:34:42Z" user="OSMnx" lat="53.3299621" uid="1" id="2421668692" version="1" lon="-6.2690466" visible="true" /><node changeset="1" timestamp="2026-05-15T09:34:42Z" user="OSMnx" lat="53.3299983" uid="1" id="2421668694" version="1" lon="-6.268771" visible="true" /><node changeset="1" timestamp="2026-05-15T09:34:42Z" user="OSMnx" lat="53.3300169" uid="1" id="2421668696" version="1" lon="-6.2685926" visible="true" /><node changeset="1" timestamp="2026-05-15T09:34:42Z" user="OSMnx" lat="53.3304661" uid="1" id="2421668708" version="1" lon="-6.2672068" visible="true" /><node changeset="1" timestamp="2026-05-15T09:34:42Z" user="OSMnx" lat="53.3304884" uid="1" id="2421668709" version="1" lon="-6.2671956" visible="true" /><node changeset="1" timestamp="2026-05-15T09:34:42Z" user="OSMnx" lat="53.3305234" uid="1" id="2421668710" version="1" lon="-6.2671172" visible="true" /><node changeset="1" timestamp="2026-05-15T09:34:42Z" user="OSMnx" lat="53.3305286" uid="1" id="2421668711" version="1" lon="-6.2670263" visible="true" /><node changeset="1" timestamp="2026-05-15T09:34:42Z" user="OSMnx" lat="53.330564" uid="1" id="2421668712" version="1" lon="-6.2671924" visible="true" /><node changeset="1" timestamp="2026-05-15T09:34:42Z" user="OSMnx" lat="53.3306204" uid="1" id="2421668713" version="1" lon="-6.2672114" visible="true" /><node changeset="1" timestamp="2026-05-15T09:34:42Z" user="OSMnx" lat="53.3308368" uid="1" id="2421668715" version="1" lon="-6.267235" visible="true" /><node changeset="1" timestamp="2026-05-15T09:34:42Z" user="OSMnx" lat="53.3318623" uid="1" id="2421668720" version="1" lon="-6.2691339" visible="true" /><node changeset="1" timestamp="2026-05-15T09:34:42Z" user="OSMnx" lat="53.3319899" uid="1" id="2421668722" version="1" lon="-6.2657809" visible="true" /><node changeset="1" timestamp="2026-05-15T09:34:42Z" user="OSMnx" lat="53.3323117" uid="1" id="2421668729" version="1" lon="-6.2691366" visible="true" /><node changeset="1" timestamp="2026-05-15T09:34:42Z" user="OSMnx" lat="53.3333188" uid="1" id="2421668756" version="1" lon="-6.2684421" visible="true" /><node changeset="1" timestamp="2026-05-15T09:34:42Z" user="OSMnx" lat="53.3338781" uid="1" id="2421668769" version="1" lon="-6.268534" visible="true" /><node changeset="1" timestamp="2026-05-15T09:34:42Z" user="OSMnx" lat="53.3340684" uid="1" id="2421668771" version="1" lon="-6.2652722" visible="true" /><node changeset="1" timestamp="2026-05-15T09:34:42Z" user="OSMnx" lat="53.3342509" uid="1" id="2421668775" version="1" lon="-6.2652787" visible="true" /><node changeset="1" timestamp="2026-05-15T09:34:42Z" user="OSMnx" lat="53.3344632" uid="1" id="2421668782" version="1" lon="-6.2686283" visible="true" /><node changeset="1" timestamp="2026-05-15T09:34:42Z" user="OSMnx" lat="53.3350573" uid="1" id="2421668790" version="1" lon="-6.2687275" visible="true" /><node changeset="1" timestamp="2026-05-15T09:34:42Z" user="OSMnx" lat="53.3305892" uid="1" id="2421685248" version="1" lon="-6.2654497" visible="true" /><node changeset="1" timestamp="2026-05-15T09:34:42Z" user="OSMnx" lat="53.3306028" uid="1" id="2421685251" version="1" lon="-6.2650972" visible="true" /><node changeset="1" timestamp="2026-05-15T09:34:42Z" user="OSMnx" lat="53.3276164" uid="1" id="2425181630" version="1" lon="-6.2647032" visible="true" /><node changeset="1" timestamp="2026-05-15T09:34:42Z" user="OSMnx" lat="53.3276739" uid="1" id="2425181632" version="1" lon="-6.2651337" visible="true" /><node changeset="1" timestamp="2026-05-15T09:34:42Z" user="OSMnx" lat="53.3277132" uid="1" id="2425181640" version="1" lon="-6.2653317" visible="true" /><node changeset="1" timestamp="2026-05-15T09:34:42Z" user="OSMnx" lat="53.3277856" uid="1" id="2425181651" version="1" lon="-6.2654782" visible="true" /><node changeset="1" timestamp="2026-05-15T09:34:42Z" user="OSMnx" lat="53.3278424" uid="1" id="2425181662" version="1" lon="-6.2655631" visible="true" /><node changeset="1" timestamp="2026-05-15T09:34:42Z" user="OSMnx" lat="53.3278868" uid="1" id="2425181675" version="1" lon="-6.2656353" visible="true" /><node changeset="1" timestamp="2026-05-15T09:34:42Z" user="OSMnx" lat="53.3279129" uid="1" id="2425181681" version="1" lon="-6.2657082" visible="true" /><node changeset="1" timestamp="2026-05-15T09:34:42Z" user="OSMnx" lat="53.327921" uid="1" id="2425181695" version="1" lon="-6.2655507" visible="true" /><node changeset="1" timestamp="2026-05-15T09:34:42Z" user="OSMnx" lat="53.3279427" uid="1" id="2425181705" version="1" lon="-6.2659202" visible="true" /><node changeset="1" timestamp="2026-05-15T09:34:42Z" user="OSMnx" lat="53.3279566" uid="1" id="2425181707" version="1" lon="-6.2661255" visible="true" /><node changeset="1" timestamp="2026-05-15T09:34:42Z" user="OSMnx" lat="53.3279791" uid="1" id="2425181731" version="1" lon="-6.2655202" visible="true" /><node changeset="1" timestamp="2026-05-15T09:34:42Z" user="OSMnx" lat="53.3281222" uid="1" id="2425181744" version="1" lon="-6.2646112" visible="true" /><node changeset="1" timestamp="2026-05-15T09:34:42Z" user="OSMnx" lat="53.328313" uid="1" id="2425181773" version="1" lon="-6.2654611" visible="true" /><node changeset="1" timestamp="2026-05-15T09:34:42Z" user="OSMnx" lat="53.3283552" uid="1" id="2425181777" version="1" lon="-6.2654744" visible="true" /><node changeset="1" timestamp="2026-05-15T09:34:42Z" user="OSMnx" lat="53.3284373" uid="1" id="2425181791" version="1" lon="-6.2656061" visible="true" /><node changeset="1" timestamp="2026-05-15T09:34:42Z" user="OSMnx" lat="53.3284999" uid="1" id="2425181803" version="1" lon="-6.26569" visible="true" /><node changeset="1" timestamp="2026-05-15T09:34:42Z" user="OSMnx" lat="53.328504" uid="1" id="2425181805" version="1" lon="-6.2647285" visible="true" /><node changeset="1" timestamp="2026-05-15T09:34:42Z" user="OSMnx" lat="53.3285695" uid="1" id="2425181811" version="1" lon="-6.2657683" visible="true" /><node changeset="1" timestamp="2026-05-15T09:34:42Z" user="OSMnx" lat="53.3286048" uid="1" id="2425181819" version="1" lon="-6.2658465" visible="true" /><node changeset="1" timestamp="2026-05-15T09:34:42Z" user="OSMnx" lat="53.3286207" uid="1" id="2425181821" version="1" lon="-6.2659935" visible="true" /><node changeset="1" timestamp="2026-05-15T09:34:42Z" user="OSMnx" lat="53.3244123" uid="1" id="2430413196" version="1" lon="-6.2511453" visible="true" /><node changeset="1" timestamp="2026-05-15T09:34:42Z" user="OSMnx" lat="53.324552" uid="1" id="2430413211" version="1" lon="-6.2515833" visible="true" /><node changeset="1" timestamp="2026-05-15T09:34:42Z" user="OSMnx" lat="53.3248618" uid="1" id="2430413237" version="1" lon="-6.2503548" visible="true"><tag k="highway" v="turning_circle" /></node><node changeset="1" timestamp="2026-05-15T09:34:42Z" user="OSMnx" lat="53.3250918" uid="1" id="2430413262" version="1" lon="-6.2511144" visible="true" /><node changeset="1" timestamp="2026-05-15T09:34:42Z" user="OSMnx" lat="53.332364" uid="1" id="2435024229" version="1" lon="-6.2658222" visible="true" /><node changeset="1" timestamp="2026-05-15T09:34:42Z" user="OSMnx" lat="53.3324176" uid="1" id="2435024250" version="1" lon="-6.2658282" visible="true" /><node changeset="1" timestamp="2026-05-15T09:34:42Z" user="OSMnx" lat="53.3303433" uid="1" id="2435830509" version="1" lon="-6.2619939" visible="true" /><node changeset="1" timestamp="2026-05-15T09:34:42Z" user="OSMnx" lat="53.3306789" uid="1" id="2461822979" version="1" lon="-6.2644032" visible="true"><tag k="highway" v="crossing" /></node><node changeset="1" timestamp="2026-05-15T09:34:42Z" user="OSMnx" lat="53.3243328" uid="1" id="2461823579" version="1" lon="-6.2604686" visible="true" /><node changeset="1" timestamp="2026-05-15T09:34:42Z" user="OSMnx" lat="53.3268785" uid="1" id="2461823581" version="1" lon="-6.2614236" visible="true" /><node changeset="1" timestamp="2026-05-15T09:34:42Z" user="OSMnx" lat="53.3264152" uid="1" id="2461823582" version="1" lon="-6.2611579" visible="true" /><node changeset="1" timestamp="2026-05-15T09:34:42Z" user="OSMnx" lat="53.3135163" uid="1" id="2461880077" version="1" lon="-6.2638879" visible="true" /><node changeset="1" timestamp="2026-05-15T09:34:42Z" user="OSMnx" lat="53.3347128" uid="1" id="2461936952" version="1" lon="-6.2424305" visible="true" /><node changeset="1" timestamp="2026-05-15T09:34:42Z" user="OSMnx" lat="53.3299808" uid="1" id="2461936957" version="1" lon="-6.2346282" visible="true"><tag k="highway" v="stop" /></node><node changeset="1" timestamp="2026-05-15T09:34:42Z" user="OSMnx" lat="53.3299591" uid="1" id="2461936969" version="1" lon="-6.234874" visible="true" /><node changeset="1" timestamp="2026-05-15T09:34:42Z" user="OSMnx" lat="53.3339516" uid="1" id="2461936971" version="1" lon="-6.2454865" visible="true" /><node changeset="1" timestamp="2026-05-15T09:34:42Z" user="OSMnx" lat="53.3344563" uid="1" id="2461936980" version="1" lon="-6.2422623" visible="true" /><node changeset="1" timestamp="2026-05-15T09:34:42Z" user="OSMnx" lat="53.3345014" uid="1" id="2461936993" version="1" lon="-6.2421058" visible="true" /><node changeset="1" timestamp="2026-05-15T09:34:42Z" user="OSMnx" lat="53.330089" uid="1" id="2461936995" version="1" lon="-6.2349577" visible="true" /><node changeset="1" timestamp="2026-05-15T09:34:42Z" user="OSMnx" lat="53.3300152" uid="1" id="2461936998" version="1" lon="-6.2348875" visible="true"><tag k="highway" v="stop" /></node><node changeset="1" timestamp="2026-05-15T09:34:42Z" user="OSMnx" lat="53.3343054" uid="1" id="2461937002" version="1" lon="-6.2439168" visible="true" /><node changeset="1" timestamp="2026-05-15T09:34:42Z" user="OSMnx" lat="53.332576" uid="1" id="2461937024" version="1" lon="-6.2501219" visible="true" /><node changeset="1" timestamp="2026-05-15T09:34:42Z" user="OSMnx" lat="53.3345303" uid="1" id="2461937025" version="1" lon="-6.2421002" visible="true" /><node changeset="1" timestamp="2026-05-15T09:34:42Z" user="OSMnx" lat="53.3299127" uid="1" id="2461937033" version="1" lon="-6.2349009" visible="true" /><node changeset="1" timestamp="2026-05-15T09:34:42Z" user="OSMnx" lat="53.3313992" uid="1" id="2461937034" version="1" lon="-6.2514404" visible="true" /><node changeset="1" timestamp="2026-05-15T09:34:42Z" user="OSMnx" lat="53.3163888" uid="1" id="2464758367" version="1" lon="-6.2526886" visible="true" /><node changeset="1" timestamp="2026-05-15T09:34:42Z" user="OSMnx" lat="53.327946" uid="1" id="2465416011" version="1" lon="-6.2446554" visible="true"><tag k="highway" v="crossing" /></node><node changeset="1" timestamp="2026-05-15T09:34:42Z" user="OSMnx" lat="53.3293105" uid="1" id="2465416030" version="1" lon="-6.2485913" visible="true"><tag k="highway" v="crossing" /></node><node changeset="1" timestamp="2026-05-15T09:34:42Z" user="OSMnx" lat="53.3217829" uid="1" id="2465416032" version="1" lon="-6.2346026" visible="true" /><node changeset="1" timestamp="2026-05-15T09:34:42Z" user="OSMnx" lat="53.3280786" uid="1" id="2465416036" version="1" lon="-6.2453953" visible="true" /><node changeset="1" timestamp="2026-05-15T09:34:42Z" user="OSMnx" lat="53.3217203" uid="1" id="2465416042" version="1" lon="-6.2383405" visible="true" /><node changeset="1" timestamp="2026-05-15T09:34:42Z" user="OSMnx" lat="53.3277978" uid="1" id="2465416046" version="1" lon="-6.2448752" visible="true" /><node changeset="1" timestamp="2026-05-15T09:34:42Z" user="OSMnx" lat="53.3220547" uid="1" id="2465416048" version="1" lon="-6.2361133" visible="true" /><node changeset="1" timestamp="2026-05-15T09:34:42Z" user="OSMnx" lat="53.3280074" uid="1" id="2465416050" version="1" lon="-6.2454318" visible="true" /><node changeset="1" timestamp="2026-05-15T09:34:42Z" user="OSMnx" lat="53.3239064" uid="1" id="2465416052" version="1" lon="-6.242514" visible="true" /><node changeset="1" timestamp="2026-05-15T09:34:42Z" user="OSMnx" lat="53.3312024" uid="1" id="2465416054" version="1" lon="-6.2516242" visible="true" /><node changeset="1" timestamp="2026-05-15T09:34:42Z" user="OSMnx" lat="53.3279293" uid="1" id="2465416058" version="1" lon="-6.2443613" visible="true" /><node changeset="1" timestamp="2026-05-15T09:34:42Z" user="OSMnx" lat="53.3232673" uid="1" id="2465416069" version="1" lon="-6.2341512" visible="true" /><node changeset="1" timestamp="2026-05-15T09:34:42Z" user="OSMnx" lat="53.3216007" uid="1" id="2465416078" version="1" lon="-6.2346201" visible="true" /><node changeset="1" timestamp="2026-05-15T09:34:42Z" user="OSMnx" lat="53.3279189" uid="1" id="2465416084" version="1" lon="-6.2449726" visible="true" /><node changeset="1" timestamp="2026-05-15T09:34:42Z" user="OSMnx" lat="53.3256169" uid="1" id="2465416097" version="1" lon="-6.2422976" visible="true" /><node changeset="1" timestamp="2026-05-15T09:34:42Z" user="OSMnx" lat="53.3279902" uid="1" id="2465416100" version="1" lon="-6.2451475" visible="true" /><node changeset="1" timestamp="2026-05-15T09:34:42Z" user="OSMnx" lat="53.3256569" uid="1" id="2465416105" version="1" lon="-6.2421365" visible="true" /><node changeset="1" timestamp="2026-05-15T09:34:42Z" user="OSMnx" lat="53.3242654" uid="1" id="2465416108" version="1" lon="-6.2418385" visible="true" /><node changeset="1" timestamp="2026-05-15T09:34:42Z" user="OSMnx" lat="53.3229989" uid="1" id="2465416119" version="1" lon="-6.2341786" visible="true" /><node changeset="1" timestamp="2026-05-15T09:34:42Z" user="OSMnx" lat="53.3293959" uid="1" id="2465416121" version="1" lon="-6.2487711" visible="true"><tag k="highway" v="give_way" /></node><node changeset="1" timestamp="2026-05-15T09:34:42Z" user="OSMnx" lat="53.3278661" uid="1" id="2465416124" version="1" lon="-6.2448331" visible="true" /><node changeset="1" timestamp="2026-05-15T09:34:42Z" user="OSMnx" lat="53.3294427" uid="1" id="2465416127" version="1" lon="-6.2485918" visible="true"><tag k="highway" v="crossing" /></node><node changeset="1" timestamp="2026-05-15T09:34:42Z" user="OSMnx" lat="53.3231442" uid="1" id="2465416142" version="1" lon="-6.2340587" visible="true" /><node changeset="1" timestamp="2026-05-15T09:34:42Z" user="OSMnx" lat="53.3276431" uid="1" id="2465416154" version="1" lon="-6.2447944" visible="true" /><node changeset="1" timestamp="2026-05-15T09:34:42Z" user="OSMnx" lat="53.3250308" uid="1" id="2465416159" version="1" lon="-6.2405934" visible="true" /><node changeset="1" timestamp="2026-05-15T09:34:42Z" user="OSMnx" lat="53.3279585" uid="1" id="2465416188" version="1" lon="-6.2449084" visible="true" /><node changeset="1" timestamp="2026-05-15T09:34:42Z" user="OSMnx" lat="53.3177604" uid="1" id="2473982513" version="1" lon="-6.2558909" visible="true" /><node changeset="1" timestamp="2026-05-15T09:34:42Z" user="OSMnx" lat="53.3260804" uid="1" id="2473982514" version="1" lon="-6.2588409" visible="true"><tag k="highway" v="give_way" /></node><node changeset="1" timestamp="2026-05-15T09:34:42Z" user="OSMnx" lat="53.317383" uid="1" id="2473982517" version="1" lon="-6.2445086" visible="true" /><node changeset="1" timestamp="2026-05-15T09:34:42Z" user="OSMnx" lat="53.3252976" uid="1" id="2473982527" version="1" lon="-6.2597148" visible="true" /><node changeset="1" timestamp="2026-05-15T09:34:42Z" user="OSMnx" lat="53.333901" uid="1" id="2473982530" version="1" lon="-6.2475245" visible="true"><tag k="highway" v="give_way" /></node><node changeset="1" timestamp="2026-05-15T09:34:42Z" user="OSMnx" lat="53.3231174" uid="1" id="2473982533" version="1" lon="-6.2584612" visible="true" /><node changeset="1" timestamp="2026-05-15T09:34:42Z" user="OSMnx" lat="53.3186779" uid="1" id="2473982534" version="1" lon="-6.2423858" visible="true" /><node changeset="1" timestamp="2026-05-15T09:34:42Z" user="OSMnx" lat="53.3343243" uid="1" id="2473982538" version="1" lon="-6.2488233" visible="true" /><node changeset="1" timestamp="2026-05-15T09:34:42Z" user="OSMnx" lat="53.3185392" uid="1" id="2473982539" version="1" lon="-6.2424331" visible="true" /><node changeset="1" timestamp="2026-05-15T09:34:42Z" user="OSMnx" lat="53.325355" uid="1" id="2473982545" version="1" lon="-6.2597657" visible="true" /><node changeset="1" timestamp="2026-05-15T09:34:42Z" user="OSMnx" lat="53.3333673" uid="1" id="2473982548" version="1" lon="-6.2497417" visible="true" /><node changeset="1" timestamp="2026-05-15T09:34:42Z" user="OSMnx" lat="53.3186053" uid="1" id="2473982559" version="1" lon="-6.2424019" visible="true" /><node changeset="1" timestamp="2026-05-15T09:34:42Z" user="OSMnx" lat="53.3177" uid="1" id="2473982565" version="1" lon="-6.2569498" visible="true" /><node changeset="1" timestamp="2026-05-15T09:34:42Z" user="OSMnx" lat="53.3176315" uid="1" id="2473982569" version="1" lon="-6.2440997" visible="true" /><node changeset="1" timestamp="2026-05-15T09:34:42Z" user="OSMnx" lat="53.3188168" uid="1" id="2473982574" version="1" lon="-6.2423964" visible="true" /><node changeset="1" timestamp="2026-05-15T09:34:42Z" user="OSMnx" lat="53.3339432" uid="1" id="2473982575" version="1" lon="-6.2476225" visible="true" /><node changeset="1" timestamp="2026-05-15T09:34:42Z" user="OSMnx" lat="53.3185057" uid="1" id="2473982582" version="1" lon="-6.2423863" visible="true" /><node changeset="1" timestamp="2026-05-15T09:34:42Z" user="OSMnx" lat="53.3171813" uid="1" id="2473982585" version="1" lon="-6.244678" visible="true" /><node changeset="1" timestamp="2026-05-15T09:34:42Z" user="OSMnx" lat="53.3253889" uid="1" id="2473982588" version="1" lon="-6.2606145" visible="true" /><node changeset="1" timestamp="2026-05-15T09:34:42Z" user="OSMnx" lat="53.3331501" uid="1" id="2473982590" version="1" lon="-6.249958" visible="true" /><node changeset="1" timestamp="2026-05-15T09:34:42Z" user="OSMnx" lat="53.3181614" uid="1" id="2473982591" version="1" lon="-6.2429442" visible="true" /><node changeset="1" timestamp="2026-05-15T09:34:42Z" user="OSMnx" lat="53.3233282" uid="1" id="2473982601" version="1" lon="-6.2585124" visible="true" /><node changeset="1" timestamp="2026-05-15T09:34:42Z" user="OSMnx" lat="53.31876" uid="1" id="2473982603" version="1" lon="-6.2423901" visible="true"><tag k="highway" v="give_way" /></node><node changeset="1" timestamp="2026-05-15T09:34:42Z" user="OSMnx" lat="53.3232229" uid="1" id="2473982609" version="1" lon="-6.2585046" visible="true" /><node changeset="1" timestamp="2026-05-15T09:34:42Z" user="OSMnx" lat="53.3184064" uid="1" id="2473982618" version="1" lon="-6.2418615" visible="true"><tag k="highway" v="crossing" /></node><node changeset="1" timestamp="2026-05-15T09:34:42Z" user="OSMnx" lat="53.3185318" uid="1" id="2473982629" version="1" lon="-6.2418883" visible="true" /><node changeset="1" timestamp="2026-05-15T09:34:42Z" user="OSMnx" lat="53.3267217" uid="1" id="2473982636" version="1" lon="-6.2601815" visible="true" /><node changeset="1" timestamp="2026-05-15T09:34:42Z" user="OSMnx" lat="53.327884" uid="1" id="2473982641" version="1" lon="-6.2631705" visible="true" /><node changeset="1" timestamp="2026-05-15T09:34:42Z" user="OSMnx" lat="53.3343102" uid="1" id="2473982643" version="1" lon="-6.2488495" visible="true" /><node changeset="1" timestamp="2026-05-15T09:34:42Z" user="OSMnx" lat="53.3184641" uid="1" id="2473982646" version="1" lon="-6.2424646" visible="true" /><node changeset="1" timestamp="2026-05-15T09:34:42Z" user="OSMnx" lat="53.3183058" uid="1" id="2473982650" version="1" lon="-6.2427052" visible="true" /><node changeset="1" timestamp="2026-05-15T09:34:42Z" user="OSMnx" lat="53.3331946" uid="1" id="2473982653" version="1" lon="-6.2499241" visible="true"><tag k="highway" v="stop" /></node><node changeset="1" timestamp="2026-05-15T09:34:42Z" user="OSMnx" lat="53.3185525" uid="1" id="2473982667" version="1" lon="-6.2424233" visible="true" /><node changeset="1" timestamp="2026-05-15T09:34:42Z" user="OSMnx" lat="53.3177446" uid="1" id="2473982672" version="1" lon="-6.256342" visible="true" /><node changeset="1" timestamp="2026-05-15T09:34:42Z" user="OSMnx" lat="53.3332291" uid="1" id="2473982679" version="1" lon="-6.2498274" visible="true" /><node changeset="1" timestamp="2026-05-15T09:34:42Z" user="OSMnx" lat="53.3251093" uid="1" id="2473982684" version="1" lon="-6.2586854" visible="true" /><node changeset="1" timestamp="2026-05-15T09:34:42Z" user="OSMnx" lat="53.3334612" uid="1" id="2473982685" version="1" lon="-6.2496786" visible="true" /><node changeset="1" timestamp="2026-05-15T09:34:42Z" user="OSMnx" lat="53.3155447" uid="1" id="2474002598" version="1" lon="-6.2454699" visible="true" /><node changeset="1" timestamp="2026-05-15T09:34:42Z" user="OSMnx" lat="53.3146567" uid="1" id="2474002644" version="1" lon="-6.2450765" visible="true" /><node changeset="1" timestamp="2026-05-15T09:34:42Z" user="OSMnx" lat="53.3146198" uid="1" id="2474002647" version="1" lon="-6.2461213" visible="true" /><node changeset="1" timestamp="2026-05-15T09:34:42Z" user="OSMnx" lat="53.3147263" uid="1" id="2474002682" version="1" lon="-6.245523" visible="true" /><node changeset="1" timestamp="2026-05-15T09:34:42Z" user="OSMnx" lat="53.3143954" uid="1" id="2479778562" version="1" lon="-6.2481722" visible="true" /><node changeset="1" timestamp="2026-05-15T09:34:42Z" user="OSMnx" lat="53.314243" uid="1" id="2479778570" version="1" lon="-6.2473191" visible="true" /><node changeset="1" timestamp="2026-05-15T09:34:42Z" user="OSMnx" lat="53.3147362" uid="1" id="2479778589" version="1" lon="-6.2479593" visible="true" /><node changeset="1" timestamp="2026-05-15T09:34:42Z" user="OSMnx" lat="53.31452" uid="1" id="2479778593" version="1" lon="-6.2471461" visible="true" /><node changeset="1" timestamp="2026-05-15T09:34:42Z" user="OSMnx" lat="53.3184796" uid="1" id="2479778632" version="1" lon="-6.2480853" visible="true" /><node changeset="1" timestamp="2026-05-15T09:34:42Z" user="OSMnx" lat="53.3211204" uid="1" id="2479778639" version="1" lon="-6.2484776" visible="true" /><node changeset="1" timestamp="2026-05-15T09:34:42Z" user="OSMnx" lat="53.3204634" uid="1" id="2479778643" version="1" lon="-6.2484508" visible="true" /><node changeset="1" timestamp="2026-05-15T09:34:42Z" user="OSMnx" lat="53.3198132" uid="1" id="2479778645" version="1" lon="-6.2439407" visible="true"><tag k="highway" v="give_way" /></node><node changeset="1" timestamp="2026-05-15T09:34:42Z" user="OSMnx" lat="53.3209416" uid="1" id="2479778647" version="1" lon="-6.248556" visible="true" /><node changeset="1" timestamp="2026-05-15T09:34:42Z" user="OSMnx" lat="53.3206403" uid="1" id="2479778652" version="1" lon="-6.2461508" visible="true" /><node changeset="1" timestamp="2026-05-15T09:34:42Z" user="OSMnx" lat="53.3148172" uid="1" id="2479778653" version="1" lon="-6.2480182" visible="true" /><node changeset="1" timestamp="2026-05-15T09:34:42Z" user="OSMnx" lat="53.3145428" uid="1" id="2479778660" version="1" lon="-6.2471583" visible="true" /><node changeset="1" timestamp="2026-05-15T09:34:42Z" user="OSMnx" lat="53.3190138" uid="1" id="2479778665" version="1" lon="-6.2470667" visible="true" /><node changeset="1" timestamp="2026-05-15T09:34:42Z" user="OSMnx" lat="53.3188201" uid="1" id="2479778666" version="1" lon="-6.2486921" visible="true" /><node changeset="1" timestamp="2026-05-15T09:34:42Z" user="OSMnx" lat="53.3191825" uid="1" id="2479778670" version="1" lon="-6.2472283" visible="true" /><node changeset="1" timestamp="2026-05-15T09:34:42Z" user="OSMnx" lat="53.3190774" uid="1" id="2479778671" version="1" lon="-6.2471099" visible="true" /><node changeset="1" timestamp="2026-05-15T09:34:42Z" user="OSMnx" lat="53.3147125" uid="1" id="2479778672" version="1" lon="-6.2480306" visible="true" /><node changeset="1" timestamp="2026-05-15T09:34:42Z" user="OSMnx" lat="53.3185733" uid="1" id="2479778683" version="1" lon="-6.2467246" visible="true" /><node changeset="1" timestamp="2026-05-15T09:34:42Z" user="OSMnx" lat="53.3195074" uid="1" id="2479778697" version="1" lon="-6.2488216" visible="true" /><node changeset="1" timestamp="2026-05-15T09:34:42Z" user="OSMnx" lat="53.3189577" uid="1" id="2479778736" version="1" lon="-6.2469741" visible="true" /><node changeset="1" timestamp="2026-05-15T09:34:42Z" user="OSMnx" lat="53.3201934" uid="1" id="2479778737" version="1" lon="-6.2485502" visible="true" /><node changeset="1" timestamp="2026-05-15T09:34:42Z" user="OSMnx" lat="53.3144312" uid="1" id="2479778739" version="1" lon="-6.2481926" visible="true" /><node changeset="1" timestamp="2026-05-15T09:34:42Z" user="OSMnx" lat="53.3148577" uid="1" id="2479778759" version="1" lon="-6.2480054" visible="true" /><node changeset="1" timestamp="2026-05-15T09:34:42Z" user="OSMnx" lat="53.3142221" uid="1" id="2479778763" version="1" lon="-6.2474147" visible="true" /><node changeset="1" timestamp="2026-05-15T09:34:42Z" user="OSMnx" lat="53.3198632" uid="1" id="2479778777" version="1" lon="-6.2487421" visible="true" /><node changeset="1" timestamp="2026-05-15T09:34:42Z" user="OSMnx" lat="53.3191373" uid="1" id="2479778793" version="1" lon="-6.2471563" visible="true" /><node changeset="1" timestamp="2026-05-15T09:34:42Z" user="OSMnx" lat="53.3196018" uid="1" id="2479785929" version="1" lon="-6.2433144" visible="true"><tag k="highway" v="stop" /></node><node changeset="1" timestamp="2026-05-15T09:34:42Z" user="OSMnx" lat="53.3139527" uid="1" id="2496300134" version="1" lon="-6.2444729" visible="true" /><node changeset="1" timestamp="2026-05-15T09:34:42Z" user="OSMnx" lat="53.3140232" uid="1" id="2496300135" version="1" lon="-6.2444183" visible="true" /><node changeset="1" timestamp="2026-05-15T09:34:42Z" user="OSMnx" lat="53.314287" uid="1" id="2496300136" version="1" lon="-6.2440674" visible="true" /><node changeset="1" timestamp="2026-05-15T09:34:42Z" user="OSMnx" lat="53.3142935" uid="1" id="2496300137" version="1" lon="-6.2443702" visible="true" /><node changeset="1" timestamp="2026-05-15T09:34:42Z" user="OSMnx" lat="53.3143248" uid="1" id="2496300138" version="1" lon="-6.2429956" visible="true" /><node changeset="1" timestamp="2026-05-15T09:34:42Z" user="OSMnx" lat="53.3143509" uid="1" id="2496300139" version="1" lon="-6.2445232" visible="true" /><node changeset="1" timestamp="2026-05-15T09:34:42Z" user="OSMnx" lat="53.3143744" uid="1" id="2496300140" version="1" lon="-6.2429606" visible="true" /><node changeset="1" timestamp="2026-05-15T09:34:42Z" user="OSMnx" lat="53.3145913" uid="1" id="2496300141" version="1" lon="-6.2446587" visible="true"><tag k="highway" v="give_way" /></node><node changeset="1" timestamp="2026-05-15T09:34:42Z" user="OSMnx" lat="53.3147063" uid="1" id="2496300142" version="1" lon="-6.2460627" visible="true"><tag k="highway" v="crossing" /></node><node changeset="1" timestamp="2026-05-15T09:34:42Z" user="OSMnx" lat="53.314805" uid="1" id="2496300143" version="1" lon="-6.24587" visible="true"><tag k="highway" v="give_way" /></node><node changeset="1" timestamp="2026-05-15T09:34:42Z" user="OSMnx" lat="53.3148823" uid="1" id="2496300144" version="1" lon="-6.2443833" visible="true" /><node changeset="1" timestamp="2026-05-15T09:34:42Z" user="OSMnx" lat="53.314962" uid="1" id="2496300146" version="1" lon="-6.243531" visible="true" /><node changeset="1" timestamp="2026-05-15T09:34:42Z" user="OSMnx" lat="53.3149763" uid="1" id="2496300147" version="1" lon="-6.2441801" visible="true" /><node changeset="1" timestamp="2026-05-15T09:34:42Z" user="OSMnx" lat="53.3153125" uid="1" id="2496300148" version="1" lon="-6.2418317" visible="true" /><node changeset="1" timestamp="2026-05-15T09:34:42Z" user="OSMnx" lat="53.3163627" uid="1" id="2496300149" version="1" lon="-6.2430683" visible="true" /><node changeset="1" timestamp="2026-05-15T09:34:42Z" user="OSMnx" lat="53.3163677" uid="1" id="2496300150" version="1" lon="-6.2450295" visible="true" /><node changeset="1" timestamp="2026-05-15T09:34:42Z" user="OSMnx" lat="53.3155252" uid="1" id="2496300580" version="1" lon="-6.2483022" visible="true" /><node changeset="1" timestamp="2026-05-15T09:34:42Z" user="OSMnx" lat="53.3173948" uid="1" id="2496353007" version="1" lon="-6.2361249" visible="true" /><node changeset="1" timestamp="2026-05-15T09:34:42Z" user="OSMnx" lat="53.3176281" uid="1" id="2496353009" version="1" lon="-6.2358436" visible="true" /><node changeset="1" timestamp="2026-05-15T09:34:42Z" user="OSMnx" lat="53.317827" uid="1" id="2496353011" version="1" lon="-6.2356963" visible="true" /><node changeset="1" timestamp="2026-05-15T09:34:42Z" user="OSMnx" lat="53.3181209" uid="1" id="2496353013" version="1" lon="-6.2356267" visible="true" /><node changeset="1" timestamp="2026-05-15T09:34:42Z" user="OSMnx" lat="53.3185483" uid="1" id="2496353015" version="1" lon="-6.2357498" visible="true" /><node changeset="1" timestamp="2026-05-15T09:34:42Z" user="OSMnx" lat="53.3182444" uid="1" id="2496354318" version="1" lon="-6.2374008" visible="true" /><node changeset="1" timestamp="2026-05-15T09:34:42Z" user="OSMnx" lat="53.3183176" uid="1" id="2496354319" version="1" lon="-6.2375459" visible="true" /><node changeset="1" timestamp="2026-05-15T09:34:42Z" user="OSMnx" lat="53.3183834" uid="1" id="2496354320" version="1" lon="-6.2373761" visible="true" /><node changeset="1" timestamp="2026-05-15T09:34:42Z" user="OSMnx" lat="53.318454" uid="1" id="2496354321" version="1" lon="-6.238819" visible="true" /><node changeset="1" timestamp="2026-05-15T09:34:42Z" user="OSMnx" lat="53.3186091" uid="1" id="2496354322" version="1" lon="-6.2365233" visible="true" /><node changeset="1" timestamp="2026-05-15T09:34:42Z" user="OSMnx" lat="53.3189784" uid="1" id="2496354323" version="1" lon="-6.2338692" visible="true" /><node changeset="1" timestamp="2026-05-15T09:34:42Z" user="OSMnx" lat="53.3190789" uid="1" id="2496354324" version="1" lon="-6.233924" visible="true" /><node changeset="1" timestamp="2026-05-15T09:34:42Z" user="OSMnx" lat="53.3191316" uid="1" id="2496354326" version="1" lon="-6.2339715" visible="true" /><node changeset="1" timestamp="2026-05-15T09:34:42Z" user="OSMnx" lat="53.3192317" uid="1" id="2496354328" version="1" lon="-6.2339271" visible="true" /><node changeset="1" timestamp="2026-05-15T09:34:42Z" user="OSMnx" lat="53.3192988" uid="1" id="2496354329" version="1" lon="-6.2339979" visible="true" /><node changeset="1" timestamp="2026-05-15T09:34:42Z" user="OSMnx" lat="53.3194611" uid="1" id="2496354330" version="1" lon="-6.2340532" visible="true" /><node changeset="1" timestamp="2026-05-15T09:34:42Z" user="OSMnx" lat="53.3135224" uid="1" id="2514506549" version="1" lon="-6.2581558" visible="true"><tag k="highway" v="stop" /></node><node changeset="1" timestamp="2026-05-15T09:34:42Z" user="OSMnx" lat="53.3161121" uid="1" id="2582451906" version="1" lon="-6.259404" visible="true" /><node changeset="1" timestamp="2026-05-15T09:34:42Z" user="OSMnx" lat="53.3297595" uid="1" id="2587403725" version="1" lon="-6.2562801" visible="true" /><node changeset="1" timestamp="2026-05-15T09:34:42Z" user="OSMnx" lat="53.3297512" uid="1" id="2587403726" version="1" lon="-6.2562886" visible="true" /><node changeset="1" timestamp="2026-05-15T09:34:42Z" user="OSMnx" lat="53.3297449" uid="1" id="2587403727" version="1" lon="-6.2563011" visible="true" /><node changeset="1" timestamp="2026-05-15T09:34:42Z" user="OSMnx" lat="53.3297436" uid="1" id="2587403728" version="1" lon="-6.2563513" visible="true" /><node changeset="1" timestamp="2026-05-15T09:34:42Z" user="OSMnx" lat="53.32975" uid="1" id="2587403729" version="1" lon="-6.2563656" visible="true" /><node changeset="1" timestamp="2026-05-15T09:34:42Z" user="OSMnx" lat="53.3297832" uid="1" id="2587403731" version="1" lon="-6.2563758" visible="true" /><node changeset="1" timestamp="2026-05-15T09:34:42Z" user="OSMnx" lat="53.3297904" uid="1" id="2587403732" version="1" lon="-6.2563688" visible="true" /><node changeset="1" timestamp="2026-05-15T09:34:42Z" user="OSMnx" lat="53.3297962" uid="1" id="2587403733" version="1" lon="-6.2563588" visible="true" /><node changeset="1" timestamp="2026-05-15T09:34:42Z" user="OSMnx" lat="53.3298008" uid="1" id="2587403734" version="1" lon="-6.2563122" visible="true" /><node changeset="1" timestamp="2026-05-15T09:34:42Z" user="OSMnx" lat="53.3297959" uid="1" id="2587403735" version="1" lon="-6.2562967" visible="true" /><node changeset="1" timestamp="2026-05-15T09:34:42Z" user="OSMnx" lat="53.3297883" uid="1" id="2587403736" version="1" lon="-6.2562848" visible="true" /><node changeset="1" timestamp="2026-05-15T09:34:42Z" user="OSMnx" lat="53.3348179" uid="1" id="2614998017" version="1" lon="-6.2580678" visible="true" /><node changeset="1" timestamp="2026-05-15T09:34:42Z" user="OSMnx" lat="53.3211583" uid="1" id="2617479193" version="1" lon="-6.252979" visible="true"><tag k="highway" v="stop" /></node><node changeset="1" timestamp="2026-05-15T09:34:42Z" user="OSMnx" lat="53.3212159" uid="1" id="2617479194" version="1" lon="-6.2519795" visible="true" /><node changeset="1" timestamp="2026-05-15T09:34:42Z" user="OSMnx" lat="53.3215676" uid="1" id="2617479195" version="1" lon="-6.2529874" visible="true"><tag k="highway" v="give_way" /></node><node changeset="1" timestamp="2026-05-15T09:34:42Z" user="OSMnx" lat="53.3217402" uid="1" id="2617479196" version="1" lon="-6.2531077" visible="true" /><node changeset="1" timestamp="2026-05-15T09:34:42Z" user="OSMnx" lat="53.3222734" uid="1" id="2617479197" version="1" lon="-6.2522963" visible="true" /><node changeset="1" timestamp="2026-05-15T09:34:42Z" user="OSMnx" lat="53.3229989" uid="1" id="2617479198" version="1" lon="-6.2505613" visible="true" /><node changeset="1" timestamp="2026-05-15T09:34:42Z" user="OSMnx" lat="53.3236402" uid="1" id="2617479208" version="1" lon="-6.2507066" visible="true" /><node changeset="1" timestamp="2026-05-15T09:34:42Z" user="OSMnx" lat="53.3237729" uid="1" id="2617479210" version="1" lon="-6.2527835" visible="true" /><node changeset="1" timestamp="2026-05-15T09:34:42Z" user="OSMnx" lat="53.3239806" uid="1" id="2617479213" version="1" lon="-6.2498994" visible="true" /><node changeset="1" timestamp="2026-05-15T09:34:42Z" user="OSMnx" lat="53.3240019" uid="1" id="2617479214" version="1" lon="-6.2486636" visible="true" /><node changeset="1" timestamp="2026-05-15T09:34:42Z" user="OSMnx" lat="53.3249536" uid="1" id="2617479230" version="1" lon="-6.253685" visible="true" /><node changeset="1" timestamp="2026-05-15T09:34:42Z" user="OSMnx" lat="53.3310935" uid="1" id="2623599984" version="1" lon="-6.2521826" visible="true" /><node changeset="1" timestamp="2026-05-15T09:34:42Z" user="OSMnx" lat="53.3311559" uid="1" id="2623599987" version="1" lon="-6.2521243" visible="true"><tag k="highway" v="traffic_signals" /></node><node changeset="1" timestamp="2026-05-15T09:34:42Z" user="OSMnx" lat="53.3311888" uid="1" id="2623599989" version="1" lon="-6.2520741" visible="true"><tag k="highway" v="crossing" /></node><node changeset="1" timestamp="2026-05-15T09:34:42Z" user="OSMnx" lat="53.3311793" uid="1" id="2623599990" version="1" lon="-6.2515125" visible="true" /><node changeset="1" timestamp="2026-05-15T09:34:42Z" user="OSMnx" lat="53.3312235" uid="1" id="2623599992" version="1" lon="-6.2519659" visible="true" /><node changeset="1" timestamp="2026-05-15T09:34:42Z" user="OSMnx" lat="53.331239" uid="1" id="2623599996" version="1" lon="-6.2520032" visible="true" /><node changeset="1" timestamp="2026-05-15T09:34:42Z" user="OSMnx" lat="53.3312179" uid="1" id="2623599998" version="1" lon="-6.2513937" visible="true"><tag k="highway" v="give_way" /></node><node changeset="1" timestamp="2026-05-15T09:34:42Z" user="OSMnx" lat="53.331262" uid="1" id="2623600000" version="1" lon="-6.2520417" visible="true" /><node changeset="1" timestamp="2026-05-15T09:34:42Z" user="OSMnx" lat="53.3327563" uid="1" id="2628941967" version="1" lon="-6.2617819" visible="true" /><node changeset="1" timestamp="2026-05-15T09:34:42Z" user="OSMnx" lat="53.3210284" uid="1" id="2661041130" version="1" lon="-6.2684141" visible="true" /><node changeset="1" timestamp="2026-05-15T09:34:42Z" user="OSMnx" lat="53.3211514" uid="1" id="2661041133" version="1" lon="-6.2681096" visible="true" /><node changeset="1" timestamp="2026-05-15T09:34:42Z" user="OSMnx" lat="53.3208396" uid="1" id="2661041147" version="1" lon="-6.2679021" visible="true" /><node changeset="1" timestamp="2026-05-15T09:34:42Z" user="OSMnx" lat="53.3209988" uid="1" id="2661041156" version="1" lon="-6.2677901" visible="true" /><node changeset="1" timestamp="2026-05-15T09:34:42Z" user="OSMnx" lat="53.3248624" uid="1" id="2747044633" version="1" lon="-6.2672198" visible="true" /><node changeset="1" timestamp="2026-05-15T09:34:42Z" user="OSMnx" lat="53.3253197" uid="1" id="2747044638" version="1" lon="-6.2669839" visible="true" /><node changeset="1" timestamp="2026-05-15T09:34:42Z" user="OSMnx" lat="53.3249685" uid="1" id="2752625541" version="1" lon="-6.2645087" visible="true" /><node changeset="1" timestamp="2026-05-15T09:34:42Z" user="OSMnx" lat="53.3176913" uid="1" id="2760514500" version="1" lon="-6.2366911" visible="true" /><node changeset="1" timestamp="2026-05-15T09:34:42Z" user="OSMnx" lat="53.3180114" uid="1" id="2760514504" version="1" lon="-6.2369289" visible="true" /><node changeset="1" timestamp="2026-05-15T09:34:42Z" user="OSMnx" lat="53.3179891" uid="1" id="2760514506" version="1" lon="-6.2373797" visible="true" /><node changeset="1" timestamp="2026-05-15T09:34:42Z" user="OSMnx" lat="53.3169284" uid="1" id="2760559797" version="1" lon="-6.236977" visible="true" /><node changeset="1" timestamp="2026-05-15T09:34:42Z" user="OSMnx" lat="53.3170708" uid="1" id="2760559800" version="1" lon="-6.2371709" visible="true" /><node changeset="1" timestamp="2026-05-15T09:34:42Z" user="OSMnx" lat="53.3174585" uid="1" id="2760559802" version="1" lon="-6.2372634" visible="true" /><node changeset="1" timestamp="2026-05-15T09:34:42Z" user="OSMnx" lat="53.3176902" uid="1" id="2760559810" version="1" lon="-6.2383745" visible="true" /><node changeset="1" timestamp="2026-05-15T09:34:42Z" user="OSMnx" lat="53.3179206" uid="1" id="2760559814" version="1" lon="-6.2378946" visible="true" /><node changeset="1" timestamp="2026-05-15T09:34:42Z" user="OSMnx" lat="53.3155624" uid="1" id="2760574661" version="1" lon="-6.2378009" visible="true" /><node changeset="1" timestamp="2026-05-15T09:34:42Z" user="OSMnx" lat="53.3156988" uid="1" id="2760574662" version="1" lon="-6.2376466" visible="true" /><node changeset="1" timestamp="2026-05-15T09:34:42Z" user="OSMnx" lat="53.3160274" uid="1" id="2760574664" version="1" lon="-6.2377462" visible="true" /><node changeset="1" timestamp="2026-05-15T09:34:42Z" user="OSMnx" lat="53.3163453" uid="1" id="2760574665" version="1" lon="-6.2379884" visible="true" /><node changeset="1" timestamp="2026-05-15T09:34:42Z" user="OSMnx" lat="53.316636" uid="1" id="2760574666" version="1" lon="-6.2387428" visible="true"><tag k="highway" v="crossing" /></node><node changeset="1" timestamp="2026-05-15T09:34:42Z" user="OSMnx" lat="53.3169146" uid="1" id="2760581619" version="1" lon="-6.23939" visible="true" /><node changeset="1" timestamp="2026-05-15T09:34:42Z" user="OSMnx" lat="53.32421" uid="1" id="2764046932" version="1" lon="-6.2653454" visible="true" /><node changeset="1" timestamp="2026-05-15T09:34:42Z" user="OSMnx" lat="53.3220671" uid="1" id="2764375110" version="1" lon="-6.266775" visible="true" /><node changeset="1" timestamp="2026-05-15T09:34:42Z" user="OSMnx" lat="53.3220914" uid="1" id="2764375114" version="1" lon="-6.2660545" visible="true" /><node changeset="1" timestamp="2026-05-15T09:34:42Z" user="OSMnx" lat="53.3229561" uid="1" id="2764375134" version="1" lon="-6.2675014" visible="true" /><node changeset="1" timestamp="2026-05-15T09:34:42Z" user="OSMnx" lat="53.3252883" uid="1" id="2764492251" version="1" lon="-6.2550567" visible="true" /><node changeset="1" timestamp="2026-05-15T09:34:42Z" user="OSMnx" lat="53.3271409" uid="1" id="2764492254" version="1" lon="-6.2583403" visible="true"><tag k="highway" v="give_way" /></node><node changeset="1" timestamp="2026-05-15T09:34:42Z" user="OSMnx" lat="53.32721" uid="1" id="2764492256" version="1" lon="-6.2582277" visible="true" /><node changeset="1" timestamp="2026-05-15T09:34:42Z" user="OSMnx" lat="53.3274943" uid="1" id="2764492266" version="1" lon="-6.2583926" visible="true" /><node changeset="1" timestamp="2026-05-15T09:34:42Z" user="OSMnx" lat="53.3280499" uid="1" id="2764492272" version="1" lon="-6.2585074" visible="true" /><node changeset="1" timestamp="2026-05-15T09:34:42Z" user="OSMnx" lat="53.3282598" uid="1" id="2764492273" version="1" lon="-6.2584848" visible="true"><tag k="highway" v="give_way" /></node><node changeset="1" timestamp="2026-05-15T09:34:42Z" user="OSMnx" lat="53.3283611" uid="1" id="2764492274" version="1" lon="-6.2622108" visible="true" /><node changeset="1" timestamp="2026-05-15T09:34:42Z" user="OSMnx" lat="53.328427" uid="1" id="2764492275" version="1" lon="-6.2586546" visible="true"><tag k="highway" v="crossing" /></node><node changeset="1" timestamp="2026-05-15T09:34:42Z" user="OSMnx" lat="53.3292136" uid="1" id="2764492276" version="1" lon="-6.2629651" visible="true" /><node changeset="1" timestamp="2026-05-15T09:34:42Z" user="OSMnx" lat="53.3267801" uid="1" id="2764559691" version="1" lon="-6.2665275" visible="true" /><node changeset="1" timestamp="2026-05-15T09:34:42Z" user="OSMnx" lat="53.3297756" uid="1" id="2766836326" version="1" lon="-6.2631805" visible="true" /><node changeset="1" timestamp="2026-05-15T09:34:42Z" user="OSMnx" lat="53.3298475" uid="1" id="2766836327" version="1" lon="-6.2621756" visible="true" /><node changeset="1" timestamp="2026-05-15T09:34:42Z" user="OSMnx" lat="53.3283477" uid="1" id="2766848588" version="1" lon="-6.2505396" visible="true" /><node changeset="1" timestamp="2026-05-15T09:34:42Z" user="OSMnx" lat="53.3288041" uid="1" id="2766848590" version="1" lon="-6.2599616" visible="true" /><node changeset="1" timestamp="2026-05-15T09:34:42Z" user="OSMnx" lat="53.3288323" uid="1" id="2766848591" version="1" lon="-6.2601197" visible="true" /><node changeset="1" timestamp="2026-05-15T09:34:42Z" user="OSMnx" lat="53.3289115" uid="1" id="2766848592" version="1" lon="-6.2599278" visible="true" /><node changeset="1" timestamp="2026-05-15T09:34:42Z" user="OSMnx" lat="53.3289104" uid="1" id="2766848594" version="1" lon="-6.2600287" visible="true" /><node changeset="1" timestamp="2026-05-15T09:34:42Z" user="OSMnx" lat="53.3290227" uid="1" id="2766848595" version="1" lon="-6.2594587" visible="true" /><node changeset="1" timestamp="2026-05-15T09:34:42Z" user="OSMnx" lat="53.3291817" uid="1" id="2766848596" version="1" lon="-6.2589779" visible="true"><tag k="highway" v="give_way" /></node><node changeset="1" timestamp="2026-05-15T09:34:42Z" user="OSMnx" lat="53.3294295" uid="1" id="2766848597" version="1" lon="-6.2578434" visible="true" /><node changeset="1" timestamp="2026-05-15T09:34:42Z" user="OSMnx" lat="53.3304156" uid="1" id="2766848598" version="1" lon="-6.2530587" visible="true"><tag k="highway" v="give_way" /></node><node changeset="1" timestamp="2026-05-15T09:34:42Z" user="OSMnx" lat="53.3213998" uid="1" id="2772876330" version="1" lon="-6.2644486" visible="true" /><node changeset="1" timestamp="2026-05-15T09:34:42Z" user="OSMnx" lat="53.3218198" uid="1" id="2772876331" version="1" lon="-6.2644253" visible="true" /><node changeset="1" timestamp="2026-05-15T09:34:42Z" user="OSMnx" lat="53.3338843" uid="1" id="2776327470" version="1" lon="-6.2629868" visible="true"><tag k="highway" v="crossing" /></node><node changeset="1" timestamp="2026-05-15T09:34:42Z" user="OSMnx" lat="53.3337902" uid="1" id="2776327480" version="1" lon="-6.2629817" visible="true"><tag k="highway" v="crossing" /></node><node changeset="1" timestamp="2026-05-15T09:34:42Z" user="OSMnx" lat="53.3340844" uid="1" id="2776327481" version="1" lon="-6.2628402" visible="true"><tag k="highway" v="crossing" /></node><node changeset="1" timestamp="2026-05-15T09:34:42Z" user="OSMnx" lat="53.3328594" uid="1" id="2776327485" version="1" lon="-6.2626695" visible="true"><tag k="highway" v="crossing" /></node><node changeset="1" timestamp="2026-05-15T09:34:42Z" user="OSMnx" lat="53.3279073" uid="1" id="2776808113" version="1" lon="-6.2591361" visible="true" /><node changeset="1" timestamp="2026-05-15T09:34:42Z" user="OSMnx" lat="53.3254624" uid="1" id="2777899439" version="1" lon="-6.2538574" visible="true" /><node changeset="1" timestamp="2026-05-15T09:34:42Z" user="OSMnx" lat="53.3162427" uid="1" id="2783592292" version="1" lon="-6.2622574" visible="true" /><node changeset="1" timestamp="2026-05-15T09:34:42Z" user="OSMnx" lat="53.3162924" uid="1" id="2783592295" version="1" lon="-6.2621148" visible="true" /><node changeset="1" timestamp="2026-05-15T09:34:42Z" user="OSMnx" lat="53.3232129" uid="1" id="2784717512" version="1" lon="-6.249668" visible="true" /><node changeset="1" timestamp="2026-05-15T09:34:42Z" user="OSMnx" lat="53.3221389" uid="1" id="2784725491" version="1" lon="-6.2476213" visible="true" /><node changeset="1" timestamp="2026-05-15T09:34:42Z" user="OSMnx" lat="53.3227145" uid="1" id="2784725492" version="1" lon="-6.2457785" visible="true" /><node changeset="1" timestamp="2026-05-15T09:34:42Z" user="OSMnx" lat="53.325943" uid="1" id="2784755838" version="1" lon="-6.2433076" visible="true" /><node changeset="1" timestamp="2026-05-15T09:34:42Z" user="OSMnx" lat="53.3211221" uid="1" id="2827789318" version="1" lon="-6.2545942" visible="true"><tag k="highway" v="crossing" /></node><node changeset="1" timestamp="2026-05-15T09:34:42Z" user="OSMnx" lat="53.3327945" uid="1" id="2874229207" version="1" lon="-6.2602769" visible="true" /><node changeset="1" timestamp="2026-05-15T09:34:42Z" user="OSMnx" lat="53.3316678" uid="1" id="2874426127" version="1" lon="-6.2576247" visible="true" /><node changeset="1" timestamp="2026-05-15T09:34:42Z" user="OSMnx" lat="53.3320546" uid="1" id="2875168315" version="1" lon="-6.2610317" visible="true" /><node changeset="1" timestamp="2026-05-15T09:34:42Z" user="OSMnx" lat="53.332055" uid="1" id="2875168316" version="1" lon="-6.2609618" visible="true" /><node changeset="1" timestamp="2026-05-15T09:34:42Z" user="OSMnx" lat="53.3320601" uid="1" id="2875168317" version="1" lon="-6.2610009" visible="true" /><node changeset="1" timestamp="2026-05-15T09:34:42Z" user="OSMnx" lat="53.3339446" uid="1" id="2875168330" version="1" lon="-6.2604151" visible="true" /><node changeset="1" timestamp="2026-05-15T09:34:42Z" user="OSMnx" lat="53.3305438" uid="1" id="2876012507" version="1" lon="-6.2602708" visible="true"><tag k="highway" v="crossing" /></node><node changeset="1" timestamp="2026-05-15T09:34:42Z" user="OSMnx" lat="53.3323933" uid="1" id="2876012509" version="1" lon="-6.2524143" visible="true" /><node changeset="1" timestamp="2026-05-15T09:34:42Z" user="OSMnx" lat="53.332605" uid="1" id="2876012510" version="1" lon="-6.2517048" visible="true"><tag k="highway" v="crossing" /></node><node changeset="1" timestamp="2026-05-15T09:34:42Z" user="OSMnx" lat="53.3338288" uid="1" id="2876012531" version="1" lon="-6.2475834" visible="true" /><node changeset="1" timestamp="2026-05-15T09:34:42Z" user="OSMnx" lat="53.3338606" uid="1" id="2876012532" version="1" lon="-6.2474824" visible="true" /><node changeset="1" timestamp="2026-05-15T09:34:42Z" user="OSMnx" lat="53.3343427" uid="1" id="2876012550" version="1" lon="-6.2456126" visible="true"><tag k="highway" v="traffic_signals" /></node><node changeset="1" timestamp="2026-05-15T09:34:42Z" user="OSMnx" lat="53.3229657" uid="1" id="2885197618" version="1" lon="-6.2655791" visible="true" /><node changeset="1" timestamp="2026-05-15T09:34:42Z" user="OSMnx" lat="53.3261813" uid="1" id="2885581207" version="1" lon="-6.2666365" visible="true" /><node changeset="1" timestamp="2026-05-15T09:34:42Z" user="OSMnx" lat="53.3244071" uid="1" id="2885609031" version="1" lon="-6.265307" visible="true" /><node changeset="1" timestamp="2026-05-15T09:34:42Z" user="OSMnx" lat="53.3245224" uid="1" id="2885609033" version="1" lon="-6.2652821" visible="true" /><node changeset="1" timestamp="2026-05-15T09:34:42Z" user="OSMnx" lat="53.3309107" uid="1" id="2886055812" version="1" lon="-6.2608195" visible="true" /><node changeset="1" timestamp="2026-05-15T09:34:42Z" user="OSMnx" lat="53.3202727" uid="1" id="2886074922" version="1" lon="-6.268301" visible="true" /><node changeset="1" timestamp="2026-05-15T09:34:42Z" user="OSMnx" lat="53.3328946" uid="1" id="2895525585" version="1" lon="-6.2359561" visible="true" /><node changeset="1" timestamp="2026-05-15T09:34:42Z" user="OSMnx" lat="53.3329505" uid="1" id="2895525586" version="1" lon="-6.2365483" visible="true" /><node changeset="1" timestamp="2026-05-15T09:34:42Z" user="OSMnx" lat="53.3331554" uid="1" id="2895525587" version="1" lon="-6.235884" visible="true" /><node changeset="1" timestamp="2026-05-15T09:34:42Z" user="OSMnx" lat="53.333373" uid="1" id="2895525588" version="1" lon="-6.2353638" visible="true" /><node changeset="1" timestamp="2026-05-15T09:34:42Z" user="OSMnx" lat="53.3336566" uid="1" id="2895525590" version="1" lon="-6.2348377" visible="true"><tag k="highway" v="stop" /></node><node changeset="1" timestamp="2026-05-15T09:34:42Z" user="OSMnx" lat="53.333678" uid="1" id="2895525591" version="1" lon="-6.234904" visible="true" /><node changeset="1" timestamp="2026-05-15T09:34:42Z" user="OSMnx" lat="53.3337298" uid="1" id="2895525592" version="1" lon="-6.2349756" visible="true" /><node changeset="1" timestamp="2026-05-15T09:34:42Z" user="OSMnx" lat="53.3340053" uid="1" id="2895525595" version="1" lon="-6.2351768" visible="true" /><node changeset="1" timestamp="2026-05-15T09:34:42Z" user="OSMnx" lat="53.3342865" uid="1" id="2895525596" version="1" lon="-6.2339446" visible="true" /><node changeset="1" timestamp="2026-05-15T09:34:42Z" user="OSMnx" lat="53.3320993" uid="1" id="2895593252" version="1" lon="-6.2356358" visible="true" /><node changeset="1" timestamp="2026-05-15T09:34:42Z" user="OSMnx" lat="53.3321431" uid="1" id="2895593253" version="1" lon="-6.2357458" visible="true" /><node changeset="1" timestamp="2026-05-15T09:34:42Z" user="OSMnx" lat="53.3322087" uid="1" id="2895593254" version="1" lon="-6.2355574" visible="true" /><node changeset="1" timestamp="2026-05-15T09:34:42Z" user="OSMnx" lat="53.3322497" uid="1" id="2895593255" version="1" lon="-6.2354809" visible="true" /><node changeset="1" timestamp="2026-05-15T09:34:42Z" user="OSMnx" lat="53.3323868" uid="1" id="2895593256" version="1" lon="-6.2351865" visible="true" /><node changeset="1" timestamp="2026-05-15T09:34:42Z" user="OSMnx" lat="53.3324431" uid="1" id="2895593257" version="1" lon="-6.2353082" visible="true" /><node changeset="1" timestamp="2026-05-15T09:34:42Z" user="OSMnx" lat="53.3279926" uid="1" id="2895626299" version="1" lon="-6.241737" visible="true" /><node changeset="1" timestamp="2026-05-15T09:34:42Z" user="OSMnx" lat="53.3282429" uid="1" id="2895626300" version="1" lon="-6.2418711" visible="true" /><node changeset="1" timestamp="2026-05-15T09:34:42Z" user="OSMnx" lat="53.328292" uid="1" id="2895628301" version="1" lon="-6.2418575" visible="true" /><node changeset="1" timestamp="2026-05-15T09:34:42Z" user="OSMnx" lat="53.3286336" uid="1" id="2895628302" version="1" lon="-6.2423553" visible="true" /><node changeset="1" timestamp="2026-05-15T09:34:42Z" user="OSMnx" lat="53.3286975" uid="1" id="2895628303" version="1" lon="-6.2429035" visible="true" /><node changeset="1" timestamp="2026-05-15T09:34:42Z" user="OSMnx" lat="53.3288223" uid="1" id="2895628304" version="1" lon="-6.2439314" visible="true" /><node changeset="1" timestamp="2026-05-15T09:34:42Z" user="OSMnx" lat="53.3302472" uid="1" id="2895628305" version="1" lon="-6.2428681" visible="true" /><node changeset="1" timestamp="2026-05-15T09:34:42Z" user="OSMnx" lat="53.331756" uid="1" id="2895628313" version="1" lon="-6.237778" visible="true" /><node changeset="1" timestamp="2026-05-15T09:34:42Z" user="OSMnx" lat="53.3328213" uid="1" id="2895628318" version="1" lon="-6.2422714" visible="true" /><node changeset="1" timestamp="2026-05-15T09:34:42Z" user="OSMnx" lat="53.3333235" uid="1" id="2896327061" version="1" lon="-6.240876" visible="true" /><node changeset="1" timestamp="2026-05-15T09:34:42Z" user="OSMnx" lat="53.3334672" uid="1" id="2896327062" version="1" lon="-6.2419189" visible="true" /><node changeset="1" timestamp="2026-05-15T09:34:42Z" user="OSMnx" lat="53.3335151" uid="1" id="2896327063" version="1" lon="-6.2419502" visible="true" /><node changeset="1" timestamp="2026-05-15T09:34:42Z" user="OSMnx" lat="53.3335569" uid="1" id="2896327064" version="1" lon="-6.2419924" visible="true" /><node changeset="1" timestamp="2026-05-15T09:34:42Z" user="OSMnx" lat="53.3335712" uid="1" id="2896327065" version="1" lon="-6.241868" visible="true" /><node changeset="1" timestamp="2026-05-15T09:34:42Z" user="OSMnx" lat="53.3335945" uid="1" id="2896327066" version="1" lon="-6.2417014" visible="true" /><node changeset="1" timestamp="2026-05-15T09:34:42Z" user="OSMnx" lat="53.333785" uid="1" id="2896327067" version="1" lon="-6.2428581" visible="true" /><node changeset="1" timestamp="2026-05-15T09:34:42Z" user="OSMnx" lat="53.3277046" uid="1" id="2912433461" version="1" lon="-6.2618037" visible="true" /><node changeset="1" timestamp="2026-05-15T09:34:42Z" user="OSMnx" lat="53.3253403" uid="1" id="2965981847" version="1" lon="-6.2592125" visible="true"><tag k="highway" v="turning_circle" /></node><node changeset="1" timestamp="2026-05-15T09:34:42Z" user="OSMnx" lat="53.3252413" uid="1" id="2965981848" version="1" lon="-6.259627" visible="true" /><node changeset="1" timestamp="2026-05-15T09:34:42Z" user="OSMnx" lat="53.3250703" uid="1" id="2965981850" version="1" lon="-6.2595574" visible="true" /><node changeset="1" timestamp="2026-05-15T09:34:42Z" user="OSMnx" lat="53.3171722" uid="1" id="2968909896" version="1" lon="-6.2682798" visible="true" /><node changeset="1" timestamp="2026-05-15T09:34:42Z" user="OSMnx" lat="53.3174208" uid="1" id="2968909897" version="1" lon="-6.2675723" visible="true" /><node changeset="1" timestamp="2026-05-15T09:34:42Z" user="OSMnx" lat="53.3182053" uid="1" id="2968909898" version="1" lon="-6.2682149" visible="true" /><node changeset="1" timestamp="2026-05-15T09:34:42Z" user="OSMnx" lat="53.3245223" uid="1" id="2980002413" version="1" lon="-6.2604992" visible="true" /><node changeset="1" timestamp="2026-05-15T09:34:42Z" user="OSMnx" lat="53.3253791" uid="1" id="2980286509" version="1" lon="-6.2651149" visible="true"><tag k="highway" v="traffic_signals" /></node><node changeset="1" timestamp="2026-05-15T09:34:42Z" user="OSMnx" lat="53.3279807" uid="1" id="2983557890" version="1" lon="-6.2633765" visible="true" /><node changeset="1" timestamp="2026-05-15T09:34:42Z" user="OSMnx" lat="53.328013" uid="1" id="2983557897" version="1" lon="-6.2646325" visible="true" /><node changeset="1" timestamp="2026-05-15T09:34:42Z" user="OSMnx" lat="53.3272263" uid="1" id="2984127866" version="1" lon="-6.2623637" visible="true" /><node changeset="1" timestamp="2026-05-15T09:34:42Z" user="OSMnx" lat="53.3271707" uid="1" id="2984127867" version="1" lon="-6.2635938" visible="true" /><node changeset="1" timestamp="2026-05-15T09:34:42Z" user="OSMnx" lat="53.3298664" uid="1" id="2985466265" version="1" lon="-6.2527163" visible="true" /><node changeset="1" timestamp="2026-05-15T09:34:42Z" user="OSMnx" lat="53.3291262" uid="1" id="2988063318" version="1" lon="-6.254557" visible="true" /><node changeset="1" timestamp="2026-05-15T09:34:42Z" user="OSMnx" lat="53.3272618" uid="1" id="2988758785" version="1" lon="-6.2510612" visible="true" /><node changeset="1" timestamp="2026-05-15T09:34:42Z" user="OSMnx" lat="53.327496" uid="1" id="2988758788" version="1" lon="-6.2516606" visible="true" /><node changeset="1" timestamp="2026-05-15T09:34:42Z" user="OSMnx" lat="53.3291856" uid="1" id="2989572394" version="1" lon="-6.2542864" visible="true" /><node changeset="1" timestamp="2026-05-15T09:34:42Z" user="OSMnx" lat="53.328541" uid="1" id="2989604050" version="1" lon="-6.2535036" visible="true" /><node changeset="1" timestamp="2026-05-15T09:34:42Z" user="OSMnx" lat="53.3286269" uid="1" id="2989604056" version="1" lon="-6.2530867" visible="true" /><node changeset="1" timestamp="2026-05-15T09:34:42Z" user="OSMnx" lat="53.3341951" uid="1" id="2995007504" version="1" lon="-6.2652778" visible="true" /><node changeset="1" timestamp="2026-05-15T09:34:42Z" user="OSMnx" lat="53.3322639" uid="1" id="2998488442" version="1" lon="-6.2551018" visible="true" /><node changeset="1" timestamp="2026-05-15T09:34:42Z" user="OSMnx" lat="53.325657" uid="1" id="3001681184" version="1" lon="-6.2637877" visible="true" /><node changeset="1" timestamp="2026-05-15T09:34:42Z" user="OSMnx" lat="53.3256621" uid="1" id="3001681186" version="1" lon="-6.2638796" visible="true" /><node changeset="1" timestamp="2026-05-15T09:34:42Z" user="OSMnx" lat="53.322496" uid="1" id="3011045903" version="1" lon="-6.2465073" visible="true" /><node changeset="1" timestamp="2026-05-15T09:34:42Z" user="OSMnx" lat="53.3229474" uid="1" id="3011045905" version="1" lon="-6.244985" visible="true" /><node changeset="1" timestamp="2026-05-15T09:34:42Z" user="OSMnx" lat="53.3232816" uid="1" id="3011045906" version="1" lon="-6.2440273" visible="true" /><node changeset="1" timestamp="2026-05-15T09:34:42Z" user="OSMnx" lat="53.3330436" uid="1" id="3025261616" version="1" lon="-6.237609" visible="true" /><node changeset="1" timestamp="2026-05-15T09:34:42Z" user="OSMnx" lat="53.3330621" uid="1" id="3025261617" version="1" lon="-6.2373246" visible="true" /><node changeset="1" timestamp="2026-05-15T09:34:42Z" user="OSMnx" lat="53.3332774" uid="1" id="3025261618" version="1" lon="-6.2400359" visible="true" /><node changeset="1" timestamp="2026-05-15T09:34:42Z" user="OSMnx" lat="53.3333035" uid="1" id="3025261619" version="1" lon="-6.2400018" visible="true" /><node changeset="1" timestamp="2026-05-15T09:34:42Z" user="OSMnx" lat="53.3193669" uid="1" id="3040139022" version="1" lon="-6.2655916" visible="true" /><node changeset="1" timestamp="2026-05-15T09:34:42Z" user="OSMnx" lat="53.3193272" uid="1" id="3040139025" version="1" lon="-6.2657985" visible="true" /><node changeset="1" timestamp="2026-05-15T09:34:42Z" user="OSMnx" lat="53.3336671" uid="1" id="3041274685" version="1" lon="-6.2645161" visible="true" /><node changeset="1" timestamp="2026-05-15T09:34:42Z" user="OSMnx" lat="53.3333727" uid="1" id="3041274689" version="1" lon="-6.2627606" visible="true" /><node changeset="1" timestamp="2026-05-15T09:34:42Z" user="OSMnx" lat="53.332683" uid="1" id="3041274705" version="1" lon="-6.2637991" visible="true" /><node changeset="1" timestamp="2026-05-15T09:34:42Z" user="OSMnx" lat="53.3348584" uid="1" id="3042292884" version="1" lon="-6.2580424" visible="true" /><node changeset="1" timestamp="2026-05-15T09:34:42Z" user="OSMnx" lat="53.3338133" uid="1" id="3042292888" version="1" lon="-6.257462" visible="true" /><node changeset="1" timestamp="2026-05-15T09:34:42Z" user="OSMnx" lat="53.3327864" uid="1" id="3044819950" version="1" lon="-6.2597854" visible="true" /><node changeset="1" timestamp="2026-05-15T09:34:42Z" user="OSMnx" lat="53.3339123" uid="1" id="3044819961" version="1" lon="-6.2596096" visible="true" /><node changeset="1" timestamp="2026-05-15T09:34:42Z" user="OSMnx" lat="53.3174889" uid="1" id="3060908782" version="1" lon="-6.2649109" visible="true" /><node changeset="1" timestamp="2026-05-15T09:34:42Z" user="OSMnx" lat="53.3156054" uid="1" id="3061375079" version="1" lon="-6.2657776" visible="true"><tag k="highway" v="give_way" /></node><node changeset="1" timestamp="2026-05-15T09:34:42Z" user="OSMnx" lat="53.3156243" uid="1" id="3061375080" version="1" lon="-6.2656568" visible="true" /><node changeset="1" timestamp="2026-05-15T09:34:42Z" user="OSMnx" lat="53.3206684" uid="1" id="3063184053" version="1" lon="-6.2634754" visible="true" /><node changeset="1" timestamp="2026-05-15T09:34:42Z" user="OSMnx" lat="53.3213509" uid="1" id="3063184091" version="1" lon="-6.2643852" visible="true" /><node changeset="1" timestamp="2026-05-15T09:34:42Z" user="OSMnx" lat="53.3202422" uid="1" id="3063184653" version="1" lon="-6.2632564" visible="true" /><node changeset="1" timestamp="2026-05-15T09:34:42Z" user="OSMnx" lat="53.3196868" uid="1" id="3063184664" version="1" lon="-6.2616811" visible="true" /><node changeset="1" timestamp="2026-05-15T09:34:42Z" user="OSMnx" lat="53.3174203" uid="1" id="3063184687" version="1" lon="-6.2589162" visible="true" /><node changeset="1" timestamp="2026-05-15T09:34:42Z" user="OSMnx" lat="53.3297872" uid="1" id="3066520361" version="1" lon="-6.2678809" visible="true" /><node changeset="1" timestamp="2026-05-15T09:34:42Z" user="OSMnx" lat="53.3284869" uid="1" id="3071858926" version="1" lon="-6.2588287" visible="true" /><node changeset="1" timestamp="2026-05-15T09:34:42Z" user="OSMnx" lat="53.3292019" uid="1" id="3071906715" version="1" lon="-6.2542125" visible="true" /><node changeset="1" timestamp="2026-05-15T09:34:42Z" user="OSMnx" lat="53.3272019" uid="1" id="3071935400" version="1" lon="-6.2629204" visible="true" /><node changeset="1" timestamp="2026-05-15T09:34:42Z" user="OSMnx" lat="53.3220225" uid="1" id="3076890604" version="1" lon="-6.2645402" visible="true" /><node changeset="1" timestamp="2026-05-15T09:34:42Z" user="OSMnx" lat="53.3222828" uid="1" id="3076890608" version="1" lon="-6.2646815" visible="true" /><node changeset="1" timestamp="2026-05-15T09:34:42Z" user="OSMnx" lat="53.3260629" uid="1" id="3079127657" version="1" lon="-6.2592955" visible="true" /><node changeset="1" timestamp="2026-05-15T09:34:42Z" user="OSMnx" lat="53.3223982" uid="1" id="3084491466" version="1" lon="-6.2620773" visible="true" /><node changeset="1" timestamp="2026-05-15T09:34:42Z" user="OSMnx" lat="53.3147077" uid="1" id="3095396661" version="1" lon="-6.261012" visible="true" /><node changeset="1" timestamp="2026-05-15T09:34:42Z" user="OSMnx" lat="53.3147049" uid="1" id="3095396665" version="1" lon="-6.2610974" visible="true" /><node changeset="1" timestamp="2026-05-15T09:34:42Z" user="OSMnx" lat="53.3140499" uid="1" id="3095396672" version="1" lon="-6.2600762" visible="true" /><node changeset="1" timestamp="2026-05-15T09:34:42Z" user="OSMnx" lat="53.3140228" uid="1" id="3095396673" version="1" lon="-6.2608904" visible="true" /><node changeset="1" timestamp="2026-05-15T09:34:42Z" user="OSMnx" lat="53.3140475" uid="1" id="3095396674" version="1" lon="-6.2599591" visible="true" /><node changeset="1" timestamp="2026-05-15T09:34:42Z" user="OSMnx" lat="53.3140872" uid="1" id="3095396675" version="1" lon="-6.260001" visible="true" /><node changeset="1" timestamp="2026-05-15T09:34:42Z" user="OSMnx" lat="53.3139574" uid="1" id="3095396676" version="1" lon="-6.2609641" visible="true" /><node changeset="1" timestamp="2026-05-15T09:34:42Z" user="OSMnx" lat="53.3239973" uid="1" id="3107853225" version="1" lon="-6.2664963" visible="true" /><node changeset="1" timestamp="2026-05-15T09:34:42Z" user="OSMnx" lat="53.3136386" uid="1" id="3113100744" version="1" lon="-6.263948" visible="true" /><node changeset="1" timestamp="2026-05-15T09:34:42Z" user="OSMnx" lat="53.3142438" uid="1" id="3115546717" version="1" lon="-6.2642693" visible="true" /><node changeset="1" timestamp="2026-05-15T09:34:42Z" user="OSMnx" lat="53.3174017" uid="1" id="3115606952" version="1" lon="-6.2649427" visible="true" /><node changeset="1" timestamp="2026-05-15T09:34:42Z" user="OSMnx" lat="53.3271664" uid="1" id="3126965058" version="1" lon="-6.2581761" visible="true" /><node changeset="1" timestamp="2026-05-15T09:34:42Z" user="OSMnx" lat="53.327053" uid="1" id="3126965059" version="1" lon="-6.2583624" visible="true" /><node changeset="1" timestamp="2026-05-15T09:34:42Z" user="OSMnx" lat="53.327034" uid="1" id="3126965060" version="1" lon="-6.2584357" visible="true" /><node changeset="1" timestamp="2026-05-15T09:34:42Z" user="OSMnx" lat="53.3320489" uid="1" id="3162664038" version="1" lon="-6.2691187" visible="true" /><node changeset="1" timestamp="2026-05-15T09:34:42Z" user="OSMnx" lat="53.3286339" uid="1" id="3169195638" version="1" lon="-6.2653742" visible="true" /><node changeset="1" timestamp="2026-05-15T09:34:42Z" user="OSMnx" lat="53.3292208" uid="1" id="3169195642" version="1" lon="-6.2652926" visible="true" /><node changeset="1" timestamp="2026-05-15T09:34:42Z" user="OSMnx" lat="53.3287321" uid="1" id="3169195644" version="1" lon="-6.2658627" visible="true" /><node changeset="1" timestamp="2026-05-15T09:34:42Z" user="OSMnx" lat="53.3304571" uid="1" id="3232427098" version="1" lon="-6.2601699" visible="true" /><node changeset="1" timestamp="2026-05-15T09:34:42Z" user="OSMnx" lat="53.3222732" uid="1" id="3249771206" version="1" lon="-6.2478547" visible="true" /><node changeset="1" timestamp="2026-05-15T09:34:42Z" user="OSMnx" lat="53.3198427" uid="1" id="3250109956" version="1" lon="-6.2496426" visible="true" /><node changeset="1" timestamp="2026-05-15T09:34:42Z" user="OSMnx" lat="53.3337875" uid="1" id="3311136961" version="1" lon="-6.2650579" visible="true" /><node changeset="1" timestamp="2026-05-15T09:34:42Z" user="OSMnx" lat="53.3301878" uid="1" id="3393157382" version="1" lon="-6.2642883" visible="true" /><node changeset="1" timestamp="2026-05-15T09:34:42Z" user="OSMnx" lat="53.3296817" uid="1" id="3404167525" version="1" lon="-6.2504659" visible="true" /><node changeset="1" timestamp="2026-05-15T09:34:42Z" user="OSMnx" lat="53.3318978" uid="1" id="3417266864" version="1" lon="-6.2352786" visible="true" /><node changeset="1" timestamp="2026-05-15T09:34:42Z" user="OSMnx" lat="53.3319602" uid="1" id="3417266865" version="1" lon="-6.2355201" visible="true" /><node changeset="1" timestamp="2026-05-15T09:34:42Z" user="OSMnx" lat="53.3180149" uid="1" id="3417476987" version="1" lon="-6.2432794" visible="true" /><node changeset="1" timestamp="2026-05-15T09:34:42Z" user="OSMnx" lat="53.3188866" uid="1" id="3426503361" version="1" lon="-6.2356132" visible="true" /><node changeset="1" timestamp="2026-05-15T09:34:42Z" user="OSMnx" lat="53.3324982" uid="1" id="3451017457" version="1" lon="-6.2604196" visible="true" /><node changeset="1" timestamp="2026-05-15T09:34:42Z" user="OSMnx" lat="53.3323628" uid="1" id="3451017459" version="1" lon="-6.2603838" visible="true" /><node changeset="1" timestamp="2026-05-15T09:34:42Z" user="OSMnx" lat="53.3322503" uid="1" id="3451017460" version="1" lon="-6.2603496" visible="true" /><node changeset="1" timestamp="2026-05-15T09:34:42Z" user="OSMnx" lat="53.3321639" uid="1" id="3451017461" version="1" lon="-6.2602997" visible="true" /><node changeset="1" timestamp="2026-05-15T09:34:42Z" user="OSMnx" lat="53.3320964" uid="1" id="3451017463" version="1" lon="-6.2602444" visible="true"><tag k="highway" v="crossing" /></node><node changeset="1" timestamp="2026-05-15T09:34:42Z" user="OSMnx" lat="53.3319839" uid="1" id="3451017464" version="1" lon="-6.2601145" visible="true" /><node changeset="1" timestamp="2026-05-15T09:34:42Z" user="OSMnx" lat="53.3318933" uid="1" id="3451017465" version="1" lon="-6.2599625" visible="true" /><node changeset="1" timestamp="2026-05-15T09:34:42Z" user="OSMnx" lat="53.3318955" uid="1" id="3451058084" version="1" lon="-6.2599201" visible="true"><tag k="railway" v="tram_level_crossing" /></node><node changeset="1" timestamp="2026-05-15T09:34:42Z" user="OSMnx" lat="53.3340907" uid="1" id="3451336529" version="1" lon="-6.2629432" visible="true"><tag k="railway" v="tram_level_crossing" /></node><node changeset="1" timestamp="2026-05-15T09:34:42Z" user="OSMnx" lat="53.3211344" uid="1" id="3473823023" version="1" lon="-6.2547511" visible="true"><tag k="railway" v="tram_level_crossing" /></node><node changeset="1" timestamp="2026-05-15T09:34:42Z" user="OSMnx" lat="53.3212561" uid="1" id="3493931973" version="1" lon="-6.2657092" visible="true" /><node changeset="1" timestamp="2026-05-15T09:34:42Z" user="OSMnx" lat="53.3184038" uid="1" id="3520951037" version="1" lon="-6.2644298" visible="true" /><node changeset="1" timestamp="2026-05-15T09:34:42Z" user="OSMnx" lat="53.3183299" uid="1" id="3520951040" version="1" lon="-6.2644524" visible="true" /><node changeset="1" timestamp="2026-05-15T09:34:42Z" user="OSMnx" lat="53.3206217" uid="1" id="3520960824" version="1" lon="-6.2660587" visible="true" /><node changeset="1" timestamp="2026-05-15T09:34:42Z" user="OSMnx" lat="53.3327851" uid="1" id="3546742575" version="1" lon="-6.2607013" visible="true" /><node changeset="1" timestamp="2026-05-15T09:34:42Z" user="OSMnx" lat="53.3217999" uid="1" id="3586229244" version="1" lon="-6.2659756" visible="true"><tag k="highway" v="traffic_signals" /></node><node changeset="1" timestamp="2026-05-15T09:34:42Z" user="OSMnx" lat="53.321715" uid="1" id="3586229245" version="1" lon="-6.2657986" visible="true"><tag k="highway" v="crossing" /></node><node changeset="1" timestamp="2026-05-15T09:34:42Z" user="OSMnx" lat="53.3215674" uid="1" id="3586229246" version="1" lon="-6.2659699" visible="true" /><node changeset="1" timestamp="2026-05-15T09:34:42Z" user="OSMnx" lat="53.3215612" uid="1" id="3586229247" version="1" lon="-6.2658911" visible="true" /><node changeset="1" timestamp="2026-05-15T09:34:42Z" user="OSMnx" lat="53.321775" uid="1" id="3586229248" version="1" lon="-6.2658202" visible="true" /><node changeset="1" timestamp="2026-05-15T09:34:42Z" user="OSMnx" lat="53.3216724" uid="1" id="3586229255" version="1" lon="-6.2659305" visible="true"><tag k="highway" v="crossing" /></node><node changeset="1" timestamp="2026-05-15T09:34:42Z" user="OSMnx" lat="53.3216531" uid="1" id="3586229257" version="1" lon="-6.2660392" visible="true"><tag k="highway" v="crossing" /></node><node changeset="1" timestamp="2026-05-15T09:34:42Z" user="OSMnx" lat="53.3247234" uid="1" id="3596719693" version="1" lon="-6.2673843" visible="true" /><node changeset="1" timestamp="2026-05-15T09:34:42Z" user="OSMnx" lat="53.3247183" uid="1" id="3596719696" version="1" lon="-6.26731" visible="true" /><node changeset="1" timestamp="2026-05-15T09:34:42Z" user="OSMnx" lat="53.3268902" uid="1" id="3596719766" version="1" lon="-6.2655956" visible="true" /><node changeset="1" timestamp="2026-05-15T09:34:42Z" user="OSMnx" lat="53.3268801" uid="1" id="3596719777" version="1" lon="-6.2666644" visible="true" /><node changeset="1" timestamp="2026-05-15T09:34:42Z" user="OSMnx" lat="53.3263023" uid="1" id="3596719896" version="1" lon="-6.2666129" visible="true" /><node changeset="1" timestamp="2026-05-15T09:34:42Z" user="OSMnx" lat="53.3257352" uid="1" id="3597466587" version="1" lon="-6.2667267" visible="true" /><node changeset="1" timestamp="2026-05-15T09:34:42Z" user="OSMnx" lat="53.3257814" uid="1" id="3597490664" version="1" lon="-6.2667174" visible="true" /><node changeset="1" timestamp="2026-05-15T09:34:42Z" user="OSMnx" lat="53.3259074" uid="1" id="3597490687" version="1" lon="-6.2666913" visible="true" /><node changeset="1" timestamp="2026-05-15T09:34:42Z" user="OSMnx" lat="53.3256495" uid="1" id="3597709698" version="1" lon="-6.2636232" visible="true" /><node changeset="1" timestamp="2026-05-15T09:34:42Z" user="OSMnx" lat="53.3321567" uid="1" id="3634435785" version="1" lon="-6.260323" visible="true"><tag k="railway" v="tram_level_crossing" /></node><node changeset="1" timestamp="2026-05-15T09:34:42Z" user="OSMnx" lat="53.3327845" uid="1" id="3634435788" version="1" lon="-6.2607187" visible="true"><tag k="railway" v="tram_level_crossing" /></node><node changeset="1" timestamp="2026-05-15T09:34:42Z" user="OSMnx" lat="53.3303091" uid="1" id="3645616993" version="1" lon="-6.2627225" visible="true" /><node changeset="1" timestamp="2026-05-15T09:34:42Z" user="OSMnx" lat="53.3288605" uid="1" id="3647213449" version="1" lon="-6.2355717" visible="true" /><node changeset="1" timestamp="2026-05-15T09:34:42Z" user="OSMnx" lat="53.3259703" uid="1" id="3648064316" version="1" lon="-6.2533376" visible="true" /><node changeset="1" timestamp="2026-05-15T09:34:42Z" user="OSMnx" lat="53.325282" uid="1" id="3659259224" version="1" lon="-6.2550608" visible="true"><tag k="highway" v="traffic_signals" /></node><node changeset="1" timestamp="2026-05-15T09:34:42Z" user="OSMnx" lat="53.3252119" uid="1" id="3659265226" version="1" lon="-6.2549322" visible="true"><tag k="highway" v="crossing" /></node><node changeset="1" timestamp="2026-05-15T09:34:42Z" user="OSMnx" lat="53.3251372" uid="1" id="3659265229" version="1" lon="-6.2545609" visible="true" /><node changeset="1" timestamp="2026-05-15T09:34:42Z" user="OSMnx" lat="53.3301366" uid="1" id="3663521229" version="1" lon="-6.2499563" visible="true" /><node changeset="1" timestamp="2026-05-15T09:34:42Z" user="OSMnx" lat="53.3274948" uid="1" id="3723639130" version="1" lon="-6.2442486" visible="true" /><node changeset="1" timestamp="2026-05-15T09:34:42Z" user="OSMnx" lat="53.3259374" uid="1" id="3724596685" version="1" lon="-6.2515591" visible="true" /><node changeset="1" timestamp="2026-05-15T09:34:42Z" user="OSMnx" lat="53.3235199" uid="1" id="3724985404" version="1" lon="-6.2504034" visible="true" /><node changeset="1" timestamp="2026-05-15T09:34:42Z" user="OSMnx" lat="53.3273277" uid="1" id="3724985423" version="1" lon="-6.26154" visible="true" /><node changeset="1" timestamp="2026-05-15T09:34:42Z" user="OSMnx" lat="53.3285866" uid="1" id="3724987030" version="1" lon="-6.264529" visible="true" /><node changeset="1" timestamp="2026-05-15T09:34:42Z" user="OSMnx" lat="53.3307306" uid="1" id="3724987042" version="1" lon="-6.2511009" visible="true" /><node changeset="1" timestamp="2026-05-15T09:34:42Z" user="OSMnx" lat="53.3203688" uid="1" id="3725140791" version="1" lon="-6.2595652" visible="true" /><node changeset="1" timestamp="2026-05-15T09:34:42Z" user="OSMnx" lat="53.3208944" uid="1" id="3729342050" version="1" lon="-6.2529401" visible="true" /><node changeset="1" timestamp="2026-05-15T09:34:42Z" user="OSMnx" lat="53.3221834" uid="1" id="3729342081" version="1" lon="-6.2531733" visible="true" /><node changeset="1" timestamp="2026-05-15T09:34:42Z" user="OSMnx" lat="53.3224948" uid="1" id="3729342107" version="1" lon="-6.253095" visible="true" /><node changeset="1" timestamp="2026-05-15T09:34:42Z" user="OSMnx" lat="53.3235972" uid="1" id="3731536602" version="1" lon="-6.2552056" visible="true" /><node changeset="1" timestamp="2026-05-15T09:34:42Z" user="OSMnx" lat="53.3239853" uid="1" id="3731536603" version="1" lon="-6.2553343" visible="true" /><node changeset="1" timestamp="2026-05-15T09:34:42Z" user="OSMnx" lat="53.324189" uid="1" id="3731536604" version="1" lon="-6.2554103" visible="true" /><node changeset="1" timestamp="2026-05-15T09:34:42Z" user="OSMnx" lat="53.3245947" uid="1" id="3731536608" version="1" lon="-6.2550071" visible="true" /><node changeset="1" timestamp="2026-05-15T09:34:42Z" user="OSMnx" lat="53.322714" uid="1" id="3731542127" version="1" lon="-6.2564886" visible="true" /><node changeset="1" timestamp="2026-05-15T09:34:42Z" user="OSMnx" lat="53.324785" uid="1" id="3731542129" version="1" lon="-6.2560067" visible="true" /><node changeset="1" timestamp="2026-05-15T09:34:42Z" user="OSMnx" lat="53.3211741" uid="1" id="3731545505" version="1" lon="-6.2553308" visible="true" /><node changeset="1" timestamp="2026-05-15T09:34:42Z" user="OSMnx" lat="53.3211978" uid="1" id="3731545506" version="1" lon="-6.2557485" visible="true" /><node changeset="1" timestamp="2026-05-15T09:34:42Z" user="OSMnx" lat="53.321414" uid="1" id="3731545507" version="1" lon="-6.2559929" visible="true" /><node changeset="1" timestamp="2026-05-15T09:34:42Z" user="OSMnx" lat="53.3216716" uid="1" id="3731545508" version="1" lon="-6.2561303" visible="true" /><node changeset="1" timestamp="2026-05-15T09:34:42Z" user="OSMnx" lat="53.3217015" uid="1" id="3731545509" version="1" lon="-6.2554746" visible="true"><tag k="highway" v="turning_circle" /></node><node changeset="1" timestamp="2026-05-15T09:34:42Z" user="OSMnx" lat="53.3216938" uid="1" id="3731545510" version="1" lon="-6.2560363" visible="true" /><node changeset="1" timestamp="2026-05-15T09:34:42Z" user="OSMnx" lat="53.3217054" uid="1" id="3731545511" version="1" lon="-6.2555663" visible="true" /><node changeset="1" timestamp="2026-05-15T09:34:42Z" user="OSMnx" lat="53.3217114" uid="1" id="3731545512" version="1" lon="-6.2559107" visible="true" /><node changeset="1" timestamp="2026-05-15T09:34:42Z" user="OSMnx" lat="53.3217151" uid="1" id="3731545513" version="1" lon="-6.2557634" visible="true" /><node changeset="1" timestamp="2026-05-15T09:34:42Z" user="OSMnx" lat="53.3228394" uid="1" id="3731545514" version="1" lon="-6.2557141" visible="true" /><node changeset="1" timestamp="2026-05-15T09:34:42Z" user="OSMnx" lat="53.3229126" uid="1" id="3731545515" version="1" lon="-6.2554963" visible="true" /><node changeset="1" timestamp="2026-05-15T09:34:42Z" user="OSMnx" lat="53.3229442" uid="1" id="3731545516" version="1" lon="-6.2557401" visible="true" /><node changeset="1" timestamp="2026-05-15T09:34:42Z" user="OSMnx" lat="53.3229811" uid="1" id="3731545517" version="1" lon="-6.2554839" visible="true" /><node changeset="1" timestamp="2026-05-15T09:34:42Z" user="OSMnx" lat="53.3231356" uid="1" id="3731546033" version="1" lon="-6.2557732" visible="true" /><node changeset="1" timestamp="2026-05-15T09:34:42Z" user="OSMnx" lat="53.324179" uid="1" id="3731552604" version="1" lon="-6.2521989" visible="true"><tag k="highway" v="crossing" /></node><node changeset="1" timestamp="2026-05-15T09:34:42Z" user="OSMnx" lat="53.3242192" uid="1" id="3731552605" version="1" lon="-6.2527193" visible="true" /><node changeset="1" timestamp="2026-05-15T09:34:42Z" user="OSMnx" lat="53.3243845" uid="1" id="3731552611" version="1" lon="-6.2526752" visible="true"><tag k="highway" v="crossing" /></node><node changeset="1" timestamp="2026-05-15T09:34:42Z" user="OSMnx" lat="53.324418" uid="1" id="3731552612" version="1" lon="-6.2529199" visible="true" /><node changeset="1" timestamp="2026-05-15T09:34:42Z" user="OSMnx" lat="53.3245766" uid="1" id="3731553126" version="1" lon="-6.2524959" visible="true" /><node changeset="1" timestamp="2026-05-15T09:34:42Z" user="OSMnx" lat="53.3247592" uid="1" id="3731553136" version="1" lon="-6.2539937" visible="true" /><node changeset="1" timestamp="2026-05-15T09:34:42Z" user="OSMnx" lat="53.3248931" uid="1" id="3731553138" version="1" lon="-6.253775" visible="true" /><node changeset="1" timestamp="2026-05-15T09:34:42Z" user="OSMnx" lat="53.3242143" uid="1" id="3732290493" version="1" lon="-6.2554116" visible="true" /><node changeset="1" timestamp="2026-05-15T09:34:42Z" user="OSMnx" lat="53.3246804" uid="1" id="3732290519" version="1" lon="-6.2561447" visible="true"><tag k="highway" v="give_way" /></node><node changeset="1" timestamp="2026-05-15T09:34:42Z" user="OSMnx" lat="53.3265111" uid="1" id="3733066147" version="1" lon="-6.2563355" visible="true" /><node changeset="1" timestamp="2026-05-15T09:34:42Z" user="OSMnx" lat="53.3227935" uid="1" id="3733126217" version="1" lon="-6.2544579" visible="true" /><node changeset="1" timestamp="2026-05-15T09:34:42Z" user="OSMnx" lat="53.3229015" uid="1" id="3733126226" version="1" lon="-6.2544248" visible="true" /><node changeset="1" timestamp="2026-05-15T09:34:42Z" user="OSMnx" lat="53.3185419" uid="1" id="3733330344" version="1" lon="-6.2492302" visible="true" /><node changeset="1" timestamp="2026-05-15T09:34:42Z" user="OSMnx" lat="53.3189056" uid="1" id="3733330345" version="1" lon="-6.2493329" visible="true" /><node changeset="1" timestamp="2026-05-15T09:34:42Z" user="OSMnx" lat="53.3194949" uid="1" id="3733330346" version="1" lon="-6.2494291" visible="true" /><node changeset="1" timestamp="2026-05-15T09:34:42Z" user="OSMnx" lat="53.3202795" uid="1" id="3733330347" version="1" lon="-6.2491902" visible="true" /><node changeset="1" timestamp="2026-05-15T09:34:42Z" user="OSMnx" lat="53.3204349" uid="1" id="3733330348" version="1" lon="-6.2511195" visible="true" /><node changeset="1" timestamp="2026-05-15T09:34:42Z" user="OSMnx" lat="53.3204558" uid="1" id="3733330349" version="1" lon="-6.2508446" visible="true" /><node changeset="1" timestamp="2026-05-15T09:34:42Z" user="OSMnx" lat="53.3204681" uid="1" id="3733330350" version="1" lon="-6.2507048" visible="true" /><node changeset="1" timestamp="2026-05-15T09:34:42Z" user="OSMnx" lat="53.3205439" uid="1" id="3733330351" version="1" lon="-6.2504148" visible="true" /><node changeset="1" timestamp="2026-05-15T09:34:42Z" user="OSMnx" lat="53.3205888" uid="1" id="3733330352" version="1" lon="-6.2502724" visible="true" /><node changeset="1" timestamp="2026-05-15T09:34:42Z" user="OSMnx" lat="53.3206582" uid="1" id="3733330353" version="1" lon="-6.2498629" visible="true" /><node changeset="1" timestamp="2026-05-15T09:34:42Z" user="OSMnx" lat="53.3206702" uid="1" id="3733330354" version="1" lon="-6.2491212" visible="true"><tag k="highway" v="give_way" /></node><node changeset="1" timestamp="2026-05-15T09:34:42Z" user="OSMnx" lat="53.320679" uid="1" id="3733330355" version="1" lon="-6.2492096" visible="true" /><node changeset="1" timestamp="2026-05-15T09:34:42Z" user="OSMnx" lat="53.3206895" uid="1" id="3733330356" version="1" lon="-6.2496256" visible="true" /><node changeset="1" timestamp="2026-05-15T09:34:42Z" user="OSMnx" lat="53.320703" uid="1" id="3733330357" version="1" lon="-6.2493524" visible="true" /><node changeset="1" timestamp="2026-05-15T09:34:42Z" user="OSMnx" lat="53.3207101" uid="1" id="3733330358" version="1" lon="-6.2494457" visible="true" /><node changeset="1" timestamp="2026-05-15T09:34:42Z" user="OSMnx" lat="53.320697" uid="1" id="3733330359" version="1" lon="-6.2484659" visible="true" /><node changeset="1" timestamp="2026-05-15T09:34:42Z" user="OSMnx" lat="53.3209402" uid="1" id="3733330360" version="1" lon="-6.248986" visible="true" /><node changeset="1" timestamp="2026-05-15T09:34:42Z" user="OSMnx" lat="53.3212697" uid="1" id="3733330377" version="1" lon="-6.2488989" visible="true" /><node changeset="1" timestamp="2026-05-15T09:34:42Z" user="OSMnx" lat="53.3219469" uid="1" id="3733330409" version="1" lon="-6.2476122" visible="true" /><node changeset="1" timestamp="2026-05-15T09:34:42Z" user="OSMnx" lat="53.3223217" uid="1" id="3733330410" version="1" lon="-6.2510974" visible="true" /><node changeset="1" timestamp="2026-05-15T09:34:42Z" user="OSMnx" lat="53.3231244" uid="1" id="3733330420" version="1" lon="-6.2504508" visible="true" /><node changeset="1" timestamp="2026-05-15T09:34:42Z" user="OSMnx" lat="53.3232201" uid="1" id="3733330423" version="1" lon="-6.2492153" visible="true" /><node changeset="1" timestamp="2026-05-15T09:34:42Z" user="OSMnx" lat="53.3225812" uid="1" id="3734242255" version="1" lon="-6.2519802" visible="true" /><node changeset="1" timestamp="2026-05-15T09:34:42Z" user="OSMnx" lat="53.3227414" uid="1" id="3734242257" version="1" lon="-6.2501898" visible="true" /><node changeset="1" timestamp="2026-05-15T09:34:42Z" user="OSMnx" lat="53.3232513" uid="1" id="3734242269" version="1" lon="-6.2516199" visible="true" /><node changeset="1" timestamp="2026-05-15T09:34:42Z" user="OSMnx" lat="53.3232619" uid="1" id="3734242271" version="1" lon="-6.2512323" visible="true" /><node changeset="1" timestamp="2026-05-15T09:34:42Z" user="OSMnx" lat="53.3232831" uid="1" id="3734242272" version="1" lon="-6.2517846" visible="true" /><node changeset="1" timestamp="2026-05-15T09:34:42Z" user="OSMnx" lat="53.318241" uid="1" id="3734610395" version="1" lon="-6.2467592" visible="true" /><node changeset="1" timestamp="2026-05-15T09:34:42Z" user="OSMnx" lat="53.31936" uid="1" id="3734610396" version="1" lon="-6.2448049" visible="true" /><node changeset="1" timestamp="2026-05-15T09:34:42Z" user="OSMnx" lat="53.319363" uid="1" id="3734610397" version="1" lon="-6.2446198" visible="true" /><node changeset="1" timestamp="2026-05-15T09:34:42Z" user="OSMnx" lat="53.3194024" uid="1" id="3734610398" version="1" lon="-6.2450178" visible="true" /><node changeset="1" timestamp="2026-05-15T09:34:42Z" user="OSMnx" lat="53.3194433" uid="1" id="3734610399" version="1" lon="-6.2444449" visible="true" /><node changeset="1" timestamp="2026-05-15T09:34:42Z" user="OSMnx" lat="53.3195826" uid="1" id="3734610400" version="1" lon="-6.2442649" visible="true" /><node changeset="1" timestamp="2026-05-15T09:34:42Z" user="OSMnx" lat="53.3196659" uid="1" id="3734610401" version="1" lon="-6.2459962" visible="true" /><node changeset="1" timestamp="2026-05-15T09:34:42Z" user="OSMnx" lat="53.3278827" uid="1" id="3738797763" version="1" lon="-6.2437307" visible="true" /><node changeset="1" timestamp="2026-05-15T09:34:42Z" user="OSMnx" lat="53.3324551" uid="1" id="3738797765" version="1" lon="-6.2391981" visible="true" /><node changeset="1" timestamp="2026-05-15T09:34:42Z" user="OSMnx" lat="53.3213978" uid="1" id="3756259173" version="1" lon="-6.2397097" visible="true" /><node changeset="1" timestamp="2026-05-15T09:34:42Z" user="OSMnx" lat="53.3297352" uid="1" id="3772637550" version="1" lon="-6.2602671" visible="true" /><node changeset="1" timestamp="2026-05-15T09:34:42Z" user="OSMnx" lat="53.3307496" uid="1" id="3810569075" version="1" lon="-6.2581598" visible="true" /><node changeset="1" timestamp="2026-05-15T09:34:42Z" user="OSMnx" lat="53.3349638" uid="1" id="3814442115" version="1" lon="-6.2464062" visible="true" /><node changeset="1" timestamp="2026-05-15T09:34:42Z" user="OSMnx" lat="53.3350123" uid="1" id="3815927776" version="1" lon="-6.2462765" visible="true" /><node changeset="1" timestamp="2026-05-15T09:34:42Z" user="OSMnx" lat="53.3304178" uid="1" id="3821966538" version="1" lon="-6.258662" visible="true" /><node changeset="1" timestamp="2026-05-15T09:34:42Z" user="OSMnx" lat="53.3301632" uid="1" id="3821966544" version="1" lon="-6.2608789" visible="true" /><node changeset="1" timestamp="2026-05-15T09:34:42Z" user="OSMnx" lat="53.3292298" uid="1" id="3821966552" version="1" lon="-6.2602647" visible="true" /><node changeset="1" timestamp="2026-05-15T09:34:42Z" user="OSMnx" lat="53.3344976" uid="1" id="3889003904" version="1" lon="-6.2553586" visible="true" /><node changeset="1" timestamp="2026-05-15T09:34:42Z" user="OSMnx" lat="53.3346632" uid="1" id="3893881531" version="1" lon="-6.26526" visible="true"><tag k="highway" v="crossing" /></node><node changeset="1" timestamp="2026-05-15T09:34:42Z" user="OSMnx" lat="53.3168378" uid="1" id="3939508582" version="1" lon="-6.2672265" visible="true" /><node changeset="1" timestamp="2026-05-15T09:34:42Z" user="OSMnx" lat="53.3318759" uid="1" id="4009924045" version="1" lon="-6.2590678" visible="true"><tag k="highway" v="turning_circle" /></node><node changeset="1" timestamp="2026-05-15T09:34:42Z" user="OSMnx" lat="53.3211361" uid="1" id="4010014238" version="1" lon="-6.2540758" visible="true"><tag k="highway" v="stop" /></node><node changeset="1" timestamp="2026-05-15T09:34:42Z" user="OSMnx" lat="53.3286244" uid="1" id="4022222472" version="1" lon="-6.2653247" visible="true" /><node changeset="1" timestamp="2026-05-15T09:34:42Z" user="OSMnx" lat="53.3285938" uid="1" id="4022222476" version="1" lon="-6.2651749" visible="true" /><node changeset="1" timestamp="2026-05-15T09:34:42Z" user="OSMnx" lat="53.332496" uid="1" id="4077343910" version="1" lon="-6.2520662" visible="true" /><node changeset="1" timestamp="2026-05-15T09:34:42Z" user="OSMnx" lat="53.33328" uid="1" id="4077343915" version="1" lon="-6.2500162" visible="true" /><node changeset="1" timestamp="2026-05-15T09:34:42Z" user="OSMnx" lat="53.3339614" uid="1" id="4077343936" version="1" lon="-6.2492031" visible="true" /><node changeset="1" timestamp="2026-05-15T09:34:42Z" user="OSMnx" lat="53.3309509" uid="1" id="4122516147" version="1" lon="-6.2588504" visible="true" /><node changeset="1" timestamp="2026-05-15T09:34:42Z" user="OSMnx" lat="53.3162125" uid="1" id="4196298290" version="1" lon="-6.2559465" visible="true" /><node changeset="1" timestamp="2026-05-15T09:34:42Z" user="OSMnx" lat="53.3162224" uid="1" id="4196298291" version="1" lon="-6.2557113" visible="true" /><node changeset="1" timestamp="2026-05-15T09:34:42Z" user="OSMnx" lat="53.316117" uid="1" id="4211592587" version="1" lon="-6.2591703" visible="true" /><node changeset="1" timestamp="2026-05-15T09:34:42Z" user="OSMnx" lat="53.3162438" uid="1" id="4211592588" version="1" lon="-6.2547003" visible="true" /><node changeset="1" timestamp="2026-05-15T09:34:42Z" user="OSMnx" lat="53.3157094" uid="1" id="4211614825" version="1" lon="-6.2651775" visible="true" /><node changeset="1" timestamp="2026-05-15T09:34:42Z" user="OSMnx" lat="53.3175455" uid="1" id="4211614826" version="1" lon="-6.267057" visible="true" /><node changeset="1" timestamp="2026-05-15T09:34:42Z" user="OSMnx" lat="53.317898" uid="1" id="4211614827" version="1" lon="-6.2647856" visible="true" /><node changeset="1" timestamp="2026-05-15T09:34:42Z" user="OSMnx" lat="53.3155159" uid="1" id="4211638780" version="1" lon="-6.2631262" visible="true" /><node changeset="1" timestamp="2026-05-15T09:34:42Z" user="OSMnx" lat="53.3163712" uid="1" id="4211639642" version="1" lon="-6.2640367" visible="true" /><node changeset="1" timestamp="2026-05-15T09:34:42Z" user="OSMnx" lat="53.3164114" uid="1" id="4211639643" version="1" lon="-6.2640341" visible="true" /><node changeset="1" timestamp="2026-05-15T09:34:42Z" user="OSMnx" lat="53.3171615" uid="1" id="4211639644" version="1" lon="-6.2637126" visible="true" /><node changeset="1" timestamp="2026-05-15T09:34:42Z" user="OSMnx" lat="53.3161734" uid="1" id="4211640964" version="1" lon="-6.2574193" visible="true" /><node changeset="1" timestamp="2026-05-15T09:34:42Z" user="OSMnx" lat="53.3162502" uid="1" id="4211646637" version="1" lon="-6.254535" visible="true" /><node changeset="1" timestamp="2026-05-15T09:34:42Z" user="OSMnx" lat="53.3156185" uid="1" id="4212316976" version="1" lon="-6.2542091" visible="true" /><node changeset="1" timestamp="2026-05-15T09:34:42Z" user="OSMnx" lat="53.3137237" uid="1" id="4212320954" version="1" lon="-6.2537503" visible="true" /><node changeset="1" timestamp="2026-05-15T09:34:42Z" user="OSMnx" lat="53.3135252" uid="1" id="4212320955" version="1" lon="-6.2537345" visible="true" /><node changeset="1" timestamp="2026-05-15T09:34:42Z" user="OSMnx" lat="53.3343669" uid="1" id="4215040052" version="1" lon="-6.2553572" visible="true"><tag k="highway" v="stop" /></node><node changeset="1" timestamp="2026-05-15T09:34:42Z" user="OSMnx" lat="53.3237728" uid="1" id="4217685694" version="1" lon="-6.2689687" visible="true" /><node changeset="1" timestamp="2026-05-15T09:34:42Z" user="OSMnx" lat="53.3260619" uid="1" id="4222251484" version="1" lon="-6.2592517" visible="true" /><node changeset="1" timestamp="2026-05-15T09:34:42Z" user="OSMnx" lat="53.3297669" uid="1" id="4222297183" version="1" lon="-6.2563793" visible="true" /><node changeset="1" timestamp="2026-05-15T09:34:42Z" user="OSMnx" lat="53.3290858" uid="1" id="4222394790" version="1" lon="-6.2578498" visible="true" /><node changeset="1" timestamp="2026-05-15T09:34:42Z" user="OSMnx" lat="53.3252736" uid="1" id="4242269938" version="1" lon="-6.2596387" visible="true" /><node changeset="1" timestamp="2026-05-15T09:34:42Z" user="OSMnx" lat="53.3252675" uid="1" id="4242269939" version="1" lon="-6.2597725" visible="true" /><node changeset="1" timestamp="2026-05-15T09:34:42Z" user="OSMnx" lat="53.3268888" uid="1" id="4242286139" version="1" lon="-6.2663155" visible="true" /><node changeset="1" timestamp="2026-05-15T09:34:42Z" user="OSMnx" lat="53.3280544" uid="1" id="4242297943" version="1" lon="-6.2634975" visible="true" /><node changeset="1" timestamp="2026-05-15T09:34:42Z" user="OSMnx" lat="53.3305533" uid="1" id="4265843783" version="1" lon="-6.2588326" visible="true" /><node changeset="1" timestamp="2026-05-15T09:34:42Z" user="OSMnx" lat="53.3283914" uid="1" id="4275562307" version="1" lon="-6.2506785" visible="true" /><node changeset="1" timestamp="2026-05-15T09:34:42Z" user="OSMnx" lat="53.3215218" uid="1" id="4299733641" version="1" lon="-6.2365475" visible="true" /><node changeset="1" timestamp="2026-05-15T09:34:42Z" user="OSMnx" lat="53.3326603" uid="1" id="4329853453" version="1" lon="-6.2411376" visible="true" /><node changeset="1" timestamp="2026-05-15T09:34:42Z" user="OSMnx" lat="53.3175254" uid="1" id="4337913226" version="1" lon="-6.2648907" visible="true" /><node changeset="1" timestamp="2026-05-15T09:34:42Z" user="OSMnx" lat="53.3167879" uid="1" id="4337913236" version="1" lon="-6.2661818" visible="true" /><node changeset="1" timestamp="2026-05-15T09:34:42Z" user="OSMnx" lat="53.3294748" uid="1" id="4345141294" version="1" lon="-6.2363691" visible="true" /><node changeset="1" timestamp="2026-05-15T09:34:42Z" user="OSMnx" lat="53.329539" uid="1" id="4345141303" version="1" lon="-6.2361406" visible="true" /><node changeset="1" timestamp="2026-05-15T09:34:42Z" user="OSMnx" lat="53.3194058" uid="1" id="4347349134" version="1" lon="-6.2617645" visible="true" /><node changeset="1" timestamp="2026-05-15T09:34:42Z" user="OSMnx" lat="53.315067" uid="1" id="4358175567" version="1" lon="-6.2514205" visible="true" /><node changeset="1" timestamp="2026-05-15T09:34:42Z" user="OSMnx" lat="53.3217724" uid="1" id="4366817983" version="1" lon="-6.2576557" visible="true" /><node changeset="1" timestamp="2026-05-15T09:34:42Z" user="OSMnx" lat="53.3212355" uid="1" id="4366817986" version="1" lon="-6.2578839" visible="true" /><node changeset="1" timestamp="2026-05-15T09:34:42Z" user="OSMnx" lat="53.3211959" uid="1" id="4366817987" version="1" lon="-6.2578637" visible="true" /><node changeset="1" timestamp="2026-05-15T09:34:42Z" user="OSMnx" lat="53.3243694" uid="1" id="4366818295" version="1" lon="-6.2535432" visible="true" /><node changeset="1" timestamp="2026-05-15T09:34:42Z" user="OSMnx" lat="53.3211423" uid="1" id="4368838034" version="1" lon="-6.254919" visible="true" /><node changeset="1" timestamp="2026-05-15T09:34:42Z" user="OSMnx" lat="53.3211374" uid="1" id="4368838035" version="1" lon="-6.2548421" visible="true"><tag k="highway" v="crossing" /></node><node changeset="1" timestamp="2026-05-15T09:34:42Z" user="OSMnx" lat="53.3211465" uid="1" id="4368838037" version="1" lon="-6.2549704" visible="true" /><node changeset="1" timestamp="2026-05-15T09:34:42Z" user="OSMnx" lat="53.3207903" uid="1" id="4368838038" version="1" lon="-6.2557171" visible="true" /><node changeset="1" timestamp="2026-05-15T09:34:42Z" user="OSMnx" lat="53.318892" uid="1" id="4368861995" version="1" lon="-6.256366" visible="true" /><node changeset="1" timestamp="2026-05-15T09:34:42Z" user="OSMnx" lat="53.3208178" uid="1" id="4368865703" version="1" lon="-6.2570741" visible="true" /><node changeset="1" timestamp="2026-05-15T09:34:42Z" user="OSMnx" lat="53.32166" uid="1" id="4368868582" version="1" lon="-6.2580346" visible="true" /><node changeset="1" timestamp="2026-05-15T09:34:42Z" user="OSMnx" lat="53.321565" uid="1" id="4368868583" version="1" lon="-6.2584557" visible="true" /><node changeset="1" timestamp="2026-05-15T09:34:42Z" user="OSMnx" lat="53.3208222" uid="1" id="4368876176" version="1" lon="-6.2580173" visible="true" /><node changeset="1" timestamp="2026-05-15T09:34:42Z" user="OSMnx" lat="53.320216" uid="1" id="4368910509" version="1" lon="-6.2595654" visible="true" /><node changeset="1" timestamp="2026-05-15T09:34:42Z" user="OSMnx" lat="53.3312745" uid="1" id="4379627648" version="1" lon="-6.2515072" visible="true"><tag k="highway" v="crossing" /></node><node changeset="1" timestamp="2026-05-15T09:34:42Z" user="OSMnx" lat="53.3310892" uid="1" id="4379627650" version="1" lon="-6.2513886" visible="true" /><node changeset="1" timestamp="2026-05-15T09:34:42Z" user="OSMnx" lat="53.3278723" uid="1" id="4379776296" version="1" lon="-6.2586939" visible="true" /><node changeset="1" timestamp="2026-05-15T09:34:42Z" user="OSMnx" lat="53.3339321" uid="1" id="4403233714" version="1" lon="-6.2601517" visible="true" /><node changeset="1" timestamp="2026-05-15T09:34:42Z" user="OSMnx" lat="53.3335108" uid="1" id="4403257260" version="1" lon="-6.2586804" visible="true" /><node changeset="1" timestamp="2026-05-15T09:34:42Z" user="OSMnx" lat="53.3220623" uid="1" id="4411216022" version="1" lon="-6.2668697" visible="true" /><node changeset="1" timestamp="2026-05-15T09:34:42Z" user="OSMnx" lat="53.330563" uid="1" id="4452043652" version="1" lon="-6.2661308" visible="true" /><node changeset="1" timestamp="2026-05-15T09:34:42Z" user="OSMnx" lat="53.3339362" uid="1" id="4463711429" version="1" lon="-6.2450331" visible="true"><tag k="highway" v="crossing" /></node><node changeset="1" timestamp="2026-05-15T09:34:42Z" user="OSMnx" lat="53.3310087" uid="1" id="4494907228" version="1" lon="-6.2650844" visible="true" /><node changeset="1" timestamp="2026-05-15T09:34:42Z" user="OSMnx" lat="53.3217439" uid="1" id="4531988057" version="1" lon="-6.2661097" visible="true"><tag k="highway" v="traffic_signals" /></node><node changeset="1" timestamp="2026-05-15T09:34:42Z" user="OSMnx" lat="53.3219921" uid="1" id="4531988058" version="1" lon="-6.2658143" visible="true"><tag k="highway" v="traffic_signals" /></node><node changeset="1" timestamp="2026-05-15T09:34:42Z" user="OSMnx" lat="53.3217625" uid="1" id="4531988074" version="1" lon="-6.2660644" visible="true"><tag k="highway" v="crossing" /></node><node changeset="1" timestamp="2026-05-15T09:34:42Z" user="OSMnx" lat="53.3262858" uid="1" id="4557245708" version="1" lon="-6.2527334" visible="true" /><node changeset="1" timestamp="2026-05-15T09:34:42Z" user="OSMnx" lat="53.3275385" uid="1" id="4557245709" version="1" lon="-6.255816" visible="true" /><node changeset="1" timestamp="2026-05-15T09:34:42Z" user="OSMnx" lat="53.3276586" uid="1" id="4557245712" version="1" lon="-6.2557751" visible="true" /><node changeset="1" timestamp="2026-05-15T09:34:42Z" user="OSMnx" lat="53.3277565" uid="1" id="4557245715" version="1" lon="-6.2560738" visible="true" /><node changeset="1" timestamp="2026-05-15T09:34:42Z" user="OSMnx" lat="53.3261337" uid="1" id="4557245727" version="1" lon="-6.2512277" visible="true" /><node changeset="1" timestamp="2026-05-15T09:34:42Z" user="OSMnx" lat="53.3272319" uid="1" id="4557245732" version="1" lon="-6.2557296" visible="true" /><node changeset="1" timestamp="2026-05-15T09:34:42Z" user="OSMnx" lat="53.3227492" uid="1" id="4592202872" version="1" lon="-6.2487343" visible="true" /><node changeset="1" timestamp="2026-05-15T09:34:42Z" user="OSMnx" lat="53.3233043" uid="1" id="4592202875" version="1" lon="-6.249856" visible="true" /><node changeset="1" timestamp="2026-05-15T09:34:42Z" user="OSMnx" lat="53.3136907" uid="1" id="4592206895" version="1" lon="-6.2385962" visible="true" /><node changeset="1" timestamp="2026-05-15T09:34:42Z" user="OSMnx" lat="53.3143448" uid="1" id="4592206897" version="1" lon="-6.2383822" visible="true" /><node changeset="1" timestamp="2026-05-15T09:34:42Z" user="OSMnx" lat="53.3169068" uid="1" id="4592206940" version="1" lon="-6.2370199" visible="true" /><node changeset="1" timestamp="2026-05-15T09:34:42Z" user="OSMnx" lat="53.3170059" uid="1" id="4592206942" version="1" lon="-6.2370713" visible="true" /><node changeset="1" timestamp="2026-05-15T09:34:42Z" user="OSMnx" lat="53.317007" uid="1" id="4592206943" version="1" lon="-6.2370424" visible="true" /><node changeset="1" timestamp="2026-05-15T09:34:42Z" user="OSMnx" lat="53.3170023" uid="1" id="4592206944" version="1" lon="-6.2370144" visible="true" /><node changeset="1" timestamp="2026-05-15T09:34:42Z" user="OSMnx" lat="53.3169924" uid="1" id="4592206945" version="1" lon="-6.2369906" visible="true" /><node changeset="1" timestamp="2026-05-15T09:34:42Z" user="OSMnx" lat="53.3169784" uid="1" id="4592206946" version="1" lon="-6.2369736" visible="true" /><node changeset="1" timestamp="2026-05-15T09:34:42Z" user="OSMnx" lat="53.3169618" uid="1" id="4592206947" version="1" lon="-6.2369652" visible="true" /><node changeset="1" timestamp="2026-05-15T09:34:42Z" user="OSMnx" lat="53.3169033" uid="1" id="4592206948" version="1" lon="-6.2370477" visible="true" /><node changeset="1" timestamp="2026-05-15T09:34:42Z" user="OSMnx" lat="53.3169053" uid="1" id="4592206949" version="1" lon="-6.2370759" visible="true" /><node changeset="1" timestamp="2026-05-15T09:34:42Z" user="OSMnx" lat="53.3169127" uid="1" id="4592206950" version="1" lon="-6.2371016" visible="true" /><node changeset="1" timestamp="2026-05-15T09:34:42Z" user="OSMnx" lat="53.3169245" uid="1" id="4592206951" version="1" lon="-6.2371219" visible="true" /><node changeset="1" timestamp="2026-05-15T09:34:42Z" user="OSMnx" lat="53.3169397" uid="1" id="4592206952" version="1" lon="-6.2371347" visible="true" /><node changeset="1" timestamp="2026-05-15T09:34:42Z" user="OSMnx" lat="53.3169565" uid="1" id="4592206953" version="1" lon="-6.2371387" visible="true" /><node changeset="1" timestamp="2026-05-15T09:34:42Z" user="OSMnx" lat="53.3169732" uid="1" id="4592206954" version="1" lon="-6.2371333" visible="true" /><node changeset="1" timestamp="2026-05-15T09:34:42Z" user="OSMnx" lat="53.316988" uid="1" id="4592206955" version="1" lon="-6.2371193" visible="true" /><node changeset="1" timestamp="2026-05-15T09:34:42Z" user="OSMnx" lat="53.3169993" uid="1" id="4592206956" version="1" lon="-6.2370981" visible="true" /><node changeset="1" timestamp="2026-05-15T09:34:42Z" user="OSMnx" lat="53.3328089" uid="1" id="4616094654" version="1" lon="-6.2669475" visible="true" /><node changeset="1" timestamp="2026-05-15T09:34:42Z" user="OSMnx" lat="53.3179222" uid="1" id="4633545123" version="1" lon="-6.2373693" visible="true" /><node changeset="1" timestamp="2026-05-15T09:34:42Z" user="OSMnx" lat="53.3175481" uid="1" id="4633545124" version="1" lon="-6.2372974" visible="true" /><node changeset="1" timestamp="2026-05-15T09:34:42Z" user="OSMnx" lat="53.3246831" uid="1" id="4633673189" version="1" lon="-6.2514743" visible="true" /><node changeset="1" timestamp="2026-05-15T09:34:42Z" user="OSMnx" lat="53.3279869" uid="1" id="4689354119" version="1" lon="-6.247846" visible="true" /><node changeset="1" timestamp="2026-05-15T09:34:42Z" user="OSMnx" lat="53.3319188" uid="1" id="4739239731" version="1" lon="-6.2609524" visible="true" /><node changeset="1" timestamp="2026-05-15T09:34:42Z" user="OSMnx" lat="53.3338607" uid="1" id="4836679335" version="1" lon="-6.2586193" visible="true" /><node changeset="1" timestamp="2026-05-15T09:34:42Z" user="OSMnx" lat="53.3145807" uid="1" id="4842287904" version="1" lon="-6.2481068" visible="true" /><node changeset="1" timestamp="2026-05-15T09:34:42Z" user="OSMnx" lat="53.3143889" uid="1" id="4842287905" version="1" lon="-6.2472191" visible="true" /><node changeset="1" timestamp="2026-05-15T09:34:42Z" user="OSMnx" lat="53.3146525" uid="1" id="4842287906" version="1" lon="-6.247578" visible="true" /><node changeset="1" timestamp="2026-05-15T09:34:42Z" user="OSMnx" lat="53.3143111" uid="1" id="4842287907" version="1" lon="-6.2477886" visible="true" /><node changeset="1" timestamp="2026-05-15T09:34:42Z" user="OSMnx" lat="53.3199777" uid="1" id="4842834986" version="1" lon="-6.2440803" visible="true" /><node changeset="1" timestamp="2026-05-15T09:34:42Z" user="OSMnx" lat="53.3197576" uid="1" id="4842834989" version="1" lon="-6.2437029" visible="true" /><node changeset="1" timestamp="2026-05-15T09:34:42Z" user="OSMnx" lat="53.3199524" uid="1" id="4842834997" version="1" lon="-6.2427762" visible="true" /><node changeset="1" timestamp="2026-05-15T09:34:42Z" user="OSMnx" lat="53.3326965" uid="1" id="4849541968" version="1" lon="-6.2577649" visible="true" /><node changeset="1" timestamp="2026-05-15T09:34:42Z" user="OSMnx" lat="53.3326639" uid="1" id="4849541969" version="1" lon="-6.2573787" visible="true" /><node changeset="1" timestamp="2026-05-15T09:34:42Z" user="OSMnx" lat="53.3321804" uid="1" id="4849541970" version="1" lon="-6.2546113" visible="true" /><node changeset="1" timestamp="2026-05-15T09:34:42Z" user="OSMnx" lat="53.3321626" uid="1" id="4849541971" version="1" lon="-6.2544623" visible="true" /><node changeset="1" timestamp="2026-05-15T09:34:42Z" user="OSMnx" lat="53.3321454" uid="1" id="4849541972" version="1" lon="-6.2541154" visible="true" /><node changeset="1" timestamp="2026-05-15T09:34:42Z" user="OSMnx" lat="53.3321467" uid="1" id="4849541973" version="1" lon="-6.2542248" visible="true" /><node changeset="1" timestamp="2026-05-15T09:34:42Z" user="OSMnx" lat="53.3332821" uid="1" id="4853907725" version="1" lon="-6.2669581" visible="true" /><node changeset="1" timestamp="2026-05-15T09:34:42Z" user="OSMnx" lat="53.3349262" uid="1" id="4854037210" version="1" lon="-6.2670309" visible="true" /><node changeset="1" timestamp="2026-05-15T09:34:42Z" user="OSMnx" lat="53.3341429" uid="1" id="4854172409" version="1" lon="-6.2669807" visible="true"><tag k="highway" v="crossing" /></node><node changeset="1" timestamp="2026-05-15T09:34:42Z" user="OSMnx" lat="53.3340492" uid="1" id="4854172410" version="1" lon="-6.2669821" visible="true"><tag k="highway" v="crossing" /></node><node changeset="1" timestamp="2026-05-15T09:34:42Z" user="OSMnx" lat="53.3340918" uid="1" id="4854172411" version="1" lon="-6.2670642" visible="true"><tag k="highway" v="crossing" /></node><node changeset="1" timestamp="2026-05-15T09:34:42Z" user="OSMnx" lat="53.334101" uid="1" id="4854172412" version="1" lon="-6.2668999" visible="true"><tag k="highway" v="crossing" /></node><node changeset="1" timestamp="2026-05-15T09:34:42Z" user="OSMnx" lat="53.3140991" uid="1" id="4854442282" version="1" lon="-6.2384591" visible="true"><tag k="ref" v="858" /></node><node changeset="1" timestamp="2026-05-15T09:34:42Z" user="OSMnx" lat="53.3164712" uid="1" id="4854442283" version="1" lon="-6.2383409" visible="true" /><node changeset="1" timestamp="2026-05-15T09:34:42Z" user="OSMnx" lat="53.3292243" uid="1" id="4855282916" version="1" lon="-6.2653995" visible="true" /><node changeset="1" timestamp="2026-05-15T09:34:42Z" user="OSMnx" lat="53.3292075" uid="1" id="4855282917" version="1" lon="-6.2662283" visible="true" /><node changeset="1" timestamp="2026-05-15T09:34:42Z" user="OSMnx" lat="53.3291738" uid="1" id="4855282918" version="1" lon="-6.2675198" visible="true" /><node changeset="1" timestamp="2026-05-15T09:34:42Z" user="OSMnx" lat="53.3291706" uid="1" id="4855282919" version="1" lon="-6.2674353" visible="true" /><node changeset="1" timestamp="2026-05-15T09:34:42Z" user="OSMnx" lat="53.3294237" uid="1" id="4855282920" version="1" lon="-6.2682239" visible="true" /><node changeset="1" timestamp="2026-05-15T09:34:42Z" user="OSMnx" lat="53.3294509" uid="1" id="4855284621" version="1" lon="-6.2683539" visible="true" /><node changeset="1" timestamp="2026-05-15T09:34:42Z" user="OSMnx" lat="53.3312876" uid="1" id="4897326204" version="1" lon="-6.2644388" visible="true"><tag k="highway" v="crossing" /></node><node changeset="1" timestamp="2026-05-15T09:34:42Z" user="OSMnx" lat="53.3294527" uid="1" id="4897386630" version="1" lon="-6.2580623" visible="true"><tag k="highway" v="crossing" /></node><node changeset="1" timestamp="2026-05-15T09:34:42Z" user="OSMnx" lat="53.3285361" uid="1" id="4897386656" version="1" lon="-6.2575261" visible="true" /><node changeset="1" timestamp="2026-05-15T09:34:42Z" user="OSMnx" lat="53.3256904" uid="1" id="4897386672" version="1" lon="-6.2649628" visible="true"><tag k="highway" v="crossing" /></node><node changeset="1" timestamp="2026-05-15T09:34:42Z" user="OSMnx" lat="53.3250293" uid="1" id="4897386675" version="1" lon="-6.2650785" visible="true"><tag k="highway" v="crossing" /></node><node changeset="1" timestamp="2026-05-15T09:34:42Z" user="OSMnx" lat="53.3297674" uid="1" id="4897796300" version="1" lon="-6.2632321" visible="true" /><node changeset="1" timestamp="2026-05-15T09:34:42Z" user="OSMnx" lat="53.3298741" uid="1" id="4897796301" version="1" lon="-6.2633775" visible="true" /><node changeset="1" timestamp="2026-05-15T09:34:42Z" user="OSMnx" lat="53.3295856" uid="1" id="4897796309" version="1" lon="-6.2643506" visible="true" /><node changeset="1" timestamp="2026-05-15T09:34:42Z" user="OSMnx" lat="53.3209024" uid="1" id="4902447120" version="1" lon="-6.2687173" visible="true" /><node changeset="1" timestamp="2026-05-15T09:34:42Z" user="OSMnx" lat="53.3185971" uid="1" id="4905055703" version="1" lon="-6.2337599" visible="true" /><node changeset="1" timestamp="2026-05-15T09:34:42Z" user="OSMnx" lat="53.3172973" uid="1" id="4905055707" version="1" lon="-6.24028" visible="true" /><node changeset="1" timestamp="2026-05-15T09:34:42Z" user="OSMnx" lat="53.3260556" uid="1" id="4906768909" version="1" lon="-6.2391816" visible="true" /><node changeset="1" timestamp="2026-05-15T09:34:42Z" user="OSMnx" lat="53.3264745" uid="1" id="4906768910" version="1" lon="-6.2397216" visible="true" /><node changeset="1" timestamp="2026-05-15T09:34:42Z" user="OSMnx" lat="53.3271032" uid="1" id="4906768911" version="1" lon="-6.2405138" visible="true" /><node changeset="1" timestamp="2026-05-15T09:34:42Z" user="OSMnx" lat="53.3276452" uid="1" id="4906768912" version="1" lon="-6.2412093" visible="true" /><node changeset="1" timestamp="2026-05-15T09:34:42Z" user="OSMnx" lat="53.3275853" uid="1" id="4906768913" version="1" lon="-6.2397704" visible="true" /><node changeset="1" timestamp="2026-05-15T09:34:42Z" user="OSMnx" lat="53.327786" uid="1" id="4906768914" version="1" lon="-6.2388413" visible="true" /><node changeset="1" timestamp="2026-05-15T09:34:42Z" user="OSMnx" lat="53.3266442" uid="1" id="4906768916" version="1" lon="-6.2371248" visible="true" /><node changeset="1" timestamp="2026-05-15T09:34:42Z" user="OSMnx" lat="53.3271749" uid="1" id="4906768917" version="1" lon="-6.2359822" visible="true" /><node changeset="1" timestamp="2026-05-15T09:34:42Z" user="OSMnx" lat="53.3277542" uid="1" id="4906768918" version="1" lon="-6.2349323" visible="true" /><node changeset="1" timestamp="2026-05-15T09:34:42Z" user="OSMnx" lat="53.3284724" uid="1" id="4906768919" version="1" lon="-6.23383" visible="true" /><node changeset="1" timestamp="2026-05-15T09:34:42Z" user="OSMnx" lat="53.3286782" uid="1" id="4906768920" version="1" lon="-6.2335795" visible="true" /><node changeset="1" timestamp="2026-05-15T09:34:42Z" user="OSMnx" lat="53.3294486" uid="1" id="4906770122" version="1" lon="-6.2364642" visible="true" /><node changeset="1" timestamp="2026-05-15T09:34:42Z" user="OSMnx" lat="53.3290288" uid="1" id="4906770123" version="1" lon="-6.2379472" visible="true" /><node changeset="1" timestamp="2026-05-15T09:34:42Z" user="OSMnx" lat="53.328686" uid="1" id="4906770124" version="1" lon="-6.2391567" visible="true" /><node changeset="1" timestamp="2026-05-15T09:34:42Z" user="OSMnx" lat="53.3289068" uid="1" id="4906770125" version="1" lon="-6.2386408" visible="true"><tag k="highway" v="give_way" /></node><node changeset="1" timestamp="2026-05-15T09:34:42Z" user="OSMnx" lat="53.3290295" uid="1" id="4906770126" version="1" lon="-6.2386565" visible="true" /><node changeset="1" timestamp="2026-05-15T09:34:42Z" user="OSMnx" lat="53.3283189" uid="1" id="4906770127" version="1" lon="-6.2404988" visible="true" /><node changeset="1" timestamp="2026-05-15T09:34:42Z" user="OSMnx" lat="53.327945" uid="1" id="4906770129" version="1" lon="-6.2417703" visible="true"><tag k="highway" v="traffic_signals" /></node><node changeset="1" timestamp="2026-05-15T09:34:42Z" user="OSMnx" lat="53.3278243" uid="1" id="4906770130" version="1" lon="-6.2422902" visible="true" /><node changeset="1" timestamp="2026-05-15T09:34:42Z" user="OSMnx" lat="53.3278199" uid="1" id="4906770131" version="1" lon="-6.2424706" visible="true" /><node changeset="1" timestamp="2026-05-15T09:34:42Z" user="OSMnx" lat="53.3278273" uid="1" id="4906770132" version="1" lon="-6.2427448" visible="true" /><node changeset="1" timestamp="2026-05-15T09:34:42Z" user="OSMnx" lat="53.327879" uid="1" id="4906770133" version="1" lon="-6.2436956" visible="true" /><node changeset="1" timestamp="2026-05-15T09:34:42Z" user="OSMnx" lat="53.3205575" uid="1" id="4907016421" version="1" lon="-6.2663913" visible="true"><tag k="highway" v="turning_circle" /></node><node changeset="1" timestamp="2026-05-15T09:34:42Z" user="OSMnx" lat="53.3336687" uid="1" id="4915139557" version="1" lon="-6.269507" visible="true" /><node changeset="1" timestamp="2026-05-15T09:34:42Z" user="OSMnx" lat="53.3325541" uid="1" id="4915139559" version="1" lon="-6.268335" visible="true" /><node changeset="1" timestamp="2026-05-15T09:34:42Z" user="OSMnx" lat="53.3324816" uid="1" id="4915139561" version="1" lon="-6.2693261" visible="true" /><node changeset="1" timestamp="2026-05-15T09:34:42Z" user="OSMnx" lat="53.3271008" uid="1" id="4933985149" version="1" lon="-6.264713" visible="true" /><node changeset="1" timestamp="2026-05-15T09:34:42Z" user="OSMnx" lat="53.3269082" uid="1" id="4933985150" version="1" lon="-6.2649267" visible="true" /><node changeset="1" timestamp="2026-05-15T09:34:42Z" user="OSMnx" lat="53.3267868" uid="1" id="4936866421" version="1" lon="-6.264851" visible="true"><tag k="highway" v="traffic_signals" /></node><node changeset="1" timestamp="2026-05-15T09:34:42Z" user="OSMnx" lat="53.3313743" uid="1" id="4936898541" version="1" lon="-6.2548128" visible="true" /><node changeset="1" timestamp="2026-05-15T09:34:42Z" user="OSMnx" lat="53.3308847" uid="1" id="4936898542" version="1" lon="-6.2570324" visible="true" /><node changeset="1" timestamp="2026-05-15T09:34:42Z" user="OSMnx" lat="53.3288372" uid="1" id="4946911465" version="1" lon="-6.2617013" visible="true" /><node changeset="1" timestamp="2026-05-15T09:34:42Z" user="OSMnx" lat="53.3171995" uid="1" id="4951624896" version="1" lon="-6.2365474" visible="true" /><node changeset="1" timestamp="2026-05-15T09:34:42Z" user="OSMnx" lat="53.3172426" uid="1" id="4951624898" version="1" lon="-6.2364488" visible="true"><tag k="highway" v="turning_circle" /></node><node changeset="1" timestamp="2026-05-15T09:34:42Z" user="OSMnx" lat="53.3302468" uid="1" id="4951768338" version="1" lon="-6.2599567" visible="true"><tag k="highway" v="crossing" /></node><node changeset="1" timestamp="2026-05-15T09:34:42Z" user="OSMnx" lat="53.3303079" uid="1" id="4951768339" version="1" lon="-6.2601857" visible="true"><tag k="highway" v="crossing" /></node><node changeset="1" timestamp="2026-05-15T09:34:42Z" user="OSMnx" lat="53.3303852" uid="1" id="4951768340" version="1" lon="-6.2598491" visible="true"><tag k="highway" v="crossing" /></node><node changeset="1" timestamp="2026-05-15T09:34:42Z" user="OSMnx" lat="53.3306523" uid="1" id="4951768342" version="1" lon="-6.2601996" visible="true"><tag k="highway" v="crossing" /></node><node changeset="1" timestamp="2026-05-15T09:34:42Z" user="OSMnx" lat="53.331463" uid="1" id="4971395668" version="1" lon="-6.2522157" visible="true"><tag k="ref" v="847" /></node><node changeset="1" timestamp="2026-05-15T09:34:42Z" user="OSMnx" lat="53.3300787" uid="1" id="4987541726" version="1" lon="-6.2683093" visible="true" /><node changeset="1" timestamp="2026-05-15T09:34:42Z" user="OSMnx" lat="53.3301205" uid="1" id="4987541728" version="1" lon="-6.2677025" visible="true" /><node changeset="1" timestamp="2026-05-15T09:34:42Z" user="OSMnx" lat="53.3300117" uid="1" id="4987541731" version="1" lon="-6.2688625" visible="true" /><node changeset="1" timestamp="2026-05-15T09:34:42Z" user="OSMnx" lat="53.3337118" uid="1" id="4995430180" version="1" lon="-6.2418316" visible="true" /><node changeset="1" timestamp="2026-05-15T09:34:42Z" user="OSMnx" lat="53.3339193" uid="1" id="4995430193" version="1" lon="-6.2416162" visible="true" /><node changeset="1" timestamp="2026-05-15T09:34:42Z" user="OSMnx" lat="53.3284064" uid="1" id="5057760195" version="1" lon="-6.2645582" visible="true" /><node changeset="1" timestamp="2026-05-15T09:34:42Z" user="OSMnx" lat="53.3284952" uid="1" id="5057760199" version="1" lon="-6.2646525" visible="true" /><node changeset="1" timestamp="2026-05-15T09:34:42Z" user="OSMnx" lat="53.3291876" uid="1" id="5057760200" version="1" lon="-6.2645101" visible="true" /><node changeset="1" timestamp="2026-05-15T09:34:42Z" user="OSMnx" lat="53.3299409" uid="1" id="5057760203" version="1" lon="-6.2637134" visible="true" /><node changeset="1" timestamp="2026-05-15T09:34:42Z" user="OSMnx" lat="53.3293859" uid="1" id="5057760205" version="1" lon="-6.263015" visible="true" /><node changeset="1" timestamp="2026-05-15T09:34:42Z" user="OSMnx" lat="53.3294812" uid="1" id="5057760207" version="1" lon="-6.2623781" visible="true" /><node changeset="1" timestamp="2026-05-15T09:34:42Z" user="OSMnx" lat="53.3293972" uid="1" id="5057760209" version="1" lon="-6.2629564" visible="true" /><node changeset="1" timestamp="2026-05-15T09:34:42Z" user="OSMnx" lat="53.3215248" uid="1" id="5058856680" version="1" lon="-6.2670031" visible="true" /><node changeset="1" timestamp="2026-05-15T09:34:42Z" user="OSMnx" lat="53.3307701" uid="1" id="5083218974" version="1" lon="-6.2598312" visible="true" /><node changeset="1" timestamp="2026-05-15T09:34:42Z" user="OSMnx" lat="53.326647" uid="1" id="5083314638" version="1" lon="-6.2584943" visible="true" /><node changeset="1" timestamp="2026-05-15T09:34:42Z" user="OSMnx" lat="53.3259831" uid="1" id="5083314645" version="1" lon="-6.2594278" visible="true" /><node changeset="1" timestamp="2026-05-15T09:34:42Z" user="OSMnx" lat="53.3249555" uid="1" id="5083314647" version="1" lon="-6.2583379" visible="true" /><node changeset="1" timestamp="2026-05-15T09:34:42Z" user="OSMnx" lat="53.3244834" uid="1" id="5083314653" version="1" lon="-6.2569795" visible="true" /><node changeset="1" timestamp="2026-05-15T09:34:42Z" user="OSMnx" lat="53.324392" uid="1" id="5083314658" version="1" lon="-6.2572465" visible="true" /><node changeset="1" timestamp="2026-05-15T09:34:42Z" user="OSMnx" lat="53.3237292" uid="1" id="5083379971" version="1" lon="-6.2590806" visible="true" /><node changeset="1" timestamp="2026-05-15T09:34:42Z" user="OSMnx" lat="53.3247451" uid="1" id="5083379976" version="1" lon="-6.2577097" visible="true" /><node changeset="1" timestamp="2026-05-15T09:34:42Z" user="OSMnx" lat="53.3260408" uid="1" id="5083379977" version="1" lon="-6.2586253" visible="true" /><node changeset="1" timestamp="2026-05-15T09:34:42Z" user="OSMnx" lat="53.3222383" uid="1" id="5083380000" version="1" lon="-6.257745" visible="true" /><node changeset="1" timestamp="2026-05-15T09:34:42Z" user="OSMnx" lat="53.3238298" uid="1" id="5083380005" version="1" lon="-6.2588019" visible="true" /><node changeset="1" timestamp="2026-05-15T09:34:42Z" user="OSMnx" lat="53.3327221" uid="1" id="5109926402" version="1" lon="-6.263246" visible="true"><tag k="highway" v="crossing" /></node><node changeset="1" timestamp="2026-05-15T09:34:42Z" user="OSMnx" lat="53.3328367" uid="1" id="5109926403" version="1" lon="-6.2587583" visible="true" /><node changeset="1" timestamp="2026-05-15T09:34:42Z" user="OSMnx" lat="53.3327342" uid="1" id="5109926404" version="1" lon="-6.2586477" visible="true" /><node changeset="1" timestamp="2026-05-15T09:34:42Z" user="OSMnx" lat="53.3326162" uid="1" id="5114032363" version="1" lon="-6.2633331" visible="true"><tag k="highway" v="crossing" /></node><node changeset="1" timestamp="2026-05-15T09:34:42Z" user="OSMnx" lat="53.3324692" uid="1" id="5114071654" version="1" lon="-6.2682227" visible="true"><tag k="highway" v="crossing" /></node><node changeset="1" timestamp="2026-05-15T09:34:42Z" user="OSMnx" lat="53.3323998" uid="1" id="5114071656" version="1" lon="-6.2683062" visible="true" /><node changeset="1" timestamp="2026-05-15T09:34:42Z" user="OSMnx" lat="53.331209" uid="1" id="5116069559" version="1" lon="-6.2520316" visible="true"><tag k="highway" v="give_way" /></node><node changeset="1" timestamp="2026-05-15T09:34:42Z" user="OSMnx" lat="53.3309685" uid="1" id="5116069560" version="1" lon="-6.2513098" visible="true" /><node changeset="1" timestamp="2026-05-15T09:34:42Z" user="OSMnx" lat="53.3237617" uid="1" id="5120116629" version="1" lon="-6.2589816" visible="true" /><node changeset="1" timestamp="2026-05-15T09:34:42Z" user="OSMnx" lat="53.3276331" uid="1" id="5126297172" version="1" lon="-6.264803" visible="true" /><node changeset="1" timestamp="2026-05-15T09:34:42Z" user="OSMnx" lat="53.3341422" uid="1" id="5141025360" version="1" lon="-6.2366821" visible="true" /><node changeset="1" timestamp="2026-05-15T09:34:42Z" user="OSMnx" lat="53.3180798" uid="1" id="5155929182" version="1" lon="-6.2375436" visible="true" /><node changeset="1" timestamp="2026-05-15T09:34:42Z" user="OSMnx" lat="53.3153268" uid="1" id="5155929184" version="1" lon="-6.2379805" visible="true" /><node changeset="1" timestamp="2026-05-15T09:34:42Z" user="OSMnx" lat="53.3213386" uid="1" id="5155938423" version="1" lon="-6.2382488" visible="true" /><node changeset="1" timestamp="2026-05-15T09:34:42Z" user="OSMnx" lat="53.3222452" uid="1" id="5155938425" version="1" lon="-6.237117" visible="true" /><node changeset="1" timestamp="2026-05-15T09:34:42Z" user="OSMnx" lat="53.3205626" uid="1" id="5155938427" version="1" lon="-6.2379023" visible="true" /><node changeset="1" timestamp="2026-05-15T09:34:42Z" user="OSMnx" lat="53.3211417" uid="1" id="5155938428" version="1" lon="-6.238172" visible="true" /><node changeset="1" timestamp="2026-05-15T09:34:42Z" user="OSMnx" lat="53.3207901" uid="1" id="5155938430" version="1" lon="-6.237796" visible="true" /><node changeset="1" timestamp="2026-05-15T09:34:42Z" user="OSMnx" lat="53.3215469" uid="1" id="5155938431" version="1" lon="-6.238256" visible="true" /><node changeset="1" timestamp="2026-05-15T09:34:42Z" user="OSMnx" lat="53.3208118" uid="1" id="5159793826" version="1" lon="-6.2654383" visible="true" /><node changeset="1" timestamp="2026-05-15T09:34:42Z" user="OSMnx" lat="53.3190241" uid="1" id="5159834001" version="1" lon="-6.2644393" visible="true" /><node changeset="1" timestamp="2026-05-15T09:34:42Z" user="OSMnx" lat="53.3139099" uid="1" id="5162023586" version="1" lon="-6.2618532" visible="true" /><node changeset="1" timestamp="2026-05-15T09:34:42Z" user="OSMnx" lat="53.3169038" uid="1" id="5164168625" version="1" lon="-6.2540387" visible="true"><tag k="highway" v="turning_circle" /></node><node changeset="1" timestamp="2026-05-15T09:34:42Z" user="OSMnx" lat="53.3168864" uid="1" id="5164168626" version="1" lon="-6.2542025" visible="true" /><node changeset="1" timestamp="2026-05-15T09:34:42Z" user="OSMnx" lat="53.3344972" uid="1" id="5167712497" version="1" lon="-6.2458678" visible="true"><tag k="highway" v="crossing" /></node><node changeset="1" timestamp="2026-05-15T09:34:42Z" user="OSMnx" lat="53.3345165" uid="1" id="5167712498" version="1" lon="-6.2456864" visible="true"><tag k="highway" v="crossing" /></node><node changeset="1" timestamp="2026-05-15T09:34:42Z" user="OSMnx" lat="53.3343497" uid="1" id="5167712504" version="1" lon="-6.245796" visible="true" /><node changeset="1" timestamp="2026-05-15T09:34:42Z" user="OSMnx" lat="53.3305813" uid="1" id="5167763823" version="1" lon="-6.2444297" visible="true" /><node changeset="1" timestamp="2026-05-15T09:34:42Z" user="OSMnx" lat="53.3297867" uid="1" id="5167763824" version="1" lon="-6.244779" visible="true" /><node changeset="1" timestamp="2026-05-15T09:34:42Z" user="OSMnx" lat="53.3288926" uid="1" id="5167763825" version="1" lon="-6.2451652" visible="true" /><node changeset="1" timestamp="2026-05-15T09:34:42Z" user="OSMnx" lat="53.3278362" uid="1" id="5167772730" version="1" lon="-6.2446389" visible="true" /><node changeset="1" timestamp="2026-05-15T09:34:42Z" user="OSMnx" lat="53.3278855" uid="1" id="5167772731" version="1" lon="-6.2443393" visible="true" /><node changeset="1" timestamp="2026-05-15T09:34:42Z" user="OSMnx" lat="53.3278281" uid="1" id="5167772732" version="1" lon="-6.2444635" visible="true" /><node changeset="1" timestamp="2026-05-15T09:34:42Z" user="OSMnx" lat="53.3277834" uid="1" id="5167772733" version="1" lon="-6.2445113" visible="true" /><node changeset="1" timestamp="2026-05-15T09:34:42Z" user="OSMnx" lat="53.3277124" uid="1" id="5167772734" version="1" lon="-6.2445852" visible="true" /><node changeset="1" timestamp="2026-05-15T09:34:42Z" user="OSMnx" lat="53.3273974" uid="1" id="5167772742" version="1" lon="-6.2441173" visible="true" /><node changeset="1" timestamp="2026-05-15T09:34:42Z" user="OSMnx" lat="53.3238681" uid="1" id="5167802432" version="1" lon="-6.2392001" visible="true" /><node changeset="1" timestamp="2026-05-15T09:34:42Z" user="OSMnx" lat="53.3226046" uid="1" id="5167802434" version="1" lon="-6.2384457" visible="true" /><node changeset="1" timestamp="2026-05-15T09:34:42Z" user="OSMnx" lat="53.322559" uid="1" id="5167802437" version="1" lon="-6.2384776" visible="true" /><node changeset="1" timestamp="2026-05-15T09:34:42Z" user="OSMnx" lat="53.3214079" uid="1" id="5167802438" version="1" lon="-6.2396857" visible="true" /><node changeset="1" timestamp="2026-05-15T09:34:42Z" user="OSMnx" lat="53.3208114" uid="1" id="5167802439" version="1" lon="-6.2410198" visible="true" /><node changeset="1" timestamp="2026-05-15T09:34:42Z" user="OSMnx" lat="53.3203077" uid="1" id="5167802440" version="1" lon="-6.2420988" visible="true" /><node changeset="1" timestamp="2026-05-15T09:34:42Z" user="OSMnx" lat="53.3200726" uid="1" id="5167802441" version="1" lon="-6.2422078" visible="true" /><node changeset="1" timestamp="2026-05-15T09:34:42Z" user="OSMnx" lat="53.3194009" uid="1" id="5167802446" version="1" lon="-6.2391883" visible="true" /><node changeset="1" timestamp="2026-05-15T09:34:42Z" user="OSMnx" lat="53.3206542" uid="1" id="5167802448" version="1" lon="-6.2401187" visible="true" /><node changeset="1" timestamp="2026-05-15T09:34:42Z" user="OSMnx" lat="53.3217366" uid="1" id="5167802454" version="1" lon="-6.2389673" visible="true" /><node changeset="1" timestamp="2026-05-15T09:34:42Z" user="OSMnx" lat="53.3226222" uid="1" id="5167802459" version="1" lon="-6.2361582" visible="true" /><node changeset="1" timestamp="2026-05-15T09:34:42Z" user="OSMnx" lat="53.3224633" uid="1" id="5167802460" version="1" lon="-6.2361545" visible="true" /><node changeset="1" timestamp="2026-05-15T09:34:42Z" user="OSMnx" lat="53.3226229" uid="1" id="5167802461" version="1" lon="-6.2362244" visible="true" /><node changeset="1" timestamp="2026-05-15T09:34:42Z" user="OSMnx" lat="53.3229638" uid="1" id="5167802462" version="1" lon="-6.2365866" visible="true" /><node changeset="1" timestamp="2026-05-15T09:34:42Z" user="OSMnx" lat="53.3233827" uid="1" id="5167802463" version="1" lon="-6.2349958" visible="true" /><node changeset="1" timestamp="2026-05-15T09:34:42Z" user="OSMnx" lat="53.3232641" uid="1" id="5167802467" version="1" lon="-6.2344631" visible="true" /><node changeset="1" timestamp="2026-05-15T09:34:42Z" user="OSMnx" lat="53.3216474" uid="1" id="5167802468" version="1" lon="-6.2349822" visible="true" /><node changeset="1" timestamp="2026-05-15T09:34:42Z" user="OSMnx" lat="53.322372" uid="1" id="5167802469" version="1" lon="-6.2350318" visible="true" /><node changeset="1" timestamp="2026-05-15T09:34:42Z" user="OSMnx" lat="53.3207045" uid="1" id="5167802470" version="1" lon="-6.234492" visible="true" /><node changeset="1" timestamp="2026-05-15T09:34:42Z" user="OSMnx" lat="53.3202764" uid="1" id="5167945460" version="1" lon="-6.234355" visible="true" /><node changeset="1" timestamp="2026-05-15T09:34:42Z" user="OSMnx" lat="53.3205078" uid="1" id="5167945461" version="1" lon="-6.233806" visible="true" /><node changeset="1" timestamp="2026-05-15T09:34:42Z" user="OSMnx" lat="53.3204262" uid="1" id="5167945462" version="1" lon="-6.2336887" visible="true" /><node changeset="1" timestamp="2026-05-15T09:34:42Z" user="OSMnx" lat="53.331765" uid="1" id="5167958432" version="1" lon="-6.2476" visible="true" /><node changeset="1" timestamp="2026-05-15T09:34:42Z" user="OSMnx" lat="53.3318427" uid="1" id="5167958433" version="1" lon="-6.2475725" visible="true" /><node changeset="1" timestamp="2026-05-15T09:34:42Z" user="OSMnx" lat="53.3203062" uid="1" id="5178609818" version="1" lon="-6.244609" visible="true" /><node changeset="1" timestamp="2026-05-15T09:34:42Z" user="OSMnx" lat="53.3201364" uid="1" id="5178610524" version="1" lon="-6.2443399" visible="true" /><node changeset="1" timestamp="2026-05-15T09:34:42Z" user="OSMnx" lat="53.3298619" uid="1" id="5194522699" version="1" lon="-6.2643038" visible="true"><tag k="highway" v="crossing" /></node><node changeset="1" timestamp="2026-05-15T09:34:42Z" user="OSMnx" lat="53.3299447" uid="1" id="5194522701" version="1" lon="-6.2641528" visible="true" /><node changeset="1" timestamp="2026-05-15T09:34:42Z" user="OSMnx" lat="53.3301572" uid="1" id="5194522709" version="1" lon="-6.2642811" visible="true" /><node changeset="1" timestamp="2026-05-15T09:34:42Z" user="OSMnx" lat="53.3245377" uid="1" id="5245005844" version="1" lon="-6.256796" visible="true" /><node changeset="1" timestamp="2026-05-15T09:34:42Z" user="OSMnx" lat="53.3243747" uid="1" id="5245005859" version="1" lon="-6.2572948" visible="true" /><node changeset="1" timestamp="2026-05-15T09:34:42Z" user="OSMnx" lat="53.3255684" uid="1" id="5245011922" version="1" lon="-6.2516614" visible="true" /><node changeset="1" timestamp="2026-05-15T09:34:42Z" user="OSMnx" lat="53.3256228" uid="1" id="5245011924" version="1" lon="-6.2513901" visible="true" /><node changeset="1" timestamp="2026-05-15T09:34:42Z" user="OSMnx" lat="53.3257038" uid="1" id="5245011926" version="1" lon="-6.2506072" visible="true" /><node changeset="1" timestamp="2026-05-15T09:34:42Z" user="OSMnx" lat="53.3245068" uid="1" id="5245029554" version="1" lon="-6.2533885" visible="true" /><node changeset="1" timestamp="2026-05-15T09:34:42Z" user="OSMnx" lat="53.3250149" uid="1" id="5245029555" version="1" lon="-6.2545459" visible="true" /><node changeset="1" timestamp="2026-05-15T09:34:42Z" user="OSMnx" lat="53.3253124" uid="1" id="5245029562" version="1" lon="-6.254902" visible="true"><tag k="highway" v="crossing" /></node><node changeset="1" timestamp="2026-05-15T09:34:42Z" user="OSMnx" lat="53.3254897" uid="1" id="5245029564" version="1" lon="-6.2549753" visible="true"><tag k="highway" v="crossing" /></node><node changeset="1" timestamp="2026-05-15T09:34:42Z" user="OSMnx" lat="53.3232848" uid="1" id="5245064864" version="1" lon="-6.2610211" visible="true" /><node changeset="1" timestamp="2026-05-15T09:34:42Z" user="OSMnx" lat="53.3230362" uid="1" id="5245064877" version="1" lon="-6.2615233" visible="true" /><node changeset="1" timestamp="2026-05-15T09:34:42Z" user="OSMnx" lat="53.3241968" uid="1" id="5245064878" version="1" lon="-6.2577864" visible="true" /><node changeset="1" timestamp="2026-05-15T09:34:42Z" user="OSMnx" lat="53.3240262" uid="1" id="5245064885" version="1" lon="-6.2582541" visible="true" /><node changeset="1" timestamp="2026-05-15T09:34:42Z" user="OSMnx" lat="53.32405" uid="1" id="5245064890" version="1" lon="-6.2581944" visible="true" /><node changeset="1" timestamp="2026-05-15T09:34:42Z" user="OSMnx" lat="53.3220893" uid="1" id="5245064895" version="1" lon="-6.2661309" visible="true" /><node changeset="1" timestamp="2026-05-15T09:34:42Z" user="OSMnx" lat="53.3185779" uid="1" id="5247319190" version="1" lon="-6.2422188" visible="true"><tag k="highway" v="crossing" /></node><node changeset="1" timestamp="2026-05-15T09:34:42Z" user="OSMnx" lat="53.3186949" uid="1" id="5247319191" version="1" lon="-6.2422185" visible="true"><tag k="highway" v="crossing" /></node><node changeset="1" timestamp="2026-05-15T09:34:42Z" user="OSMnx" lat="53.3186386" uid="1" id="5247319192" version="1" lon="-6.2423919" visible="true"><tag k="highway" v="crossing" /></node><node changeset="1" timestamp="2026-05-15T09:34:42Z" user="OSMnx" lat="53.3291872" uid="1" id="5272691741" version="1" lon="-6.2589525" visible="true" /><node changeset="1" timestamp="2026-05-15T09:34:42Z" user="OSMnx" lat="53.3293294" uid="1" id="5272691742" version="1" lon="-6.2579933" visible="true"><tag k="highway" v="crossing" /></node><node changeset="1" timestamp="2026-05-15T09:34:42Z" user="OSMnx" lat="53.3312937" uid="1" id="5272691746" version="1" lon="-6.2520734" visible="true"><tag k="highway" v="crossing" /></node><node changeset="1" timestamp="2026-05-15T09:34:42Z" user="OSMnx" lat="53.3268587" uid="1" id="5283972949" version="1" lon="-6.268251" visible="true" /><node changeset="1" timestamp="2026-05-15T09:34:42Z" user="OSMnx" lat="53.3224355" uid="1" id="5288561582" version="1" lon="-6.2620941" visible="true" /><node changeset="1" timestamp="2026-05-15T09:34:42Z" user="OSMnx" lat="53.3187104" uid="1" id="5288561850" version="1" lon="-6.2594519" visible="true" /><node changeset="1" timestamp="2026-05-15T09:34:42Z" user="OSMnx" lat="53.3180774" uid="1" id="5288561886" version="1" lon="-6.2592334" visible="true" /><node changeset="1" timestamp="2026-05-15T09:34:42Z" user="OSMnx" lat="53.3213381" uid="1" id="5288561893" version="1" lon="-6.2594964" visible="true" /><node changeset="1" timestamp="2026-05-15T09:34:42Z" user="OSMnx" lat="53.3265915" uid="1" id="5303039921" version="1" lon="-6.2439025" visible="true" /><node changeset="1" timestamp="2026-05-15T09:34:42Z" user="OSMnx" lat="53.3317221" uid="1" id="5303873952" version="1" lon="-6.2514514" visible="true" /><node changeset="1" timestamp="2026-05-15T09:34:42Z" user="OSMnx" lat="53.329744" uid="1" id="5345889958" version="1" lon="-6.2582541" visible="true" /><node changeset="1" timestamp="2026-05-15T09:34:42Z" user="OSMnx" lat="53.3297958" uid="1" id="5345889966" version="1" lon="-6.2582871" visible="true" /><node changeset="1" timestamp="2026-05-15T09:34:42Z" user="OSMnx" lat="53.3297467" uid="1" id="5345902437" version="1" lon="-6.2564367" visible="true" /><node changeset="1" timestamp="2026-05-15T09:34:42Z" user="OSMnx" lat="53.3306697" uid="1" id="5345902456" version="1" lon="-6.2521552" visible="true" /><node changeset="1" timestamp="2026-05-15T09:34:42Z" user="OSMnx" lat="53.330605" uid="1" id="5345902460" version="1" lon="-6.251909" visible="true" /><node changeset="1" timestamp="2026-05-15T09:34:42Z" user="OSMnx" lat="53.3343147" uid="1" id="5347215732" version="1" lon="-6.2551657" visible="true"><tag k="highway" v="crossing" /></node><node changeset="1" timestamp="2026-05-15T09:34:42Z" user="OSMnx" lat="53.3330187" uid="1" id="5353352885" version="1" lon="-6.2684001" visible="true" /><node changeset="1" timestamp="2026-05-15T09:34:42Z" user="OSMnx" lat="53.3251006" uid="1" id="5362165215" version="1" lon="-6.2591714" visible="true" /><node changeset="1" timestamp="2026-05-15T09:34:42Z" user="OSMnx" lat="53.3250995" uid="1" id="5367413520" version="1" lon="-6.2652986" visible="true"><tag k="highway" v="crossing" /></node><node changeset="1" timestamp="2026-05-15T09:34:42Z" user="OSMnx" lat="53.3160689" uid="1" id="5369422484" version="1" lon="-6.2609726" visible="true" /><node changeset="1" timestamp="2026-05-15T09:34:42Z" user="OSMnx" lat="53.3208057" uid="1" id="5371575821" version="1" lon="-6.2641748" visible="true" /><node changeset="1" timestamp="2026-05-15T09:34:42Z" user="OSMnx" lat="53.3202298" uid="1" id="5371575822" version="1" lon="-6.2638239" visible="true" /><node changeset="1" timestamp="2026-05-15T09:34:42Z" user="OSMnx" lat="53.3226364" uid="1" id="5393962137" version="1" lon="-6.2644826" visible="true" /><node changeset="1" timestamp="2026-05-15T09:34:42Z" user="OSMnx" lat="53.3226427" uid="1" id="5393962138" version="1" lon="-6.2644428" visible="true" /><node changeset="1" timestamp="2026-05-15T09:34:42Z" user="OSMnx" lat="53.3225939" uid="1" id="5393962160" version="1" lon="-6.2647754" visible="true" /><node changeset="1" timestamp="2026-05-15T09:34:42Z" user="OSMnx" lat="53.332599" uid="1" id="5407237262" version="1" lon="-6.2647978" visible="true" /><node changeset="1" timestamp="2026-05-15T09:34:42Z" user="OSMnx" lat="53.3325927" uid="1" id="5407237263" version="1" lon="-6.265012" visible="true"><tag k="highway" v="crossing" /></node><node changeset="1" timestamp="2026-05-15T09:34:42Z" user="OSMnx" lat="53.3324947" uid="1" id="5407237265" version="1" lon="-6.264835" visible="true"><tag k="highway" v="crossing" /></node><node changeset="1" timestamp="2026-05-15T09:34:42Z" user="OSMnx" lat="53.3326034" uid="1" id="5407237268" version="1" lon="-6.264679" visible="true"><tag k="highway" v="crossing" /></node><node changeset="1" timestamp="2026-05-15T09:34:42Z" user="OSMnx" lat="53.3228217" uid="1" id="5417187884" version="1" lon="-6.2361517" visible="true" /><node changeset="1" timestamp="2026-05-15T09:34:42Z" user="OSMnx" lat="53.3249196" uid="1" id="5417187894" version="1" lon="-6.2422748" visible="true" /><node changeset="1" timestamp="2026-05-15T09:34:42Z" user="OSMnx" lat="53.3258095" uid="1" id="5417187897" version="1" lon="-6.2436371" visible="true" /><node changeset="1" timestamp="2026-05-15T09:34:42Z" user="OSMnx" lat="53.3279308" uid="1" id="5417187904" version="1" lon="-6.2452237" visible="true" /><node changeset="1" timestamp="2026-05-15T09:34:42Z" user="OSMnx" lat="53.3281925" uid="1" id="5417187905" version="1" lon="-6.245822" visible="true" /><node changeset="1" timestamp="2026-05-15T09:34:42Z" user="OSMnx" lat="53.322955" uid="1" id="5417320749" version="1" lon="-6.2401911" visible="true" /><node changeset="1" timestamp="2026-05-15T09:34:42Z" user="OSMnx" lat="53.3320619" uid="1" id="5433932403" version="1" lon="-6.2527761" visible="true" /><node changeset="1" timestamp="2026-05-15T09:34:42Z" user="OSMnx" lat="53.3321728" uid="1" id="5433932406" version="1" lon="-6.251556" visible="true" /><node changeset="1" timestamp="2026-05-15T09:34:42Z" user="OSMnx" lat="53.3300779" uid="1" id="5433932411" version="1" lon="-6.264277" visible="true" /><node changeset="1" timestamp="2026-05-15T09:34:42Z" user="OSMnx" lat="53.3288205" uid="1" id="5434512910" version="1" lon="-6.2473784" visible="true" /><node changeset="1" timestamp="2026-05-15T09:34:42Z" user="OSMnx" lat="53.3281099" uid="1" id="5434512915" version="1" lon="-6.2476731" visible="true" /><node changeset="1" timestamp="2026-05-15T09:34:42Z" user="OSMnx" lat="53.330967" uid="1" id="5434513515" version="1" lon="-6.2521411" visible="true" /><node changeset="1" timestamp="2026-05-15T09:34:42Z" user="OSMnx" lat="53.3264677" uid="1" id="5434529717" version="1" lon="-6.2505589" visible="true"><tag k="highway" v="crossing" /></node><node changeset="1" timestamp="2026-05-15T09:34:42Z" user="OSMnx" lat="53.3256677" uid="1" id="5440663761" version="1" lon="-6.2521001" visible="true" /><node changeset="1" timestamp="2026-05-15T09:34:42Z" user="OSMnx" lat="53.3201604" uid="1" id="5448655793" version="1" lon="-6.2343073" visible="true" /><node changeset="1" timestamp="2026-05-15T09:34:42Z" user="OSMnx" lat="53.3287296" uid="1" id="5467311867" version="1" lon="-6.2576401" visible="true" /><node changeset="1" timestamp="2026-05-15T09:34:42Z" user="OSMnx" lat="53.3207404" uid="1" id="5476899998" version="1" lon="-6.2341374" visible="true" /><node changeset="1" timestamp="2026-05-15T09:34:42Z" user="OSMnx" lat="53.3204443" uid="1" id="5476899999" version="1" lon="-6.2344128" visible="true" /><node changeset="1" timestamp="2026-05-15T09:34:42Z" user="OSMnx" lat="53.3214003" uid="1" id="5476989740" version="1" lon="-6.2350622" visible="true"><tag k="highway" v="crossing" /></node><node changeset="1" timestamp="2026-05-15T09:34:42Z" user="OSMnx" lat="53.3220066" uid="1" id="5476989782" version="1" lon="-6.2359896" visible="true" /><node changeset="1" timestamp="2026-05-15T09:34:42Z" user="OSMnx" lat="53.3224975" uid="1" id="5485419418" version="1" lon="-6.2352172" visible="true" /><node changeset="1" timestamp="2026-05-15T09:34:42Z" user="OSMnx" lat="53.3224802" uid="1" id="5485419419" version="1" lon="-6.2356712" visible="true" /><node changeset="1" timestamp="2026-05-15T09:34:42Z" user="OSMnx" lat="53.3250045" uid="1" id="5485452780" version="1" lon="-6.2367351" visible="true" /><node changeset="1" timestamp="2026-05-15T09:34:42Z" user="OSMnx" lat="53.3247742" uid="1" id="5485452785" version="1" lon="-6.2372302" visible="true" /><node changeset="1" timestamp="2026-05-15T09:34:42Z" user="OSMnx" lat="53.3221934" uid="1" id="5485503786" version="1" lon="-6.2369882" visible="true" /><node changeset="1" timestamp="2026-05-15T09:34:42Z" user="OSMnx" lat="53.3223586" uid="1" id="5485537158" version="1" lon="-6.2385189" visible="true" /><node changeset="1" timestamp="2026-05-15T09:34:42Z" user="OSMnx" lat="53.3220123" uid="1" id="5485561298" version="1" lon="-6.238784" visible="true" /><node changeset="1" timestamp="2026-05-15T09:34:42Z" user="OSMnx" lat="53.3225887" uid="1" id="5485561303" version="1" lon="-6.2384569" visible="true" /><node changeset="1" timestamp="2026-05-15T09:34:42Z" user="OSMnx" lat="53.3218828" uid="1" id="5485574311" version="1" lon="-6.2389426" visible="true"><tag k="highway" v="give_way" /></node><node changeset="1" timestamp="2026-05-15T09:34:42Z" user="OSMnx" lat="53.3212987" uid="1" id="5486199693" version="1" lon="-6.2364375" visible="true" /><node changeset="1" timestamp="2026-05-15T09:34:42Z" user="OSMnx" lat="53.324804" uid="1" id="5494136508" version="1" lon="-6.2424753" visible="true" /><node changeset="1" timestamp="2026-05-15T09:34:42Z" user="OSMnx" lat="53.3266929" uid="1" id="5495203981" version="1" lon="-6.2431638" visible="true"><tag k="highway" v="crossing" /></node><node changeset="1" timestamp="2026-05-15T09:34:42Z" user="OSMnx" lat="53.327809" uid="1" id="5497801949" version="1" lon="-6.2449093" visible="true" /><node changeset="1" timestamp="2026-05-15T09:34:42Z" user="OSMnx" lat="53.3278436" uid="1" id="5497801952" version="1" lon="-6.2449986" visible="true" /><node changeset="1" timestamp="2026-05-15T09:34:42Z" user="OSMnx" lat="53.3277868" uid="1" id="5497801956" version="1" lon="-6.2448025" visible="true" /><node changeset="1" timestamp="2026-05-15T09:34:42Z" user="OSMnx" lat="53.328163" uid="1" id="5497801961" version="1" lon="-6.2457429" visible="true"><tag k="highway" v="crossing" /></node><node changeset="1" timestamp="2026-05-15T09:34:42Z" user="OSMnx" lat="53.3282605" uid="1" id="5497801962" version="1" lon="-6.2454549" visible="true"><tag k="highway" v="crossing" /></node><node changeset="1" timestamp="2026-05-15T09:34:42Z" user="OSMnx" lat="53.3301746" uid="1" id="5501988943" version="1" lon="-6.2475649" visible="true" /><node changeset="1" timestamp="2026-05-15T09:34:42Z" user="OSMnx" lat="53.3237932" uid="1" id="5515898221" version="1" lon="-6.2500481" visible="true" /><node changeset="1" timestamp="2026-05-15T09:34:42Z" user="OSMnx" lat="53.3178357" uid="1" id="5523125978" version="1" lon="-6.2591106" visible="true" /><node changeset="1" timestamp="2026-05-15T09:34:42Z" user="OSMnx" lat="53.3231485" uid="1" id="5538812034" version="1" lon="-6.2495223" visible="true" /><node changeset="1" timestamp="2026-05-15T09:34:42Z" user="OSMnx" lat="53.314543" uid="1" id="5581532433" version="1" lon="-6.2582883" visible="true" /><node changeset="1" timestamp="2026-05-15T09:34:42Z" user="OSMnx" lat="53.3311362" uid="1" id="5658872349" version="1" lon="-6.2611852" visible="true" /><node changeset="1" timestamp="2026-05-15T09:34:42Z" user="OSMnx" lat="53.3307824" uid="1" id="5658872351" version="1" lon="-6.2623125" visible="true" /><node changeset="1" timestamp="2026-05-15T09:34:42Z" user="OSMnx" lat="53.3312557" uid="1" id="5658872353" version="1" lon="-6.2624395" visible="true" /><node changeset="1" timestamp="2026-05-15T09:34:42Z" user="OSMnx" lat="53.3315197" uid="1" id="5658872354" version="1" lon="-6.2618951" visible="true"><tag k="highway" v="crossing" /></node><node changeset="1" timestamp="2026-05-15T09:34:42Z" user="OSMnx" lat="53.3312084" uid="1" id="5658908252" version="1" lon="-6.2613005" visible="true" /><node changeset="1" timestamp="2026-05-15T09:34:42Z" user="OSMnx" lat="53.3316423" uid="1" id="5658908258" version="1" lon="-6.2619582" visible="true"><tag k="highway" v="crossing" /></node><node changeset="1" timestamp="2026-05-15T09:34:42Z" user="OSMnx" lat="53.3310583" uid="1" id="5658925521" version="1" lon="-6.2610572" visible="true" /><node changeset="1" timestamp="2026-05-15T09:34:42Z" user="OSMnx" lat="53.3273449" uid="1" id="5658941695" version="1" lon="-6.2583263" visible="true" /><node changeset="1" timestamp="2026-05-15T09:34:42Z" user="OSMnx" lat="53.3192804" uid="1" id="5658971351" version="1" lon="-6.2429806" visible="true" /><node changeset="1" timestamp="2026-05-15T09:34:42Z" user="OSMnx" lat="53.3240763" uid="1" id="5659027539" version="1" lon="-6.249793" visible="true" /><node changeset="1" timestamp="2026-05-15T09:34:42Z" user="OSMnx" lat="53.3160872" uid="1" id="5659457194" version="1" lon="-6.2434051" visible="true" /><node changeset="1" timestamp="2026-05-15T09:34:42Z" user="OSMnx" lat="53.3165608" uid="1" id="5659457195" version="1" lon="-6.2448911" visible="true" /><node changeset="1" timestamp="2026-05-15T09:34:42Z" user="OSMnx" lat="53.316401" uid="1" id="5659457197" version="1" lon="-6.2441457" visible="true" /><node changeset="1" timestamp="2026-05-15T09:34:42Z" user="OSMnx" lat="53.3161488" uid="1" id="5659457198" version="1" lon="-6.243332" visible="true" /><node changeset="1" timestamp="2026-05-15T09:34:42Z" user="OSMnx" lat="53.3159594" uid="1" id="5659457199" version="1" lon="-6.2427697" visible="true" /><node changeset="1" timestamp="2026-05-15T09:34:42Z" user="OSMnx" lat="53.3163504" uid="1" id="5659457200" version="1" lon="-6.2442041" visible="true" /><node changeset="1" timestamp="2026-05-15T09:34:42Z" user="OSMnx" lat="53.3158957" uid="1" id="5659457201" version="1" lon="-6.2428435" visible="true" /><node changeset="1" timestamp="2026-05-15T09:34:42Z" user="OSMnx" lat="53.316574" uid="1" id="5659457202" version="1" lon="-6.2439237" visible="true" /><node changeset="1" timestamp="2026-05-15T09:34:42Z" user="OSMnx" lat="53.3159645" uid="1" id="5659478581" version="1" lon="-6.2454984" visible="true" /><node changeset="1" timestamp="2026-05-15T09:34:42Z" user="OSMnx" lat="53.3157418" uid="1" id="5659478582" version="1" lon="-6.2456244" visible="true" /><node changeset="1" timestamp="2026-05-15T09:34:42Z" user="OSMnx" lat="53.3156678" uid="1" id="5659478583" version="1" lon="-6.245403" visible="true" /><node changeset="1" timestamp="2026-05-15T09:34:42Z" user="OSMnx" lat="53.3147644" uid="1" id="5659479133" version="1" lon="-6.2460233" visible="true" /><node changeset="1" timestamp="2026-05-15T09:34:42Z" user="OSMnx" lat="53.3236597" uid="1" id="5661606325" version="1" lon="-6.2655537" visible="true" /><node changeset="1" timestamp="2026-05-15T09:34:42Z" user="OSMnx" lat="53.3138906" uid="1" id="5754777557" version="1" lon="-6.2385304" visible="true" /><node changeset="1" timestamp="2026-05-15T09:34:42Z" user="OSMnx" lat="53.3298798" uid="1" id="5789931063" version="1" lon="-6.2349522" visible="true" /><node changeset="1" timestamp="2026-05-15T09:34:42Z" user="OSMnx" lat="53.3291715" uid="1" id="5789931887" version="1" lon="-6.2338346" visible="true" /><node changeset="1" timestamp="2026-05-15T09:34:42Z" user="OSMnx" lat="53.3291627" uid="1" id="5789931888" version="1" lon="-6.2336577" visible="true" /><node changeset="1" timestamp="2026-05-15T09:34:42Z" user="OSMnx" lat="53.3296181" uid="1" id="5799372894" version="1" lon="-6.248918" visible="true" /><node changeset="1" timestamp="2026-05-15T09:34:42Z" user="OSMnx" lat="53.3329451" uid="1" id="5799372896" version="1" lon="-6.2488867" visible="true" /><node changeset="1" timestamp="2026-05-15T09:34:42Z" user="OSMnx" lat="53.3256113" uid="1" id="5817986262" version="1" lon="-6.242271" visible="true" /><node changeset="1" timestamp="2026-05-15T09:34:42Z" user="OSMnx" lat="53.3303477" uid="1" id="5872328222" version="1" lon="-6.250432" visible="true" /><node changeset="1" timestamp="2026-05-15T09:34:42Z" user="OSMnx" lat="53.3318823" uid="1" id="5872328243" version="1" lon="-6.2514536" visible="true" /><node changeset="1" timestamp="2026-05-15T09:34:42Z" user="OSMnx" lat="53.3322917" uid="1" id="5872328278" version="1" lon="-6.25112" visible="true" /><node changeset="1" timestamp="2026-05-15T09:34:42Z" user="OSMnx" lat="53.3321471" uid="1" id="5872388193" version="1" lon="-6.2437538" visible="true" /><node changeset="1" timestamp="2026-05-15T09:34:42Z" user="OSMnx" lat="53.32157" uid="1" id="5885041288" version="1" lon="-6.266808" visible="true" /><node changeset="1" timestamp="2026-05-15T09:34:42Z" user="OSMnx" lat="53.3247102" uid="1" id="5966992443" version="1" lon="-6.2536304" visible="true" /><node changeset="1" timestamp="2026-05-15T09:34:42Z" user="OSMnx" lat="53.3340399" uid="1" id="5966992449" version="1" lon="-6.2620243" visible="true" /><node changeset="1" timestamp="2026-05-15T09:34:42Z" user="OSMnx" lat="53.3312395" uid="1" id="6010638902" version="1" lon="-6.2464234" visible="true" /><node changeset="1" timestamp="2026-05-15T09:34:42Z" user="OSMnx" lat="53.3324835" uid="1" id="6010638921" version="1" lon="-6.2465487" visible="true" /><node changeset="1" timestamp="2026-05-15T09:34:42Z" user="OSMnx" lat="53.3346899" uid="1" id="6011053538" version="1" lon="-6.2372077" visible="true" /><node changeset="1" timestamp="2026-05-15T09:34:42Z" user="OSMnx" lat="53.3339316" uid="1" id="6041611727" version="1" lon="-6.2517899" visible="true"><tag k="highway" v="crossing" /></node><node changeset="1" timestamp="2026-05-15T09:34:42Z" user="OSMnx" lat="53.3320867" uid="1" id="6088928433" version="1" lon="-6.2514547" visible="true" /><node changeset="1" timestamp="2026-05-15T09:34:42Z" user="OSMnx" lat="53.3326838" uid="1" id="6088992573" version="1" lon="-6.2497612" visible="true" /><node changeset="1" timestamp="2026-05-15T09:34:42Z" user="OSMnx" lat="53.3324367" uid="1" id="6088992576" version="1" lon="-6.250611" visible="true" /><node changeset="1" timestamp="2026-05-15T09:34:42Z" user="OSMnx" lat="53.3325067" uid="1" id="6088993085" version="1" lon="-6.2503651" visible="true" /><node changeset="1" timestamp="2026-05-15T09:34:42Z" user="OSMnx" lat="53.333151" uid="1" id="6088993107" version="1" lon="-6.2481889" visible="true" /><node changeset="1" timestamp="2026-05-15T09:34:42Z" user="OSMnx" lat="53.3321314" uid="1" id="6089052486" version="1" lon="-6.2478638" visible="true" /><node changeset="1" timestamp="2026-05-15T09:34:42Z" user="OSMnx" lat="53.3314159" uid="1" id="6089052487" version="1" lon="-6.2477008" visible="true" /><node changeset="1" timestamp="2026-05-15T09:34:42Z" user="OSMnx" lat="53.3331796" uid="1" id="6089052495" version="1" lon="-6.2480911" visible="true" /><node changeset="1" timestamp="2026-05-15T09:34:42Z" user="OSMnx" lat="53.3330169" uid="1" id="6089140916" version="1" lon="-6.2469801" visible="true" /><node changeset="1" timestamp="2026-05-15T09:34:42Z" user="OSMnx" lat="53.3315995" uid="1" id="6089168320" version="1" lon="-6.2460436" visible="true"><tag k="highway" v="stop" /></node><node changeset="1" timestamp="2026-05-15T09:34:42Z" user="OSMnx" lat="53.3316725" uid="1" id="6089168327" version="1" lon="-6.2460865" visible="true" /><node changeset="1" timestamp="2026-05-15T09:34:42Z" user="OSMnx" lat="53.3312285" uid="1" id="6089168347" version="1" lon="-6.2472111" visible="true" /><node changeset="1" timestamp="2026-05-15T09:34:42Z" user="OSMnx" lat="53.3327469" uid="1" id="6110101044" version="1" lon="-6.2534801" visible="true"><tag k="highway" v="crossing" /></node><node changeset="1" timestamp="2026-05-15T09:34:42Z" user="OSMnx" lat="53.3225696" uid="1" id="6139609327" version="1" lon="-6.2656656" visible="true" /><node changeset="1" timestamp="2026-05-15T09:34:42Z" user="OSMnx" lat="53.3217321" uid="1" id="6139609328" version="1" lon="-6.2661465" visible="true" /><node changeset="1" timestamp="2026-05-15T09:34:42Z" user="OSMnx" lat="53.3271386" uid="1" id="6167117796" version="1" lon="-6.2545078" visible="true" /><node changeset="1" timestamp="2026-05-15T09:34:42Z" user="OSMnx" lat="53.3273384" uid="1" id="6167117801" version="1" lon="-6.2557722" visible="true" /><node changeset="1" timestamp="2026-05-15T09:34:42Z" user="OSMnx" lat="53.3268707" uid="1" id="6167117802" version="1" lon="-6.2534903" visible="true"><tag k="highway" v="turning_circle" /></node><node changeset="1" timestamp="2026-05-15T09:34:42Z" user="OSMnx" lat="53.3308625" uid="1" id="6167117803" version="1" lon="-6.2576314" visible="true" /><node changeset="1" timestamp="2026-05-15T09:34:42Z" user="OSMnx" lat="53.3296452" uid="1" id="6167117806" version="1" lon="-6.2569036" visible="true" /><node changeset="1" timestamp="2026-05-15T09:34:42Z" user="OSMnx" lat="53.3293981" uid="1" id="6167135563" version="1" lon="-6.2482728" visible="true" /><node changeset="1" timestamp="2026-05-15T09:34:42Z" user="OSMnx" lat="53.3318146" uid="1" id="6167135564" version="1" lon="-6.2460529" visible="true" /><node changeset="1" timestamp="2026-05-15T09:34:42Z" user="OSMnx" lat="53.3313291" uid="1" id="6167135565" version="1" lon="-6.2442268" visible="true"><tag k="highway" v="crossing" /></node><node changeset="1" timestamp="2026-05-15T09:34:42Z" user="OSMnx" lat="53.3315834" uid="1" id="6167135566" version="1" lon="-6.2459316" visible="true"><tag k="highway" v="crossing" /></node><node changeset="1" timestamp="2026-05-15T09:34:42Z" user="OSMnx" lat="53.3341966" uid="1" id="6167185280" version="1" lon="-6.2353236" visible="true" /><node changeset="1" timestamp="2026-05-15T09:34:42Z" user="OSMnx" lat="53.3337966" uid="1" id="6167185283" version="1" lon="-6.2350244" visible="true" /><node changeset="1" timestamp="2026-05-15T09:34:42Z" user="OSMnx" lat="53.3139786" uid="1" id="6177100607" version="1" lon="-6.2385014" visible="true" /><node changeset="1" timestamp="2026-05-15T09:34:42Z" user="OSMnx" lat="53.3308689" uid="1" id="6177182948" version="1" lon="-6.2544961" visible="true"><tag k="highway" v="give_way" /></node><node changeset="1" timestamp="2026-05-15T09:34:42Z" user="OSMnx" lat="53.3341397" uid="1" id="6225777650" version="1" lon="-6.2654047" visible="true" /><node changeset="1" timestamp="2026-05-15T09:34:42Z" user="OSMnx" lat="53.3294107" uid="1" id="6372471616" version="1" lon="-6.2487617" visible="true" /><node changeset="1" timestamp="2026-05-15T09:34:42Z" user="OSMnx" lat="53.3300568" uid="1" id="6372471642" version="1" lon="-6.2497889" visible="true" /><node changeset="1" timestamp="2026-05-15T09:34:42Z" user="OSMnx" lat="53.3293251" uid="1" id="6372471649" version="1" lon="-6.2486809" visible="true" /><node changeset="1" timestamp="2026-05-15T09:34:42Z" user="OSMnx" lat="53.3292477" uid="1" id="6372471652" version="1" lon="-6.2483024" visible="true" /><node changeset="1" timestamp="2026-05-15T09:34:42Z" user="OSMnx" lat="53.3292219" uid="1" id="6372471655" version="1" lon="-6.2482454" visible="true" /><node changeset="1" timestamp="2026-05-15T09:34:42Z" user="OSMnx" lat="53.3291769" uid="1" id="6372471658" version="1" lon="-6.248146" visible="true" /><node changeset="1" timestamp="2026-05-15T09:34:42Z" user="OSMnx" lat="53.3290501" uid="1" id="6372471661" version="1" lon="-6.2478737" visible="true" /><node changeset="1" timestamp="2026-05-15T09:34:42Z" user="OSMnx" lat="53.3289376" uid="1" id="6372471664" version="1" lon="-6.2476322" visible="true" /><node changeset="1" timestamp="2026-05-15T09:34:42Z" user="OSMnx" lat="53.3290558" uid="1" id="6372471667" version="1" lon="-6.2480809" visible="true" /><node changeset="1" timestamp="2026-05-15T09:34:42Z" user="OSMnx" lat="53.3293683" uid="1" id="6372471671" version="1" lon="-6.2489523" visible="true" /><node changeset="1" timestamp="2026-05-15T09:34:42Z" user="OSMnx" lat="53.3341498" uid="1" id="6381185706" version="1" lon="-6.2366873" visible="true"><tag k="ref" v="413" /></node><node changeset="1" timestamp="2026-05-15T09:34:42Z" user="OSMnx" lat="53.3329771" uid="1" id="6381185708" version="1" lon="-6.2358782" visible="true"><tag k="ref" v="488" /></node><node changeset="1" timestamp="2026-05-15T09:34:42Z" user="OSMnx" lat="53.3296695" uid="1" id="6394058387" version="1" lon="-6.2490174" visible="true"><tag k="ref" v="848" /></node><node changeset="1" timestamp="2026-05-15T09:34:42Z" user="OSMnx" lat="53.3251334" uid="1" id="6394058388" version="1" lon="-6.2533025" visible="true"><tag k="ref" v="851" /></node><node changeset="1" timestamp="2026-05-15T09:34:42Z" user="OSMnx" lat="53.324447" uid="1" id="6394058389" version="1" lon="-6.2529914" visible="true"><tag k="ref" v="852" /></node><node changeset="1" timestamp="2026-05-15T09:34:42Z" user="OSMnx" lat="53.3216625" uid="1" id="6394058390" version="1" lon="-6.2467587" visible="true"><tag k="ref" v="854" /></node><node changeset="1" timestamp="2026-05-15T09:34:42Z" user="OSMnx" lat="53.3192999" uid="1" id="6394058391" version="1" lon="-6.2430102" visible="true"><tag k="ref" v="855" /></node><node changeset="1" timestamp="2026-05-15T09:34:42Z" user="OSMnx" lat="53.3176891" uid="1" id="6394058392" version="1" lon="-6.2408842" visible="true"><tag k="ref" v="856" /></node><node changeset="1" timestamp="2026-05-15T09:34:42Z" user="OSMnx" lat="53.316543" uid="1" id="6394058393" version="1" lon="-6.2385104" visible="true"><tag k="ref" v="857" /></node><node changeset="1" timestamp="2026-05-15T09:34:42Z" user="OSMnx" lat="53.3143658" uid="1" id="6395926030" version="1" lon="-6.2383759" visible="true"><tag k="ref" v="881" /></node><node changeset="1" timestamp="2026-05-15T09:34:42Z" user="OSMnx" lat="53.3167757" uid="1" id="6395926031" version="1" lon="-6.2390853" visible="true"><tag k="ref" v="882" /></node><node changeset="1" timestamp="2026-05-15T09:34:42Z" user="OSMnx" lat="53.320034" uid="1" id="6395926032" version="1" lon="-6.2441779" visible="true"><tag k="ref" v="884" /></node><node changeset="1" timestamp="2026-05-15T09:34:42Z" user="OSMnx" lat="53.3213237" uid="1" id="6395926033" version="1" lon="-6.2461905" visible="true"><tag k="ref" v="885" /></node><node changeset="1" timestamp="2026-05-15T09:34:42Z" user="OSMnx" lat="53.3226727" uid="1" id="6395926034" version="1" lon="-6.2485883" visible="true"><tag k="ref" v="886" /></node><node changeset="1" timestamp="2026-05-15T09:34:42Z" user="OSMnx" lat="53.3242495" uid="1" id="6395926035" version="1" lon="-6.2524245" visible="true"><tag k="ref" v="887" /></node><node changeset="1" timestamp="2026-05-15T09:34:42Z" user="OSMnx" lat="53.3255554" uid="1" id="6395926036" version="1" lon="-6.2523644" visible="true"><tag k="ref" v="903" /></node><node changeset="1" timestamp="2026-05-15T09:34:42Z" user="OSMnx" lat="53.3288884" uid="1" id="6395926037" version="1" lon="-6.2475255" visible="true"><tag k="ref" v="906" /></node><node changeset="1" timestamp="2026-05-15T09:34:42Z" user="OSMnx" lat="53.3312074" uid="1" id="6395926038" version="1" lon="-6.2522865" visible="true"><tag k="ref" v="908" /></node><node changeset="1" timestamp="2026-05-15T09:34:42Z" user="OSMnx" lat="53.3332667" uid="1" id="6395926039" version="1" lon="-6.2540443" visible="true"><tag k="ref" v="909" /></node><node changeset="1" timestamp="2026-05-15T09:34:42Z" user="OSMnx" lat="53.3239434" uid="1" id="6406327374" version="1" lon="-6.2653978" visible="true"><tag k="highway" v="crossing" /></node><node changeset="1" timestamp="2026-05-15T09:34:42Z" user="OSMnx" lat="53.3157761" uid="1" id="6412395560" version="1" lon="-6.2662901" visible="true" /><node changeset="1" timestamp="2026-05-15T09:34:42Z" user="OSMnx" lat="53.3159733" uid="1" id="6412395561" version="1" lon="-6.2668865" visible="true" /><node changeset="1" timestamp="2026-05-15T09:34:42Z" user="OSMnx" lat="53.3138009" uid="1" id="6412468106" version="1" lon="-6.2657776" visible="true" /><node changeset="1" timestamp="2026-05-15T09:34:42Z" user="OSMnx" lat="53.314618" uid="1" id="6412468107" version="1" lon="-6.2661555" visible="true" /><node changeset="1" timestamp="2026-05-15T09:34:42Z" user="OSMnx" lat="53.3147784" uid="1" id="6412468108" version="1" lon="-6.2693675" visible="true" /><node changeset="1" timestamp="2026-05-15T09:34:42Z" user="OSMnx" lat="53.3148292" uid="1" id="6412468109" version="1" lon="-6.2693719" visible="true"><tag k="highway" v="stop" /></node><node changeset="1" timestamp="2026-05-15T09:34:42Z" user="OSMnx" lat="53.3141419" uid="1" id="6412468110" version="1" lon="-6.2693063" visible="true" /><node changeset="1" timestamp="2026-05-15T09:34:42Z" user="OSMnx" lat="53.3141741" uid="1" id="6412468111" version="1" lon="-6.2677019" visible="true" /><node changeset="1" timestamp="2026-05-15T09:34:42Z" user="OSMnx" lat="53.3326694" uid="1" id="6503455524" version="1" lon="-6.263414" visible="true" /><node changeset="1" timestamp="2026-05-15T09:34:42Z" user="OSMnx" lat="53.3329911" uid="1" id="6503455525" version="1" lon="-6.2626224" visible="true" /><node changeset="1" timestamp="2026-05-15T09:34:42Z" user="OSMnx" lat="53.3330289" uid="1" id="6503455526" version="1" lon="-6.2626268" visible="true" /><node changeset="1" timestamp="2026-05-15T09:34:42Z" user="OSMnx" lat="53.3329088" uid="1" id="6503455527" version="1" lon="-6.2626415" visible="true" /><node changeset="1" timestamp="2026-05-15T09:34:42Z" user="OSMnx" lat="53.3219723" uid="1" id="6580291317" version="1" lon="-6.2393271" visible="true" /><node changeset="1" timestamp="2026-05-15T09:34:42Z" user="OSMnx" lat="53.3219228" uid="1" id="6580291318" version="1" lon="-6.239111" visible="true" /><node changeset="1" timestamp="2026-05-15T09:34:42Z" user="OSMnx" lat="53.3194563" uid="1" id="6580308927" version="1" lon="-6.2385892" visible="true" /><node changeset="1" timestamp="2026-05-15T09:34:42Z" user="OSMnx" lat="53.3243724" uid="1" id="6641136332" version="1" lon="-6.2653123" visible="true" /><node changeset="1" timestamp="2026-05-15T09:34:42Z" user="OSMnx" lat="53.3327432" uid="1" id="6654490664" version="1" lon="-6.2622733" visible="true" /><node changeset="1" timestamp="2026-05-15T09:34:42Z" user="OSMnx" lat="53.3326009" uid="1" id="6654648241" version="1" lon="-6.2669365" visible="true"><tag k="highway" v="crossing" /></node><node changeset="1" timestamp="2026-05-15T09:34:42Z" user="OSMnx" lat="53.3314444" uid="1" id="6667937948" version="1" lon="-6.2454402" visible="true"><tag k="highway" v="crossing" /></node><node changeset="1" timestamp="2026-05-15T09:34:42Z" user="OSMnx" lat="53.3315822" uid="1" id="6667937949" version="1" lon="-6.24538" visible="true"><tag k="highway" v="crossing" /></node><node changeset="1" timestamp="2026-05-15T09:34:42Z" user="OSMnx" lat="53.3286327" uid="1" id="6667937950" version="1" lon="-6.2466548" visible="true"><tag k="highway" v="crossing" /></node><node changeset="1" timestamp="2026-05-15T09:34:42Z" user="OSMnx" lat="53.3325947" uid="1" id="6697430453" version="1" lon="-6.2500594" visible="true" /><node changeset="1" timestamp="2026-05-15T09:34:42Z" user="OSMnx" lat="53.3326227" uid="1" id="6697430456" version="1" lon="-6.2499655" visible="true" /><node changeset="1" timestamp="2026-05-15T09:34:42Z" user="OSMnx" lat="53.3326489" uid="1" id="6697430459" version="1" lon="-6.2498781" visible="true" /><node changeset="1" timestamp="2026-05-15T09:34:42Z" user="OSMnx" lat="53.3319819" uid="1" id="7008547637" version="1" lon="-6.2669572" visible="true"><tag k="highway" v="crossing" /></node><node changeset="1" timestamp="2026-05-15T09:34:42Z" user="OSMnx" lat="53.3325762" uid="1" id="7015698998" version="1" lon="-6.263268" visible="true"><tag k="highway" v="traffic_signals" /></node><node changeset="1" timestamp="2026-05-15T09:34:42Z" user="OSMnx" lat="53.3311459" uid="1" id="7061578426" version="1" lon="-6.268392" visible="true" /><node changeset="1" timestamp="2026-05-15T09:34:42Z" user="OSMnx" lat="53.3338135" uid="1" id="7191284739" version="1" lon="-6.265206" visible="true" /><node changeset="1" timestamp="2026-05-15T09:34:42Z" user="OSMnx" lat="53.3340264" uid="1" id="7191284740" version="1" lon="-6.2652571" visible="true" /><node changeset="1" timestamp="2026-05-15T09:34:42Z" user="OSMnx" lat="53.3231744" uid="1" id="7235752733" version="1" lon="-6.2497048" visible="true"><tag k="highway" v="crossing" /></node><node changeset="1" timestamp="2026-05-15T09:34:42Z" user="OSMnx" lat="53.3337014" uid="1" id="7241108921" version="1" lon="-6.2640081" visible="true" /><node changeset="1" timestamp="2026-05-15T09:34:42Z" user="OSMnx" lat="53.3167744" uid="1" id="7394704790" version="1" lon="-6.2448035" visible="true" /><node changeset="1" timestamp="2026-05-15T09:34:42Z" user="OSMnx" lat="53.3170583" uid="1" id="7394704792" version="1" lon="-6.2447406" visible="true" /><node changeset="1" timestamp="2026-05-15T09:34:42Z" user="OSMnx" lat="53.3342404" uid="1" id="7465142083" version="1" lon="-6.2444892" visible="true" /><node changeset="1" timestamp="2026-05-15T09:34:42Z" user="OSMnx" lat="53.3336364" uid="1" id="7512305754" version="1" lon="-6.2482302" visible="true" /><node changeset="1" timestamp="2026-05-15T09:34:42Z" user="OSMnx" lat="53.3181154" uid="1" id="7522860831" version="1" lon="-6.2514485" visible="true" /><node changeset="1" timestamp="2026-05-15T09:34:42Z" user="OSMnx" lat="53.3291862" uid="1" id="7636764539" version="1" lon="-6.237393" visible="true" /><node changeset="1" timestamp="2026-05-15T09:34:42Z" user="OSMnx" lat="53.328451" uid="1" id="7636764542" version="1" lon="-6.2370034" visible="true" /><node changeset="1" timestamp="2026-05-15T09:34:42Z" user="OSMnx" lat="53.3158496" uid="1" id="7678736969" version="1" lon="-6.268392" visible="true" /><node changeset="1" timestamp="2026-05-15T09:34:42Z" user="OSMnx" lat="53.320696" uid="1" id="7866674301" version="1" lon="-6.264108" visible="true"><tag k="highway" v="turning_circle" /></node><node changeset="1" timestamp="2026-05-15T09:34:42Z" user="OSMnx" lat="53.3207297" uid="1" id="7866674302" version="1" lon="-6.2639657" visible="true" /><node changeset="1" timestamp="2026-05-15T09:34:42Z" user="OSMnx" lat="53.3279967" uid="1" id="7866681212" version="1" lon="-6.2616084" visible="true" /><node changeset="1" timestamp="2026-05-15T09:34:42Z" user="OSMnx" lat="53.3280184" uid="1" id="7866681213" version="1" lon="-6.2614515" visible="true" /><node changeset="1" timestamp="2026-05-15T09:34:42Z" user="OSMnx" lat="53.3280376" uid="1" id="7866681214" version="1" lon="-6.2611913" visible="true" /><node changeset="1" timestamp="2026-05-15T09:34:42Z" user="OSMnx" lat="53.3320268" uid="1" id="8013969187" version="1" lon="-6.2647218" visible="true" /><node changeset="1" timestamp="2026-05-15T09:34:42Z" user="OSMnx" lat="53.3277447" uid="1" id="8073141777" version="1" lon="-6.2389761" visible="true" /><node changeset="1" timestamp="2026-05-15T09:34:42Z" user="OSMnx" lat="53.3334626" uid="1" id="8140608768" version="1" lon="-6.2488145" visible="true" /><node changeset="1" timestamp="2026-05-15T09:34:42Z" user="OSMnx" lat="53.3214329" uid="1" id="8190703774" version="1" lon="-6.2676174" visible="true"><tag k="highway" v="crossing" /></node><node changeset="1" timestamp="2026-05-15T09:34:42Z" user="OSMnx" lat="53.3298429" uid="1" id="8287924199" version="1" lon="-6.256371" visible="true" /><node changeset="1" timestamp="2026-05-15T09:34:42Z" user="OSMnx" lat="53.3203731" uid="1" id="8287924209" version="1" lon="-6.243" visible="true" /><node changeset="1" timestamp="2026-05-15T09:34:42Z" user="OSMnx" lat="53.3200765" uid="1" id="8287924210" version="1" lon="-6.242542" visible="true" /><node changeset="1" timestamp="2026-05-15T09:34:42Z" user="OSMnx" lat="53.3270184" uid="1" id="8291817811" version="1" lon="-6.243611" visible="true"><tag k="ref" v="777" /></node><node changeset="1" timestamp="2026-05-15T09:34:42Z" user="OSMnx" lat="53.3235234" uid="1" id="8291817812" version="1" lon="-6.238991" visible="true"><tag k="ref" v="775" /></node><node changeset="1" timestamp="2026-05-15T09:34:42Z" user="OSMnx" lat="53.3197723" uid="1" id="8300951956" version="1" lon="-6.2633846" visible="true" /><node changeset="1" timestamp="2026-05-15T09:34:42Z" user="OSMnx" lat="53.3251327" uid="1" id="8303276373" version="1" lon="-6.2544103" visible="true"><tag k="highway" v="crossing" /></node><node changeset="1" timestamp="2026-05-15T09:34:42Z" user="OSMnx" lat="53.3248772" uid="1" id="8303276379" version="1" lon="-6.2538002" visible="true" /><node changeset="1" timestamp="2026-05-15T09:34:42Z" user="OSMnx" lat="53.3252599" uid="1" id="8303276380" version="1" lon="-6.2542091" visible="true" /><node changeset="1" timestamp="2026-05-15T09:34:42Z" user="OSMnx" lat="53.3240062" uid="1" id="8303894031" version="1" lon="-6.2516304" visible="true" /><node changeset="1" timestamp="2026-05-15T09:34:42Z" user="OSMnx" lat="53.3324523" uid="1" id="8356783892" version="1" lon="-6.2669084" visible="true"><tag k="highway" v="crossing" /></node><node changeset="1" timestamp="2026-05-15T09:34:42Z" user="OSMnx" lat="53.3204242" uid="1" id="8376341623" version="1" lon="-6.2484572" visible="true" /><node changeset="1" timestamp="2026-05-15T09:34:42Z" user="OSMnx" lat="53.3206117" uid="1" id="8376341650" version="1" lon="-6.2484504" visible="true" /><node changeset="1" timestamp="2026-05-15T09:34:42Z" user="OSMnx" lat="53.3201208" uid="1" id="8376341736" version="1" lon="-6.2485895" visible="true" /><node changeset="1" timestamp="2026-05-15T09:34:42Z" user="OSMnx" lat="53.3196801" uid="1" id="8376341738" version="1" lon="-6.2487813" visible="true" /><node changeset="1" timestamp="2026-05-15T09:34:42Z" user="OSMnx" lat="53.3207825" uid="1" id="8376356206" version="1" lon="-6.2484934" visible="true" /><node changeset="1" timestamp="2026-05-15T09:34:42Z" user="OSMnx" lat="53.3215851" uid="1" id="8376380597" version="1" lon="-6.2464613" visible="true"><tag k="highway" v="crossing" /></node><node changeset="1" timestamp="2026-05-15T09:34:42Z" user="OSMnx" lat="53.322206" uid="1" id="8376389421" version="1" lon="-6.2477348" visible="true"><tag k="highway" v="crossing" /></node><node changeset="1" timestamp="2026-05-15T09:34:42Z" user="OSMnx" lat="53.3232235" uid="1" id="8376389443" version="1" lon="-6.2443375" visible="true"><tag k="highway" v="crossing" /></node><node changeset="1" timestamp="2026-05-15T09:34:42Z" user="OSMnx" lat="53.3227519" uid="1" id="8376389444" version="1" lon="-6.2458123" visible="true"><tag k="highway" v="crossing" /></node><node changeset="1" timestamp="2026-05-15T09:34:42Z" user="OSMnx" lat="53.3231276" uid="1" id="8376389463" version="1" lon="-6.2493471" visible="true"><tag k="highway" v="crossing" /></node><node changeset="1" timestamp="2026-05-15T09:34:42Z" user="OSMnx" lat="53.3235283" uid="1" id="8376389465" version="1" lon="-6.2502636" visible="true"><tag k="highway" v="crossing" /></node><node changeset="1" timestamp="2026-05-15T09:34:42Z" user="OSMnx" lat="53.3241462" uid="1" id="8376389468" version="1" lon="-6.2519208" visible="true"><tag k="highway" v="crossing" /></node><node changeset="1" timestamp="2026-05-15T09:34:42Z" user="OSMnx" lat="53.3248837" uid="1" id="8376389469" version="1" lon="-6.2537899" visible="true"><tag k="highway" v="crossing" /></node><node changeset="1" timestamp="2026-05-15T09:34:42Z" user="OSMnx" lat="53.3233648" uid="1" id="8376389490" version="1" lon="-6.2501692" visible="true"><tag k="highway" v="crossing" /></node><node changeset="1" timestamp="2026-05-15T09:34:42Z" user="OSMnx" lat="53.3242548" uid="1" id="8376389492" version="1" lon="-6.2527155" visible="true"><tag k="highway" v="crossing" /></node><node changeset="1" timestamp="2026-05-15T09:34:42Z" user="OSMnx" lat="53.3222302" uid="1" id="8376389493" version="1" lon="-6.247942" visible="true"><tag k="highway" v="crossing" /></node><node changeset="1" timestamp="2026-05-15T09:34:42Z" user="OSMnx" lat="53.3198174" uid="1" id="8384777247" version="1" lon="-6.2439348" visible="true"><tag k="highway" v="crossing" /></node><node changeset="1" timestamp="2026-05-15T09:34:42Z" user="OSMnx" lat="53.3230451" uid="1" id="8384777266" version="1" lon="-6.2445649" visible="true"><tag k="highway" v="crossing" /></node><node changeset="1" timestamp="2026-05-15T09:34:42Z" user="OSMnx" lat="53.322779" uid="1" id="8384777267" version="1" lon="-6.2454335" visible="true"><tag k="highway" v="crossing" /></node><node changeset="1" timestamp="2026-05-15T09:34:42Z" user="OSMnx" lat="53.3209296" uid="1" id="8384777268" version="1" lon="-6.2457201" visible="true"><tag k="highway" v="crossing" /></node><node changeset="1" timestamp="2026-05-15T09:34:42Z" user="OSMnx" lat="53.3205563" uid="1" id="8384777269" version="1" lon="-6.2451353" visible="true"><tag k="highway" v="crossing" /></node><node changeset="1" timestamp="2026-05-15T09:34:42Z" user="OSMnx" lat="53.3190387" uid="1" id="8384777270" version="1" lon="-6.2470836" visible="true" /><node changeset="1" timestamp="2026-05-15T09:34:42Z" user="OSMnx" lat="53.3192319" uid="1" id="8384777276" version="1" lon="-6.2473155" visible="true"><tag k="highway" v="crossing" /></node><node changeset="1" timestamp="2026-05-15T09:34:42Z" user="OSMnx" lat="53.3192569" uid="1" id="8390553188" version="1" lon="-6.2494611" visible="true" /><node changeset="1" timestamp="2026-05-15T09:34:42Z" user="OSMnx" lat="53.3191845" uid="1" id="8390553193" version="1" lon="-6.2506145" visible="true" /><node changeset="1" timestamp="2026-05-15T09:34:42Z" user="OSMnx" lat="53.3197844" uid="1" id="8390553214" version="1" lon="-6.2506605" visible="true" /><node changeset="1" timestamp="2026-05-15T09:34:42Z" user="OSMnx" lat="53.3233622" uid="1" id="8390553251" version="1" lon="-6.251141" visible="true" /><node changeset="1" timestamp="2026-05-15T09:34:42Z" user="OSMnx" lat="53.3211497" uid="1" id="8390553273" version="1" lon="-6.254079" visible="true"><tag k="highway" v="crossing" /></node><node changeset="1" timestamp="2026-05-15T09:34:42Z" user="OSMnx" lat="53.3217999" uid="1" id="8390553294" version="1" lon="-6.2531184" visible="true" /><node changeset="1" timestamp="2026-05-15T09:34:42Z" user="OSMnx" lat="53.3216841" uid="1" id="8390553324" version="1" lon="-6.2560773" visible="true"><tag k="highway" v="crossing" /></node><node changeset="1" timestamp="2026-05-15T09:34:42Z" user="OSMnx" lat="53.3231795" uid="1" id="8390553325" version="1" lon="-6.2563903" visible="true"><tag k="highway" v="crossing" /></node><node changeset="1" timestamp="2026-05-15T09:34:42Z" user="OSMnx" lat="53.323752" uid="1" id="8390553364" version="1" lon="-6.2588888" visible="true"><tag k="highway" v="crossing" /></node><node changeset="1" timestamp="2026-05-15T09:34:42Z" user="OSMnx" lat="53.3217877" uid="1" id="8390553366" version="1" lon="-6.2594041" visible="true"><tag k="highway" v="crossing" /></node><node changeset="1" timestamp="2026-05-15T09:34:42Z" user="OSMnx" lat="53.3212578" uid="1" id="8390553393" version="1" lon="-6.2559175" visible="true"><tag k="highway" v="crossing" /></node><node changeset="1" timestamp="2026-05-15T09:34:42Z" user="OSMnx" lat="53.3176282" uid="1" id="8390553440" version="1" lon="-6.2580164" visible="true"><tag k="highway" v="crossing" /></node><node changeset="1" timestamp="2026-05-15T09:34:42Z" user="OSMnx" lat="53.3178247" uid="1" id="8390553442" version="1" lon="-6.2547712" visible="true"><tag k="highway" v="crossing" /></node><node changeset="1" timestamp="2026-05-15T09:34:42Z" user="OSMnx" lat="53.3186113" uid="1" id="8390553465" version="1" lon="-6.2550347" visible="true"><tag k="highway" v="crossing" /></node><node changeset="1" timestamp="2026-05-15T09:34:42Z" user="OSMnx" lat="53.3211371" uid="1" id="8390553466" version="1" lon="-6.2558366" visible="true"><tag k="highway" v="crossing" /></node><node changeset="1" timestamp="2026-05-15T09:34:42Z" user="OSMnx" lat="53.3207194" uid="1" id="8390553510" version="1" lon="-6.2585171" visible="true"><tag k="highway" v="crossing" /></node><node changeset="1" timestamp="2026-05-15T09:34:42Z" user="OSMnx" lat="53.320507" uid="1" id="8390553512" version="1" lon="-6.2570401" visible="true"><tag k="highway" v="crossing" /></node><node changeset="1" timestamp="2026-05-15T09:34:42Z" user="OSMnx" lat="53.3209257" uid="1" id="8390553518" version="1" lon="-6.2577501" visible="true"><tag k="highway" v="crossing" /></node><node changeset="1" timestamp="2026-05-15T09:34:42Z" user="OSMnx" lat="53.3209423" uid="1" id="8390553519" version="1" lon="-6.2571164" visible="true"><tag k="highway" v="crossing" /></node><node changeset="1" timestamp="2026-05-15T09:34:42Z" user="OSMnx" lat="53.320714" uid="1" id="8390553560" version="1" lon="-6.2595425" visible="true"><tag k="highway" v="crossing" /></node><node changeset="1" timestamp="2026-05-15T09:34:42Z" user="OSMnx" lat="53.3222073" uid="1" id="8390553585" version="1" lon="-6.2620267" visible="true" /><node changeset="1" timestamp="2026-05-15T09:34:42Z" user="OSMnx" lat="53.3220188" uid="1" id="8390553586" version="1" lon="-6.2622644" visible="true" /><node changeset="1" timestamp="2026-05-15T09:34:42Z" user="OSMnx" lat="53.3210022" uid="1" id="8390553623" version="1" lon="-6.2618094" visible="true"><tag k="highway" v="crossing" /></node><node changeset="1" timestamp="2026-05-15T09:34:42Z" user="OSMnx" lat="53.3209361" uid="1" id="8390553627" version="1" lon="-6.2595269" visible="true"><tag k="highway" v="crossing" /></node><node changeset="1" timestamp="2026-05-15T09:34:42Z" user="OSMnx" lat="53.3207994" uid="1" id="8390553628" version="1" lon="-6.2593433" visible="true"><tag k="highway" v="crossing" /></node><node changeset="1" timestamp="2026-05-15T09:34:42Z" user="OSMnx" lat="53.320801" uid="1" id="8390553631" version="1" lon="-6.2597092" visible="true"><tag k="highway" v="crossing" /></node><node changeset="1" timestamp="2026-05-15T09:34:42Z" user="OSMnx" lat="53.3227666" uid="1" id="8390553662" version="1" lon="-6.2638855" visible="true"><tag k="highway" v="crossing" /></node><node changeset="1" timestamp="2026-05-15T09:34:42Z" user="OSMnx" lat="53.3248986" uid="1" id="8390553663" version="1" lon="-6.255697" visible="true" /><node changeset="1" timestamp="2026-05-15T09:34:42Z" user="OSMnx" lat="53.3251711" uid="1" id="8390553678" version="1" lon="-6.2579345" visible="true"><tag k="highway" v="crossing" /></node><node changeset="1" timestamp="2026-05-15T09:34:42Z" user="OSMnx" lat="53.3209498" uid="1" id="8390553680" version="1" lon="-6.2489842" visible="true"><tag k="highway" v="crossing" /></node><node changeset="1" timestamp="2026-05-15T09:34:42Z" user="OSMnx" lat="53.3210738" uid="1" id="8390553681" version="1" lon="-6.2529787" visible="true"><tag k="highway" v="crossing" /></node><node changeset="1" timestamp="2026-05-15T09:34:42Z" user="OSMnx" lat="53.3211775" uid="1" id="8390553682" version="1" lon="-6.2529824" visible="true"><tag k="highway" v="crossing" /></node><node changeset="1" timestamp="2026-05-15T09:34:42Z" user="OSMnx" lat="53.3234297" uid="1" id="8390553684" version="1" lon="-6.2527381" visible="true"><tag k="highway" v="crossing" /></node><node changeset="1" timestamp="2026-05-15T09:34:42Z" user="OSMnx" lat="53.3203924" uid="1" id="8390553685" version="1" lon="-6.2517618" visible="true"><tag k="highway" v="crossing" /></node><node changeset="1" timestamp="2026-05-15T09:34:42Z" user="OSMnx" lat="53.3211468" uid="1" id="8390553686" version="1" lon="-6.2520977" visible="true"><tag k="highway" v="crossing" /></node><node changeset="1" timestamp="2026-05-15T09:34:42Z" user="OSMnx" lat="53.3210687" uid="1" id="8390553689" version="1" lon="-6.2540648" visible="true"><tag k="highway" v="crossing" /></node><node changeset="1" timestamp="2026-05-15T09:34:42Z" user="OSMnx" lat="53.3182926" uid="1" id="8390553706" version="1" lon="-6.2533439" visible="true"><tag k="highway" v="crossing" /></node><node changeset="1" timestamp="2026-05-15T09:34:42Z" user="OSMnx" lat="53.3184205" uid="1" id="8390553709" version="1" lon="-6.2520641" visible="true"><tag k="highway" v="crossing" /></node><node changeset="1" timestamp="2026-05-15T09:34:42Z" user="OSMnx" lat="53.3312812" uid="1" id="8391868045" version="1" lon="-6.2651217" visible="true"><tag k="highway" v="crossing" /></node><node changeset="1" timestamp="2026-05-15T09:34:42Z" user="OSMnx" lat="53.3313522" uid="1" id="8391868048" version="1" lon="-6.2646881" visible="true"><tag k="highway" v="crossing" /></node><node changeset="1" timestamp="2026-05-15T09:34:42Z" user="OSMnx" lat="53.3324853" uid="1" id="8391868058" version="1" lon="-6.2658283" visible="true"><tag k="highway" v="crossing" /></node><node changeset="1" timestamp="2026-05-15T09:34:42Z" user="OSMnx" lat="53.3319514" uid="1" id="8391868059" version="1" lon="-6.2668032" visible="true"><tag k="highway" v="crossing" /></node><node changeset="1" timestamp="2026-05-15T09:34:42Z" user="OSMnx" lat="53.3311655" uid="1" id="8391868060" version="1" lon="-6.2678002" visible="true"><tag k="highway" v="crossing" /></node><node changeset="1" timestamp="2026-05-15T09:34:42Z" user="OSMnx" lat="53.3311964" uid="1" id="8391868061" version="1" lon="-6.2672291" visible="true"><tag k="highway" v="crossing" /></node><node changeset="1" timestamp="2026-05-15T09:34:42Z" user="OSMnx" lat="53.3312415" uid="1" id="8391868072" version="1" lon="-6.2690774" visible="true"><tag k="highway" v="crossing" /></node><node changeset="1" timestamp="2026-05-15T09:34:42Z" user="OSMnx" lat="53.3323742" uid="1" id="8391868073" version="1" lon="-6.269139" visible="true"><tag k="highway" v="crossing" /></node><node changeset="1" timestamp="2026-05-15T09:34:42Z" user="OSMnx" lat="53.3312858" uid="1" id="8391868074" version="1" lon="-6.2681136" visible="true"><tag k="highway" v="crossing" /></node><node changeset="1" timestamp="2026-05-15T09:34:42Z" user="OSMnx" lat="53.3313321" uid="1" id="8391868075" version="1" lon="-6.2668112" visible="true"><tag k="highway" v="crossing" /></node><node changeset="1" timestamp="2026-05-15T09:34:42Z" user="OSMnx" lat="53.3336163" uid="1" id="8391868085" version="1" lon="-6.2651418" visible="true"><tag k="highway" v="crossing" /></node><node changeset="1" timestamp="2026-05-15T09:34:42Z" user="OSMnx" lat="53.3337334" uid="1" id="8391868088" version="1" lon="-6.2649689" visible="true"><tag k="highway" v="crossing" /></node><node changeset="1" timestamp="2026-05-15T09:34:42Z" user="OSMnx" lat="53.3312409" uid="1" id="8392300529" version="1" lon="-6.2574755" visible="true" /><node changeset="1" timestamp="2026-05-15T09:34:42Z" user="OSMnx" lat="53.3316316" uid="1" id="8392300534" version="1" lon="-6.2617109" visible="true"><tag k="highway" v="crossing" /></node><node changeset="1" timestamp="2026-05-15T09:34:42Z" user="OSMnx" lat="53.327865" uid="1" id="8392313738" version="1" lon="-6.2586013" visible="true"><tag k="highway" v="crossing" /></node><node changeset="1" timestamp="2026-05-15T09:34:42Z" user="OSMnx" lat="53.3284886" uid="1" id="8392313739" version="1" lon="-6.258804" visible="true"><tag k="highway" v="crossing" /></node><node changeset="1" timestamp="2026-05-15T09:34:42Z" user="OSMnx" lat="53.3291016" uid="1" id="8392313740" version="1" lon="-6.2591355" visible="true"><tag k="highway" v="crossing" /></node><node changeset="1" timestamp="2026-05-15T09:34:42Z" user="OSMnx" lat="53.3258313" uid="1" id="8392313760" version="1" lon="-6.2553381" visible="true"><tag k="highway" v="crossing" /></node><node changeset="1" timestamp="2026-05-15T09:34:42Z" user="OSMnx" lat="53.3266156" uid="1" id="8392313777" version="1" lon="-6.2567497" visible="true"><tag k="highway" v="crossing" /></node><node changeset="1" timestamp="2026-05-15T09:34:42Z" user="OSMnx" lat="53.3267997" uid="1" id="8392313778" version="1" lon="-6.2573074" visible="true"><tag k="highway" v="crossing" /></node><node changeset="1" timestamp="2026-05-15T09:34:42Z" user="OSMnx" lat="53.3267362" uid="1" id="8392313779" version="1" lon="-6.2583518" visible="true"><tag k="highway" v="crossing" /></node><node changeset="1" timestamp="2026-05-15T09:34:42Z" user="OSMnx" lat="53.3254343" uid="1" id="8392313792" version="1" lon="-6.2550352" visible="true" /><node changeset="1" timestamp="2026-05-15T09:34:42Z" user="OSMnx" lat="53.3251948" uid="1" id="8392313794" version="1" lon="-6.2551217" visible="true" /><node changeset="1" timestamp="2026-05-15T09:34:42Z" user="OSMnx" lat="53.3232209" uid="1" id="8394950422" version="1" lon="-6.2512726" visible="true"><tag k="highway" v="crossing" /></node><node changeset="1" timestamp="2026-05-15T09:34:42Z" user="OSMnx" lat="53.3232013" uid="1" id="8394950423" version="1" lon="-6.2513732" visible="true"><tag k="highway" v="crossing" /></node><node changeset="1" timestamp="2026-05-15T09:34:42Z" user="OSMnx" lat="53.318719" uid="1" id="8394950424" version="1" lon="-6.2492951" visible="true"><tag k="highway" v="crossing" /></node><node changeset="1" timestamp="2026-05-15T09:34:42Z" user="OSMnx" lat="53.3285857" uid="1" id="8411899931" version="1" lon="-6.2567726" visible="true"><tag k="highway" v="crossing" /></node><node changeset="1" timestamp="2026-05-15T09:34:42Z" user="OSMnx" lat="53.3284246" uid="1" id="8411899932" version="1" lon="-6.2575348" visible="true"><tag k="highway" v="crossing" /></node><node changeset="1" timestamp="2026-05-15T09:34:42Z" user="OSMnx" lat="53.3248716" uid="1" id="8411899935" version="1" lon="-6.253995" visible="true"><tag k="highway" v="crossing" /></node><node changeset="1" timestamp="2026-05-15T09:34:42Z" user="OSMnx" lat="53.3235146" uid="1" id="8414671880" version="1" lon="-6.2452823" visible="true" /><node changeset="1" timestamp="2026-05-15T09:34:42Z" user="OSMnx" lat="53.3239374" uid="1" id="8414671881" version="1" lon="-6.2455715" visible="true" /><node changeset="1" timestamp="2026-05-15T09:34:42Z" user="OSMnx" lat="53.3239271" uid="1" id="8414671901" version="1" lon="-6.2455825" visible="true" /><node changeset="1" timestamp="2026-05-15T09:34:42Z" user="OSMnx" lat="53.3234802" uid="1" id="8414671914" version="1" lon="-6.2446044" visible="true" /><node changeset="1" timestamp="2026-05-15T09:34:42Z" user="OSMnx" lat="53.3332678" uid="1" id="8415574207" version="1" lon="-6.2526276" visible="true" /><node changeset="1" timestamp="2026-05-15T09:34:42Z" user="OSMnx" lat="53.3217472" uid="1" id="8418133397" version="1" lon="-6.2484432" visible="true" /><node changeset="1" timestamp="2026-05-15T09:34:42Z" user="OSMnx" lat="53.3217714" uid="1" id="8418133405" version="1" lon="-6.2484967" visible="true"><tag k="highway" v="crossing" /></node><node changeset="1" timestamp="2026-05-15T09:34:42Z" user="OSMnx" lat="53.3162191" uid="1" id="8534278020" version="1" lon="-6.2376342" visible="true" /><node changeset="1" timestamp="2026-05-15T09:34:42Z" user="OSMnx" lat="53.3212451" uid="1" id="8542714004" version="1" lon="-6.2483616" visible="true" /><node changeset="1" timestamp="2026-05-15T09:34:42Z" user="OSMnx" lat="53.3204496" uid="1" id="8552255052" version="1" lon="-6.2619865" visible="true"><tag k="highway" v="crossing" /></node><node changeset="1" timestamp="2026-05-15T09:34:42Z" user="OSMnx" lat="53.320899" uid="1" id="8552255054" version="1" lon="-6.2618236" visible="true"><tag k="highway" v="crossing" /></node><node changeset="1" timestamp="2026-05-15T09:34:42Z" user="OSMnx" lat="53.3302366" uid="1" id="8558551796" version="1" lon="-6.2363523" visible="true" /><node changeset="1" timestamp="2026-05-15T09:34:42Z" user="OSMnx" lat="53.3296363" uid="1" id="8558551810" version="1" lon="-6.235779" visible="true" /><node changeset="1" timestamp="2026-05-15T09:34:42Z" user="OSMnx" lat="53.3292057" uid="1" id="8562006549" version="1" lon="-6.2373156" visible="true" /><node changeset="1" timestamp="2026-05-15T09:34:42Z" user="OSMnx" lat="53.3273525" uid="1" id="8562043140" version="1" lon="-6.2408339" visible="true" /><node changeset="1" timestamp="2026-05-15T09:34:42Z" user="OSMnx" lat="53.3277888" uid="1" id="8562043147" version="1" lon="-6.239679" visible="true" /><node changeset="1" timestamp="2026-05-15T09:34:42Z" user="OSMnx" lat="53.3280884" uid="1" id="8562043148" version="1" lon="-6.2399627" visible="true" /><node changeset="1" timestamp="2026-05-15T09:34:42Z" user="OSMnx" lat="53.3279822" uid="1" id="8562043196" version="1" lon="-6.2386294" visible="true" /><node changeset="1" timestamp="2026-05-15T09:34:42Z" user="OSMnx" lat="53.3280489" uid="1" id="8562043223" version="1" lon="-6.2383922" visible="true" /><node changeset="1" timestamp="2026-05-15T09:34:42Z" user="OSMnx" lat="53.3286408" uid="1" id="8568065515" version="1" lon="-6.2393234" visible="true" /><node changeset="1" timestamp="2026-05-15T09:34:42Z" user="OSMnx" lat="53.3224089" uid="1" id="8569950556" version="1" lon="-6.2374199" visible="true" /><node changeset="1" timestamp="2026-05-15T09:34:42Z" user="OSMnx" lat="53.3221645" uid="1" id="8569950559" version="1" lon="-6.2361754" visible="true" /><node changeset="1" timestamp="2026-05-15T09:34:42Z" user="OSMnx" lat="53.3239573" uid="1" id="8569974121" version="1" lon="-6.2395621" visible="true" /><node changeset="1" timestamp="2026-05-15T09:34:42Z" user="OSMnx" lat="53.3269781" uid="1" id="8584419603" version="1" lon="-6.241103" visible="true" /><node changeset="1" timestamp="2026-05-15T09:34:42Z" user="OSMnx" lat="53.3268764" uid="1" id="8584419618" version="1" lon="-6.2409732" visible="true" /><node changeset="1" timestamp="2026-05-15T09:34:42Z" user="OSMnx" lat="53.3257855" uid="1" id="8585649207" version="1" lon="-6.2456083" visible="true" /><node changeset="1" timestamp="2026-05-15T09:34:42Z" user="OSMnx" lat="53.3249813" uid="1" id="8586085417" version="1" lon="-6.2406917" visible="true" /><node changeset="1" timestamp="2026-05-15T09:34:42Z" user="OSMnx" lat="53.3251839" uid="1" id="8587872379" version="1" lon="-6.2411577" visible="true" /><node changeset="1" timestamp="2026-05-15T09:34:42Z" user="OSMnx" lat="53.3274845" uid="1" id="8587969550" version="1" lon="-6.2450187" visible="true" /><node changeset="1" timestamp="2026-05-15T09:34:42Z" user="OSMnx" lat="53.3168528" uid="1" id="8592288749" version="1" lon="-6.2407785" visible="true" /><node changeset="1" timestamp="2026-05-15T09:34:42Z" user="OSMnx" lat="53.3179425" uid="1" id="8592508620" version="1" lon="-6.2514366" visible="true" /><node changeset="1" timestamp="2026-05-15T09:34:42Z" user="OSMnx" lat="53.3228734" uid="1" id="8593585618" version="1" lon="-6.2516334" visible="true" /><node changeset="1" timestamp="2026-05-15T09:34:42Z" user="OSMnx" lat="53.3221366" uid="1" id="8593649783" version="1" lon="-6.2564014" visible="true" /><node changeset="1" timestamp="2026-05-15T09:34:42Z" user="OSMnx" lat="53.3239864" uid="1" id="8593649924" version="1" lon="-6.2562649" visible="true" /><node changeset="1" timestamp="2026-05-15T09:34:42Z" user="OSMnx" lat="53.3237598" uid="1" id="8593649959" version="1" lon="-6.2563085" visible="true" /><node changeset="1" timestamp="2026-05-15T09:34:42Z" user="OSMnx" lat="53.3216071" uid="1" id="8593649963" version="1" lon="-6.2560959" visible="true" /><node changeset="1" timestamp="2026-05-15T09:34:42Z" user="OSMnx" lat="53.3217983" uid="1" id="8595984043" version="1" lon="-6.2562038" visible="true" /><node changeset="1" timestamp="2026-05-15T09:34:42Z" user="OSMnx" lat="53.3211953" uid="1" id="8595984064" version="1" lon="-6.2556511" visible="true" /><node changeset="1" timestamp="2026-05-15T09:34:42Z" user="OSMnx" lat="53.3159785" uid="1" id="8604189357" version="1" lon="-6.2613285" visible="true" /><node changeset="1" timestamp="2026-05-15T09:34:42Z" user="OSMnx" lat="53.3148719" uid="1" id="8604189605" version="1" lon="-6.2572572" visible="true" /><node changeset="1" timestamp="2026-05-15T09:34:42Z" user="OSMnx" lat="53.3148859" uid="1" id="8604189618" version="1" lon="-6.2568731" visible="true" /><node changeset="1" timestamp="2026-05-15T09:34:42Z" user="OSMnx" lat="53.3148666" uid="1" id="8604189661" version="1" lon="-6.2574042" visible="true" /><node changeset="1" timestamp="2026-05-15T09:34:42Z" user="OSMnx" lat="53.3160987" uid="1" id="8604260595" version="1" lon="-6.2599611" visible="true" /><node changeset="1" timestamp="2026-05-15T09:34:42Z" user="OSMnx" lat="53.3161037" uid="1" id="8604260597" version="1" lon="-6.259761" visible="true" /><node changeset="1" timestamp="2026-05-15T09:34:42Z" user="OSMnx" lat="53.3169226" uid="1" id="8604260614" version="1" lon="-6.2586922" visible="true" /><node changeset="1" timestamp="2026-05-15T09:34:42Z" user="OSMnx" lat="53.3147062" uid="1" id="8604261882" version="1" lon="-6.2610574" visible="true" /><node changeset="1" timestamp="2026-05-15T09:34:42Z" user="OSMnx" lat="53.3141639" uid="1" id="8612387391" version="1" lon="-6.2572761" visible="true" /><node changeset="1" timestamp="2026-05-15T09:34:42Z" user="OSMnx" lat="53.3141593" uid="1" id="8612387400" version="1" lon="-6.2582394" visible="true" /><node changeset="1" timestamp="2026-05-15T09:34:42Z" user="OSMnx" lat="53.3139035" uid="1" id="8612396092" version="1" lon="-6.2619358" visible="true" /><node changeset="1" timestamp="2026-05-15T09:34:42Z" user="OSMnx" lat="53.3187861" uid="1" id="8623662838" version="1" lon="-6.259461" visible="true" /><node changeset="1" timestamp="2026-05-15T09:34:42Z" user="OSMnx" lat="53.3201393" uid="1" id="8630159076" version="1" lon="-6.2600066" visible="true" /><node changeset="1" timestamp="2026-05-15T09:34:42Z" user="OSMnx" lat="53.3199979" uid="1" id="8630159082" version="1" lon="-6.261055" visible="true" /><node changeset="1" timestamp="2026-05-15T09:34:42Z" user="OSMnx" lat="53.3184631" uid="1" id="8633322776" version="1" lon="-6.2585571" visible="true" /><node changeset="1" timestamp="2026-05-15T09:34:42Z" user="OSMnx" lat="53.3210673" uid="1" id="8633429859" version="1" lon="-6.2628359" visible="true" /><node changeset="1" timestamp="2026-05-15T09:34:42Z" user="OSMnx" lat="53.3198576" uid="1" id="8633429904" version="1" lon="-6.267207" visible="true" /><node changeset="1" timestamp="2026-05-15T09:34:42Z" user="OSMnx" lat="53.3192885" uid="1" id="8633443483" version="1" lon="-6.2665366" visible="true" /><node changeset="1" timestamp="2026-05-15T09:34:42Z" user="OSMnx" lat="53.3201337" uid="1" id="8633616538" version="1" lon="-6.2642452" visible="true" /><node changeset="1" timestamp="2026-05-15T09:34:42Z" user="OSMnx" lat="53.3197325" uid="1" id="8636741196" version="1" lon="-6.2633611" visible="true" /><node changeset="1" timestamp="2026-05-15T09:34:42Z" user="OSMnx" lat="53.3198234" uid="1" id="8636741197" version="1" lon="-6.2631487" visible="true" /><node changeset="1" timestamp="2026-05-15T09:34:42Z" user="OSMnx" lat="53.3186548" uid="1" id="8636741445" version="1" lon="-6.265927" visible="true" /><node changeset="1" timestamp="2026-05-15T09:34:42Z" user="OSMnx" lat="53.3188994" uid="1" id="8636741446" version="1" lon="-6.2645353" visible="true" /><node changeset="1" timestamp="2026-05-15T09:34:42Z" user="OSMnx" lat="53.3207217" uid="1" id="8638741744" version="1" lon="-6.2679851" visible="true" /><node changeset="1" timestamp="2026-05-15T09:34:42Z" user="OSMnx" lat="53.3210496" uid="1" id="8638917473" version="1" lon="-6.2683617" visible="true" /><node changeset="1" timestamp="2026-05-15T09:34:42Z" user="OSMnx" lat="53.3201369" uid="1" id="8638917476" version="1" lon="-6.2683885" visible="true" /><node changeset="1" timestamp="2026-05-15T09:34:42Z" user="OSMnx" lat="53.3326079" uid="1" id="8643702168" version="1" lon="-6.2406584" visible="true" /><node changeset="1" timestamp="2026-05-15T09:34:42Z" user="OSMnx" lat="53.332638" uid="1" id="8643702171" version="1" lon="-6.2409335" visible="true" /><node changeset="1" timestamp="2026-05-15T09:34:42Z" user="OSMnx" lat="53.3215253" uid="1" id="8645329357" version="1" lon="-6.2594831" visible="true" /><node changeset="1" timestamp="2026-05-15T09:34:42Z" user="OSMnx" lat="53.3164561" uid="1" id="8653244217" version="1" lon="-6.240349" visible="true" /><node changeset="1" timestamp="2026-05-15T09:34:42Z" user="OSMnx" lat="53.3158936" uid="1" id="8657171066" version="1" lon="-6.2651357" visible="true" /><node changeset="1" timestamp="2026-05-15T09:34:42Z" user="OSMnx" lat="53.3330521" uid="1" id="8658920605" version="1" lon="-6.2377099" visible="true" /><node changeset="1" timestamp="2026-05-15T09:34:42Z" user="OSMnx" lat="53.3335502" uid="1" id="8658936588" version="1" lon="-6.2362767" visible="true" /><node changeset="1" timestamp="2026-05-15T09:34:42Z" user="OSMnx" lat="53.3334234" uid="1" id="8658936593" version="1" lon="-6.2361899" visible="true" /><node changeset="1" timestamp="2026-05-15T09:34:42Z" user="OSMnx" lat="53.3333693" uid="1" id="8658936595" version="1" lon="-6.2361528" visible="true" /><node changeset="1" timestamp="2026-05-15T09:34:42Z" user="OSMnx" lat="53.3332831" uid="1" id="8658936597" version="1" lon="-6.2360938" visible="true" /><node changeset="1" timestamp="2026-05-15T09:34:42Z" user="OSMnx" lat="53.3340594" uid="1" id="8658936608" version="1" lon="-6.2366254" visible="true" /><node changeset="1" timestamp="2026-05-15T09:34:42Z" user="OSMnx" lat="53.3331271" uid="1" id="8658983346" version="1" lon="-6.2373696" visible="true" /><node changeset="1" timestamp="2026-05-15T09:34:42Z" user="OSMnx" lat="53.3331909" uid="1" id="8658983348" version="1" lon="-6.2374137" visible="true" /><node changeset="1" timestamp="2026-05-15T09:34:42Z" user="OSMnx" lat="53.3332361" uid="1" id="8658983350" version="1" lon="-6.237445" visible="true" /><node changeset="1" timestamp="2026-05-15T09:34:42Z" user="OSMnx" lat="53.3332925" uid="1" id="8658983352" version="1" lon="-6.237484" visible="true" /><node changeset="1" timestamp="2026-05-15T09:34:42Z" user="OSMnx" lat="53.3333642" uid="1" id="8658983354" version="1" lon="-6.2375336" visible="true" /><node changeset="1" timestamp="2026-05-15T09:34:42Z" user="OSMnx" lat="53.3333999" uid="1" id="8658983356" version="1" lon="-6.2375583" visible="true" /><node changeset="1" timestamp="2026-05-15T09:34:42Z" user="OSMnx" lat="53.3346794" uid="1" id="8658999222" version="1" lon="-6.2370509" visible="true" /><node changeset="1" timestamp="2026-05-15T09:34:42Z" user="OSMnx" lat="53.3344898" uid="1" id="8658999224" version="1" lon="-6.2369207" visible="true" /><node changeset="1" timestamp="2026-05-15T09:34:42Z" user="OSMnx" lat="53.3342416" uid="1" id="8658999226" version="1" lon="-6.2367503" visible="true" /><node changeset="1" timestamp="2026-05-15T09:34:42Z" user="OSMnx" lat="53.3343647" uid="1" id="8658999228" version="1" lon="-6.2368348" visible="true" /><node changeset="1" timestamp="2026-05-15T09:34:42Z" user="OSMnx" lat="53.3343094" uid="1" id="8659009108" version="1" lon="-6.2381876" visible="true" /><node changeset="1" timestamp="2026-05-15T09:34:42Z" user="OSMnx" lat="53.3340831" uid="1" id="8659009116" version="1" lon="-6.2380333" visible="true" /><node changeset="1" timestamp="2026-05-15T09:34:42Z" user="OSMnx" lat="53.3337409" uid="1" id="8659009934" version="1" lon="-6.2377943" visible="true" /><node changeset="1" timestamp="2026-05-15T09:34:42Z" user="OSMnx" lat="53.3336379" uid="1" id="8659009947" version="1" lon="-6.237723" visible="true" /><node changeset="1" timestamp="2026-05-15T09:34:42Z" user="OSMnx" lat="53.333526" uid="1" id="8659009949" version="1" lon="-6.2376456" visible="true" /><node changeset="1" timestamp="2026-05-15T09:34:42Z" user="OSMnx" lat="53.3338645" uid="1" id="8659009952" version="1" lon="-6.23788" visible="true" /><node changeset="1" timestamp="2026-05-15T09:34:42Z" user="OSMnx" lat="53.3339187" uid="1" id="8659009954" version="1" lon="-6.237918" visible="true" /><node changeset="1" timestamp="2026-05-15T09:34:42Z" user="OSMnx" lat="53.3338945" uid="1" id="8659009956" version="1" lon="-6.237901" visible="true" /><node changeset="1" timestamp="2026-05-15T09:34:42Z" user="OSMnx" lat="53.3339407" uid="1" id="8659009958" version="1" lon="-6.2379335" visible="true" /><node changeset="1" timestamp="2026-05-15T09:34:42Z" user="OSMnx" lat="53.3340054" uid="1" id="8659009960" version="1" lon="-6.2379788" visible="true" /><node changeset="1" timestamp="2026-05-15T09:34:42Z" user="OSMnx" lat="53.3333494" uid="1" id="8659020348" version="1" lon="-6.2411373" visible="true" /><node changeset="1" timestamp="2026-05-15T09:34:42Z" user="OSMnx" lat="53.3333684" uid="1" id="8659020351" version="1" lon="-6.2413292" visible="true" /><node changeset="1" timestamp="2026-05-15T09:34:42Z" user="OSMnx" lat="53.3339348" uid="1" id="8659050752" version="1" lon="-6.2365401" visible="true" /><node changeset="1" timestamp="2026-05-15T09:34:42Z" user="OSMnx" lat="53.3339391" uid="1" id="8659050777" version="1" lon="-6.2351285" visible="true" /><node changeset="1" timestamp="2026-05-15T09:34:42Z" user="OSMnx" lat="53.3340498" uid="1" id="8659051349" version="1" lon="-6.2380099" visible="true" /><node changeset="1" timestamp="2026-05-15T09:34:42Z" user="OSMnx" lat="53.3334171" uid="1" id="8659051351" version="1" lon="-6.2395501" visible="true" /><node changeset="1" timestamp="2026-05-15T09:34:42Z" user="OSMnx" lat="53.3334009" uid="1" id="8659051353" version="1" lon="-6.2396146" visible="true" /><node changeset="1" timestamp="2026-05-15T09:34:42Z" user="OSMnx" lat="53.3333837" uid="1" id="8659051355" version="1" lon="-6.239683" visible="true" /><node changeset="1" timestamp="2026-05-15T09:34:42Z" user="OSMnx" lat="53.3332684" uid="1" id="8659051360" version="1" lon="-6.2402559" visible="true" /><node changeset="1" timestamp="2026-05-15T09:34:42Z" user="OSMnx" lat="53.3338977" uid="1" id="8659081526" version="1" lon="-6.2350982" visible="true" /><node changeset="1" timestamp="2026-05-15T09:34:42Z" user="OSMnx" lat="53.3338437" uid="1" id="8659081528" version="1" lon="-6.2350588" visible="true" /><node changeset="1" timestamp="2026-05-15T09:34:42Z" user="OSMnx" lat="53.3340527" uid="1" id="8659081533" version="1" lon="-6.2352132" visible="true" /><node changeset="1" timestamp="2026-05-15T09:34:42Z" user="OSMnx" lat="53.3339625" uid="1" id="8659081536" version="1" lon="-6.2351455" visible="true" /><node changeset="1" timestamp="2026-05-15T09:34:42Z" user="OSMnx" lat="53.3337575" uid="1" id="8659082068" version="1" lon="-6.2349958" visible="true" /><node changeset="1" timestamp="2026-05-15T09:34:42Z" user="OSMnx" lat="53.3336872" uid="1" id="8659082071" version="1" lon="-6.2346699" visible="true" /><node changeset="1" timestamp="2026-05-15T09:34:42Z" user="OSMnx" lat="53.3334677" uid="1" id="8659082081" version="1" lon="-6.2351572" visible="true" /><node changeset="1" timestamp="2026-05-15T09:34:42Z" user="OSMnx" lat="53.3335098" uid="1" id="8659082083" version="1" lon="-6.2350653" visible="true" /><node changeset="1" timestamp="2026-05-15T09:34:42Z" user="OSMnx" lat="53.3335552" uid="1" id="8659462738" version="1" lon="-6.2349663" visible="true" /><node changeset="1" timestamp="2026-05-15T09:34:42Z" user="OSMnx" lat="53.3335946" uid="1" id="8659462740" version="1" lon="-6.2348804" visible="true" /><node changeset="1" timestamp="2026-05-15T09:34:42Z" user="OSMnx" lat="53.3328523" uid="1" id="8659462742" version="1" lon="-6.2344305" visible="true" /><node changeset="1" timestamp="2026-05-15T09:34:42Z" user="OSMnx" lat="53.3327375" uid="1" id="8659462757" version="1" lon="-6.2347001" visible="true" /><node changeset="1" timestamp="2026-05-15T09:34:42Z" user="OSMnx" lat="53.3325767" uid="1" id="8659478756" version="1" lon="-6.2355949" visible="true" /><node changeset="1" timestamp="2026-05-15T09:34:42Z" user="OSMnx" lat="53.3321283" uid="1" id="8659478761" version="1" lon="-6.2362038" visible="true" /><node changeset="1" timestamp="2026-05-15T09:34:42Z" user="OSMnx" lat="53.3330359" uid="1" id="8659478782" version="1" lon="-6.2339998" visible="true" /><node changeset="1" timestamp="2026-05-15T09:34:42Z" user="OSMnx" lat="53.3146188" uid="1" id="8660605434" version="1" lon="-6.2639063" visible="true" /><node changeset="1" timestamp="2026-05-15T09:34:42Z" user="OSMnx" lat="53.3338396" uid="1" id="8661849727" version="1" lon="-6.2406798" visible="true" /><node changeset="1" timestamp="2026-05-15T09:34:42Z" user="OSMnx" lat="53.3339621" uid="1" id="8661849729" version="1" lon="-6.2401741" visible="true" /><node changeset="1" timestamp="2026-05-15T09:34:42Z" user="OSMnx" lat="53.3337961" uid="1" id="8661849755" version="1" lon="-6.2428799" visible="true" /><node changeset="1" timestamp="2026-05-15T09:34:42Z" user="OSMnx" lat="53.3316118" uid="1" id="8664223115" version="1" lon="-6.2423607" visible="true" /><node changeset="1" timestamp="2026-05-15T09:34:42Z" user="OSMnx" lat="53.3313637" uid="1" id="8664232668" version="1" lon="-6.242453" visible="true" /><node changeset="1" timestamp="2026-05-15T09:34:42Z" user="OSMnx" lat="53.3312942" uid="1" id="8664232683" version="1" lon="-6.2424788" visible="true" /><node changeset="1" timestamp="2026-05-15T09:34:42Z" user="OSMnx" lat="53.3310919" uid="1" id="8664232685" version="1" lon="-6.242554" visible="true" /><node changeset="1" timestamp="2026-05-15T09:34:42Z" user="OSMnx" lat="53.3315203" uid="1" id="8664243817" version="1" lon="-6.2423948" visible="true" /><node changeset="1" timestamp="2026-05-15T09:34:42Z" user="OSMnx" lat="53.3315622" uid="1" id="8664243819" version="1" lon="-6.2423792" visible="true" /><node changeset="1" timestamp="2026-05-15T09:34:42Z" user="OSMnx" lat="53.3314296" uid="1" id="8664243821" version="1" lon="-6.2424285" visible="true" /><node changeset="1" timestamp="2026-05-15T09:34:42Z" user="OSMnx" lat="53.3317001" uid="1" id="8664255596" version="1" lon="-6.2423279" visible="true" /><node changeset="1" timestamp="2026-05-15T09:34:42Z" user="OSMnx" lat="53.331632" uid="1" id="8664255598" version="1" lon="-6.2423532" visible="true" /><node changeset="1" timestamp="2026-05-15T09:34:42Z" user="OSMnx" lat="53.3314897" uid="1" id="8664255605" version="1" lon="-6.2424062" visible="true" /><node changeset="1" timestamp="2026-05-15T09:34:42Z" user="OSMnx" lat="53.3313506" uid="1" id="8664279624" version="1" lon="-6.2424579" visible="true" /><node changeset="1" timestamp="2026-05-15T09:34:42Z" user="OSMnx" lat="53.3310693" uid="1" id="8664279638" version="1" lon="-6.2425624" visible="true" /><node changeset="1" timestamp="2026-05-15T09:34:42Z" user="OSMnx" lat="53.3311436" uid="1" id="8664279640" version="1" lon="-6.2425348" visible="true" /><node changeset="1" timestamp="2026-05-15T09:34:42Z" user="OSMnx" lat="53.3309416" uid="1" id="8664279643" version="1" lon="-6.2426099" visible="true" /><node changeset="1" timestamp="2026-05-15T09:34:42Z" user="OSMnx" lat="53.3313201" uid="1" id="8664300072" version="1" lon="-6.2408393" visible="true" /><node changeset="1" timestamp="2026-05-15T09:34:42Z" user="OSMnx" lat="53.3315018" uid="1" id="8664300074" version="1" lon="-6.2407817" visible="true" /><node changeset="1" timestamp="2026-05-15T09:34:42Z" user="OSMnx" lat="53.3311126" uid="1" id="8664300076" version="1" lon="-6.2409083" visible="true" /><node changeset="1" timestamp="2026-05-15T09:34:42Z" user="OSMnx" lat="53.3311587" uid="1" id="8664300078" version="1" lon="-6.240893" visible="true" /><node changeset="1" timestamp="2026-05-15T09:34:42Z" user="OSMnx" lat="53.3306483" uid="1" id="8664300080" version="1" lon="-6.2410477" visible="true" /><node changeset="1" timestamp="2026-05-15T09:34:42Z" user="OSMnx" lat="53.3306967" uid="1" id="8664300082" version="1" lon="-6.2410326" visible="true" /><node changeset="1" timestamp="2026-05-15T09:34:42Z" user="OSMnx" lat="53.331303" uid="1" id="8664300084" version="1" lon="-6.240845" visible="true" /><node changeset="1" timestamp="2026-05-15T09:34:42Z" user="OSMnx" lat="53.3314049" uid="1" id="8664300086" version="1" lon="-6.2408112" visible="true" /><node changeset="1" timestamp="2026-05-15T09:34:42Z" user="OSMnx" lat="53.3309195" uid="1" id="8665851983" version="1" lon="-6.244283" visible="true" /><node changeset="1" timestamp="2026-05-15T09:34:42Z" user="OSMnx" lat="53.3310667" uid="1" id="8665851985" version="1" lon="-6.2442216" visible="true" /><node changeset="1" timestamp="2026-05-15T09:34:42Z" user="OSMnx" lat="53.3311702" uid="1" id="8665851987" version="1" lon="-6.2441791" visible="true" /><node changeset="1" timestamp="2026-05-15T09:34:42Z" user="OSMnx" lat="53.331418" uid="1" id="8665851993" version="1" lon="-6.2440739" visible="true" /><node changeset="1" timestamp="2026-05-15T09:34:42Z" user="OSMnx" lat="53.3315381" uid="1" id="8665851995" version="1" lon="-6.2440212" visible="true" /><node changeset="1" timestamp="2026-05-15T09:34:42Z" user="OSMnx" lat="53.3316394" uid="1" id="8665851997" version="1" lon="-6.2439767" visible="true" /><node changeset="1" timestamp="2026-05-15T09:34:42Z" user="OSMnx" lat="53.3317563" uid="1" id="8665872074" version="1" lon="-6.2439254" visible="true" /><node changeset="1" timestamp="2026-05-15T09:34:42Z" user="OSMnx" lat="53.3320069" uid="1" id="8665872076" version="1" lon="-6.2438153" visible="true" /><node changeset="1" timestamp="2026-05-15T09:34:42Z" user="OSMnx" lat="53.3314293" uid="1" id="8665897224" version="1" lon="-6.244069" visible="true" /><node changeset="1" timestamp="2026-05-15T09:34:42Z" user="OSMnx" lat="53.3315013" uid="1" id="8665897226" version="1" lon="-6.2440374" visible="true" /><node changeset="1" timestamp="2026-05-15T09:34:42Z" user="OSMnx" lat="53.3315569" uid="1" id="8665897228" version="1" lon="-6.244013" visible="true" /><node changeset="1" timestamp="2026-05-15T09:34:42Z" user="OSMnx" lat="53.3317179" uid="1" id="8665897233" version="1" lon="-6.2439422" visible="true" /><node changeset="1" timestamp="2026-05-15T09:34:42Z" user="OSMnx" lat="53.3316586" uid="1" id="8665898767" version="1" lon="-6.2453444" visible="true" /><node changeset="1" timestamp="2026-05-15T09:34:42Z" user="OSMnx" lat="53.331839" uid="1" id="8665898769" version="1" lon="-6.2452631" visible="true" /><node changeset="1" timestamp="2026-05-15T09:34:42Z" user="OSMnx" lat="53.3318889" uid="1" id="8665898771" version="1" lon="-6.2452406" visible="true" /><node changeset="1" timestamp="2026-05-15T09:34:42Z" user="OSMnx" lat="53.3319487" uid="1" id="8665898773" version="1" lon="-6.2452137" visible="true" /><node changeset="1" timestamp="2026-05-15T09:34:42Z" user="OSMnx" lat="53.3320004" uid="1" id="8665898775" version="1" lon="-6.2451904" visible="true" /><node changeset="1" timestamp="2026-05-15T09:34:42Z" user="OSMnx" lat="53.3320522" uid="1" id="8665898777" version="1" lon="-6.245167" visible="true" /><node changeset="1" timestamp="2026-05-15T09:34:42Z" user="OSMnx" lat="53.3313199" uid="1" id="8665899381" version="1" lon="-6.245495" visible="true" /><node changeset="1" timestamp="2026-05-15T09:34:42Z" user="OSMnx" lat="53.3312323" uid="1" id="8665899383" version="1" lon="-6.2455335" visible="true" /><node changeset="1" timestamp="2026-05-15T09:34:42Z" user="OSMnx" lat="53.3311759" uid="1" id="8665899385" version="1" lon="-6.2455583" visible="true" /><node changeset="1" timestamp="2026-05-15T09:34:42Z" user="OSMnx" lat="53.3311145" uid="1" id="8665899387" version="1" lon="-6.2455853" visible="true" /><node changeset="1" timestamp="2026-05-15T09:34:42Z" user="OSMnx" lat="53.3310596" uid="1" id="8665899389" version="1" lon="-6.2456094" visible="true" /><node changeset="1" timestamp="2026-05-15T09:34:42Z" user="OSMnx" lat="53.3310061" uid="1" id="8665899391" version="1" lon="-6.2456329" visible="true" /><node changeset="1" timestamp="2026-05-15T09:34:42Z" user="OSMnx" lat="53.3313742" uid="1" id="8665899393" version="1" lon="-6.2454726" visible="true" /><node changeset="1" timestamp="2026-05-15T09:34:42Z" user="OSMnx" lat="53.3308665" uid="1" id="8665899670" version="1" lon="-6.2443052" visible="true" /><node changeset="1" timestamp="2026-05-15T09:34:42Z" user="OSMnx" lat="53.3309756" uid="1" id="8665899674" version="1" lon="-6.2442595" visible="true" /><node changeset="1" timestamp="2026-05-15T09:34:42Z" user="OSMnx" lat="53.3311221" uid="1" id="8665899678" version="1" lon="-6.2441988" visible="true" /><node changeset="1" timestamp="2026-05-15T09:34:42Z" user="OSMnx" lat="53.3303766" uid="1" id="8668679977" version="1" lon="-6.2428201" visible="true" /><node changeset="1" timestamp="2026-05-15T09:34:42Z" user="OSMnx" lat="53.3304307" uid="1" id="8668679979" version="1" lon="-6.2427995" visible="true" /><node changeset="1" timestamp="2026-05-15T09:34:42Z" user="OSMnx" lat="53.3304908" uid="1" id="8668679981" version="1" lon="-6.2427775" visible="true" /><node changeset="1" timestamp="2026-05-15T09:34:42Z" user="OSMnx" lat="53.3301756" uid="1" id="8668679983" version="1" lon="-6.242895" visible="true" /><node changeset="1" timestamp="2026-05-15T09:34:42Z" user="OSMnx" lat="53.3302625" uid="1" id="8668679985" version="1" lon="-6.2428624" visible="true" /><node changeset="1" timestamp="2026-05-15T09:34:42Z" user="OSMnx" lat="53.3303362" uid="1" id="8668679987" version="1" lon="-6.242835" visible="true" /><node changeset="1" timestamp="2026-05-15T09:34:42Z" user="OSMnx" lat="53.3304054" uid="1" id="8668681891" version="1" lon="-6.2428093" visible="true" /><node changeset="1" timestamp="2026-05-15T09:34:42Z" user="OSMnx" lat="53.3304653" uid="1" id="8668681893" version="1" lon="-6.242787" visible="true" /><node changeset="1" timestamp="2026-05-15T09:34:42Z" user="OSMnx" lat="53.3305444" uid="1" id="8668681895" version="1" lon="-6.2427576" visible="true" /><node changeset="1" timestamp="2026-05-15T09:34:42Z" user="OSMnx" lat="53.3306148" uid="1" id="8668681897" version="1" lon="-6.2427315" visible="true" /><node changeset="1" timestamp="2026-05-15T09:34:42Z" user="OSMnx" lat="53.3307656" uid="1" id="8668687573" version="1" lon="-6.2426754" visible="true" /><node changeset="1" timestamp="2026-05-15T09:34:42Z" user="OSMnx" lat="53.3306953" uid="1" id="8668687575" version="1" lon="-6.2427015" visible="true" /><node changeset="1" timestamp="2026-05-15T09:34:42Z" user="OSMnx" lat="53.3306029" uid="1" id="8668687577" version="1" lon="-6.2427359" visible="true" /><node changeset="1" timestamp="2026-05-15T09:34:42Z" user="OSMnx" lat="53.330554" uid="1" id="8668687579" version="1" lon="-6.242754" visible="true" /><node changeset="1" timestamp="2026-05-15T09:34:42Z" user="OSMnx" lat="53.3300405" uid="1" id="8668687581" version="1" lon="-6.2429459" visible="true" /><node changeset="1" timestamp="2026-05-15T09:34:42Z" user="OSMnx" lat="53.3299729" uid="1" id="8668687583" version="1" lon="-6.2429714" visible="true" /><node changeset="1" timestamp="2026-05-15T09:34:42Z" user="OSMnx" lat="53.3298436" uid="1" id="8668687585" version="1" lon="-6.2430201" visible="true" /><node changeset="1" timestamp="2026-05-15T09:34:42Z" user="OSMnx" lat="53.3286545" uid="1" id="8668930681" version="1" lon="-6.2425376" visible="true" /><node changeset="1" timestamp="2026-05-15T09:34:42Z" user="OSMnx" lat="53.3286837" uid="1" id="8668930701" version="1" lon="-6.2427866" visible="true" /><node changeset="1" timestamp="2026-05-15T09:34:42Z" user="OSMnx" lat="53.3278194" uid="1" id="8668935403" version="1" lon="-6.2423839" visible="true" /><node changeset="1" timestamp="2026-05-15T09:34:42Z" user="OSMnx" lat="53.3278293" uid="1" id="8668935406" version="1" lon="-6.2422441" visible="true" /><node changeset="1" timestamp="2026-05-15T09:34:42Z" user="OSMnx" lat="53.3285213" uid="1" id="8668935600" version="1" lon="-6.2417337" visible="true" /><node changeset="1" timestamp="2026-05-15T09:34:42Z" user="OSMnx" lat="53.3286861" uid="1" id="8668935608" version="1" lon="-6.2416805" visible="true" /><node changeset="1" timestamp="2026-05-15T09:34:42Z" user="OSMnx" lat="53.3289126" uid="1" id="8668935610" version="1" lon="-6.2416083" visible="true" /><node changeset="1" timestamp="2026-05-15T09:34:42Z" user="OSMnx" lat="53.3290619" uid="1" id="8668935612" version="1" lon="-6.2415599" visible="true" /><node changeset="1" timestamp="2026-05-15T09:34:42Z" user="OSMnx" lat="53.3278227" uid="1" id="8668953232" version="1" lon="-6.2425522" visible="true" /><node changeset="1" timestamp="2026-05-15T09:34:42Z" user="OSMnx" lat="53.3278259" uid="1" id="8668953234" version="1" lon="-6.2426669" visible="true" /><node changeset="1" timestamp="2026-05-15T09:34:42Z" user="OSMnx" lat="53.3291439" uid="1" id="8668956174" version="1" lon="-6.2432836" visible="true" /><node changeset="1" timestamp="2026-05-15T09:34:42Z" user="OSMnx" lat="53.3290877" uid="1" id="8668956176" version="1" lon="-6.2433047" visible="true" /><node changeset="1" timestamp="2026-05-15T09:34:42Z" user="OSMnx" lat="53.3288794" uid="1" id="8668956178" version="1" lon="-6.2433832" visible="true" /><node changeset="1" timestamp="2026-05-15T09:34:42Z" user="OSMnx" lat="53.3288518" uid="1" id="8668956180" version="1" lon="-6.2433936" visible="true" /><node changeset="1" timestamp="2026-05-15T09:34:42Z" user="OSMnx" lat="53.3290025" uid="1" id="8668956182" version="1" lon="-6.2433353" visible="true" /><node changeset="1" timestamp="2026-05-15T09:34:42Z" user="OSMnx" lat="53.3290584" uid="1" id="8668956184" version="1" lon="-6.2433158" visible="true" /><node changeset="1" timestamp="2026-05-15T09:34:42Z" user="OSMnx" lat="53.329187" uid="1" id="8668956186" version="1" lon="-6.2432674" visible="true" /><node changeset="1" timestamp="2026-05-15T09:34:42Z" user="OSMnx" lat="53.3276242" uid="1" id="8668961618" version="1" lon="-6.241934" visible="true" /><node changeset="1" timestamp="2026-05-15T09:34:42Z" user="OSMnx" lat="53.3288042" uid="1" id="8668974425" version="1" lon="-6.2437837" visible="true" /><node changeset="1" timestamp="2026-05-15T09:34:42Z" user="OSMnx" lat="53.3287922" uid="1" id="8668974427" version="1" lon="-6.2436856" visible="true" /><node changeset="1" timestamp="2026-05-15T09:34:42Z" user="OSMnx" lat="53.3289279" uid="1" id="8668974446" version="1" lon="-6.2448767" visible="true" /><node changeset="1" timestamp="2026-05-15T09:34:42Z" user="OSMnx" lat="53.3289158" uid="1" id="8668974448" version="1" lon="-6.2447745" visible="true" /><node changeset="1" timestamp="2026-05-15T09:34:42Z" user="OSMnx" lat="53.3289049" uid="1" id="8668974450" version="1" lon="-6.2446735" visible="true" /><node changeset="1" timestamp="2026-05-15T09:34:42Z" user="OSMnx" lat="53.3288957" uid="1" id="8668974452" version="1" lon="-6.244591" visible="true" /><node changeset="1" timestamp="2026-05-15T09:34:42Z" user="OSMnx" lat="53.3288866" uid="1" id="8668974454" version="1" lon="-6.2445096" visible="true" /><node changeset="1" timestamp="2026-05-15T09:34:42Z" user="OSMnx" lat="53.3288736" uid="1" id="8668974456" version="1" lon="-6.2443922" visible="true" /><node changeset="1" timestamp="2026-05-15T09:34:42Z" user="OSMnx" lat="53.3282284" uid="1" id="8669016681" version="1" lon="-6.245919" visible="true" /><node changeset="1" timestamp="2026-05-15T09:34:42Z" user="OSMnx" lat="53.3296229" uid="1" id="8669542124" version="1" lon="-6.2448512" visible="true" /><node changeset="1" timestamp="2026-05-15T09:34:42Z" user="OSMnx" lat="53.3293333" uid="1" id="8669542127" version="1" lon="-6.2449753" visible="true" /><node changeset="1" timestamp="2026-05-15T09:34:42Z" user="OSMnx" lat="53.3298262" uid="1" id="8669542130" version="1" lon="-6.2447616" visible="true" /><node changeset="1" timestamp="2026-05-15T09:34:42Z" user="OSMnx" lat="53.3299472" uid="1" id="8669542132" version="1" lon="-6.2447083" visible="true" /><node changeset="1" timestamp="2026-05-15T09:34:42Z" user="OSMnx" lat="53.3300075" uid="1" id="8669542135" version="1" lon="-6.2446817" visible="true" /><node changeset="1" timestamp="2026-05-15T09:34:42Z" user="OSMnx" lat="53.3299299" uid="1" id="8669542137" version="1" lon="-6.2447159" visible="true" /><node changeset="1" timestamp="2026-05-15T09:34:42Z" user="OSMnx" lat="53.3297161" uid="1" id="8669542141" version="1" lon="-6.2448101" visible="true" /><node changeset="1" timestamp="2026-05-15T09:34:42Z" user="OSMnx" lat="53.3295613" uid="1" id="8669542143" version="1" lon="-6.2448783" visible="true" /><node changeset="1" timestamp="2026-05-15T09:34:42Z" user="OSMnx" lat="53.3294431" uid="1" id="8669542145" version="1" lon="-6.2449289" visible="true" /><node changeset="1" timestamp="2026-05-15T09:34:42Z" user="OSMnx" lat="53.3302542" uid="1" id="8669542147" version="1" lon="-6.244573" visible="true" /><node changeset="1" timestamp="2026-05-15T09:34:42Z" user="OSMnx" lat="53.3305007" uid="1" id="8669542151" version="1" lon="-6.2444651" visible="true" /><node changeset="1" timestamp="2026-05-15T09:34:42Z" user="OSMnx" lat="53.3306148" uid="1" id="8669542154" version="1" lon="-6.2444153" visible="true" /><node changeset="1" timestamp="2026-05-15T09:34:42Z" user="OSMnx" lat="53.3299629" uid="1" id="8669551199" version="1" lon="-6.2429752" visible="true" /><node changeset="1" timestamp="2026-05-15T09:34:42Z" user="OSMnx" lat="53.3294931" uid="1" id="8669561248" version="1" lon="-6.2431521" visible="true" /><node changeset="1" timestamp="2026-05-15T09:34:42Z" user="OSMnx" lat="53.3296772" uid="1" id="8669561250" version="1" lon="-6.2430828" visible="true" /><node changeset="1" timestamp="2026-05-15T09:34:42Z" user="OSMnx" lat="53.3298058" uid="1" id="8669561258" version="1" lon="-6.2430343" visible="true" /><node changeset="1" timestamp="2026-05-15T09:34:42Z" user="OSMnx" lat="53.3300238" uid="1" id="8669564111" version="1" lon="-6.2460556" visible="true" /><node changeset="1" timestamp="2026-05-15T09:34:42Z" user="OSMnx" lat="53.3300761" uid="1" id="8669564113" version="1" lon="-6.2460318" visible="true" /><node changeset="1" timestamp="2026-05-15T09:34:42Z" user="OSMnx" lat="53.33014" uid="1" id="8669564115" version="1" lon="-6.2460025" visible="true" /><node changeset="1" timestamp="2026-05-15T09:34:42Z" user="OSMnx" lat="53.3301948" uid="1" id="8669582217" version="1" lon="-6.2459795" visible="true" /><node changeset="1" timestamp="2026-05-15T09:34:42Z" user="OSMnx" lat="53.330262" uid="1" id="8669582219" version="1" lon="-6.2459504" visible="true" /><node changeset="1" timestamp="2026-05-15T09:34:42Z" user="OSMnx" lat="53.3303233" uid="1" id="8669582221" version="1" lon="-6.2459238" visible="true" /><node changeset="1" timestamp="2026-05-15T09:34:42Z" user="OSMnx" lat="53.3303804" uid="1" id="8669582223" version="1" lon="-6.2459" visible="true" /><node changeset="1" timestamp="2026-05-15T09:34:42Z" user="OSMnx" lat="53.3305285" uid="1" id="8669582225" version="1" lon="-6.2458349" visible="true" /><node changeset="1" timestamp="2026-05-15T09:34:42Z" user="OSMnx" lat="53.330587" uid="1" id="8669582227" version="1" lon="-6.2458101" visible="true" /><node changeset="1" timestamp="2026-05-15T09:34:42Z" user="OSMnx" lat="53.3306543" uid="1" id="8669582229" version="1" lon="-6.2457793" visible="true" /><node changeset="1" timestamp="2026-05-15T09:34:42Z" user="OSMnx" lat="53.3307169" uid="1" id="8669582231" version="1" lon="-6.2457547" visible="true" /><node changeset="1" timestamp="2026-05-15T09:34:42Z" user="OSMnx" lat="53.334929" uid="1" id="8676059188" version="1" lon="-6.2394885" visible="true" /><node changeset="1" timestamp="2026-05-15T09:34:42Z" user="OSMnx" lat="53.3349557" uid="1" id="8676059190" version="1" lon="-6.239395" visible="true" /><node changeset="1" timestamp="2026-05-15T09:34:42Z" user="OSMnx" lat="53.3349806" uid="1" id="8676059192" version="1" lon="-6.2393065" visible="true" /><node changeset="1" timestamp="2026-05-15T09:34:42Z" user="OSMnx" lat="53.3350594" uid="1" id="8676059194" version="1" lon="-6.239039" visible="true" /><node changeset="1" timestamp="2026-05-15T09:34:42Z" user="OSMnx" lat="53.3350842" uid="1" id="8676059196" version="1" lon="-6.2389503" visible="true" /><node changeset="1" timestamp="2026-05-15T09:34:42Z" user="OSMnx" lat="53.3345365" uid="1" id="8676062343" version="1" lon="-6.2383446" visible="true" /><node changeset="1" timestamp="2026-05-15T09:34:42Z" user="OSMnx" lat="53.3345851" uid="1" id="8676721879" version="1" lon="-6.2345511" visible="true" /><node changeset="1" timestamp="2026-05-15T09:34:42Z" user="OSMnx" lat="53.3346094" uid="1" id="8676721881" version="1" lon="-6.2345434" visible="true" /><node changeset="1" timestamp="2026-05-15T09:34:42Z" user="OSMnx" lat="53.3255289" uid="1" id="8685983423" version="1" lon="-6.257738" visible="true" /><node changeset="1" timestamp="2026-05-15T09:34:42Z" user="OSMnx" lat="53.3255783" uid="1" id="8685983424" version="1" lon="-6.2577713" visible="true" /><node changeset="1" timestamp="2026-05-15T09:34:42Z" user="OSMnx" lat="53.3272458" uid="1" id="8685983549" version="1" lon="-6.2618968" visible="true" /><node changeset="1" timestamp="2026-05-15T09:34:42Z" user="OSMnx" lat="53.3312258" uid="1" id="8694162803" version="1" lon="-6.2425043" visible="true" /><node changeset="1" timestamp="2026-05-15T09:34:42Z" user="OSMnx" lat="53.3309586" uid="1" id="8694162804" version="1" lon="-6.2426036" visible="true" /><node changeset="1" timestamp="2026-05-15T09:34:42Z" user="OSMnx" lat="53.3310327" uid="1" id="8694162805" version="1" lon="-6.242576" visible="true" /><node changeset="1" timestamp="2026-05-15T09:34:42Z" user="OSMnx" lat="53.3309058" uid="1" id="8694162806" version="1" lon="-6.2426232" visible="true" /><node changeset="1" timestamp="2026-05-15T09:34:42Z" user="OSMnx" lat="53.3291449" uid="1" id="8697761162" version="1" lon="-6.2334415" visible="true" /><node changeset="1" timestamp="2026-05-15T09:34:42Z" user="OSMnx" lat="53.3299189" uid="1" id="8697761168" version="1" lon="-6.233443" visible="true" /><node changeset="1" timestamp="2026-05-15T09:34:42Z" user="OSMnx" lat="53.3299466" uid="1" id="8697761170" version="1" lon="-6.2336894" visible="true" /><node changeset="1" timestamp="2026-05-15T09:34:42Z" user="OSMnx" lat="53.3299595" uid="1" id="8697761172" version="1" lon="-6.2338001" visible="true" /><node changeset="1" timestamp="2026-05-15T09:34:42Z" user="OSMnx" lat="53.3299727" uid="1" id="8697761174" version="1" lon="-6.2339148" visible="true" /><node changeset="1" timestamp="2026-05-15T09:34:42Z" user="OSMnx" lat="53.3299927" uid="1" id="8697761176" version="1" lon="-6.234087" visible="true" /><node changeset="1" timestamp="2026-05-15T09:34:42Z" user="OSMnx" lat="53.330009" uid="1" id="8697761178" version="1" lon="-6.2342289" visible="true" /><node changeset="1" timestamp="2026-05-15T09:34:42Z" user="OSMnx" lat="53.3175075" uid="1" id="8699569694" version="1" lon="-6.2523804" visible="true" /><node changeset="1" timestamp="2026-05-15T09:34:42Z" user="OSMnx" lat="53.3149474" uid="1" id="8699583805" version="1" lon="-6.2551797" visible="true" /><node changeset="1" timestamp="2026-05-15T09:34:42Z" user="OSMnx" lat="53.3146644" uid="1" id="8699583806" version="1" lon="-6.2539552" visible="true" /><node changeset="1" timestamp="2026-05-15T09:34:42Z" user="OSMnx" lat="53.3140934" uid="1" id="8703221646" version="1" lon="-6.2538033" visible="true" /><node changeset="1" timestamp="2026-05-15T09:34:42Z" user="OSMnx" lat="53.3260525" uid="1" id="8710971999" version="1" lon="-6.2536817" visible="true" /><node changeset="1" timestamp="2026-05-15T09:34:42Z" user="OSMnx" lat="53.3260979" uid="1" id="8710972000" version="1" lon="-6.2535614" visible="true" /><node changeset="1" timestamp="2026-05-15T09:34:42Z" user="OSMnx" lat="53.3268725" uid="1" id="8711012318" version="1" lon="-6.2542341" visible="true" /><node changeset="1" timestamp="2026-05-15T09:34:42Z" user="OSMnx" lat="53.3253923" uid="1" id="8713380008" version="1" lon="-6.2539818" visible="true" /><node changeset="1" timestamp="2026-05-15T09:34:42Z" user="OSMnx" lat="53.325289" uid="1" id="8715796380" version="1" lon="-6.2519008" visible="true" /><node changeset="1" timestamp="2026-05-15T09:34:42Z" user="OSMnx" lat="53.3273645" uid="1" id="8715974859" version="1" lon="-6.2534514" visible="true" /><node changeset="1" timestamp="2026-05-15T09:34:42Z" user="OSMnx" lat="53.3272298" uid="1" id="8718928252" version="1" lon="-6.2405955" visible="true"><tag k="highway" v="crossing" /></node><node changeset="1" timestamp="2026-05-15T09:34:42Z" user="OSMnx" lat="53.3283274" uid="1" id="8718928274" version="1" lon="-6.2401583" visible="true" /><node changeset="1" timestamp="2026-05-15T09:34:42Z" user="OSMnx" lat="53.3215948" uid="1" id="8724313115" version="1" lon="-6.2392403" visible="true" /><node changeset="1" timestamp="2026-05-15T09:34:42Z" user="OSMnx" lat="53.3215656" uid="1" id="8724359217" version="1" lon="-6.2393098" visible="true" /><node changeset="1" timestamp="2026-05-15T09:34:42Z" user="OSMnx" lat="53.321535" uid="1" id="8724359219" version="1" lon="-6.2393827" visible="true" /><node changeset="1" timestamp="2026-05-15T09:34:42Z" user="OSMnx" lat="53.3215034" uid="1" id="8724359221" version="1" lon="-6.2394581" visible="true" /><node changeset="1" timestamp="2026-05-15T09:34:42Z" user="OSMnx" lat="53.3211894" uid="1" id="8724384869" version="1" lon="-6.2401722" visible="true" /><node changeset="1" timestamp="2026-05-15T09:34:42Z" user="OSMnx" lat="53.3212514" uid="1" id="8724384871" version="1" lon="-6.2400346" visible="true" /><node changeset="1" timestamp="2026-05-15T09:34:42Z" user="OSMnx" lat="53.3213077" uid="1" id="8724384873" version="1" lon="-6.2399098" visible="true" /><node changeset="1" timestamp="2026-05-15T09:34:42Z" user="OSMnx" lat="53.3213685" uid="1" id="8724384875" version="1" lon="-6.2397746" visible="true" /><node changeset="1" timestamp="2026-05-15T09:34:42Z" user="OSMnx" lat="53.3213927" uid="1" id="8724384877" version="1" lon="-6.2397211" visible="true" /><node changeset="1" timestamp="2026-05-15T09:34:42Z" user="OSMnx" lat="53.3214315" uid="1" id="8724384880" version="1" lon="-6.2396295" visible="true" /><node changeset="1" timestamp="2026-05-15T09:34:42Z" user="OSMnx" lat="53.3214697" uid="1" id="8724384882" version="1" lon="-6.2395383" visible="true" /><node changeset="1" timestamp="2026-05-15T09:34:42Z" user="OSMnx" lat="53.3214886" uid="1" id="8724384884" version="1" lon="-6.2394933" visible="true" /><node changeset="1" timestamp="2026-05-15T09:34:42Z" user="OSMnx" lat="53.3241431" uid="1" id="8725192266" version="1" lon="-6.2369659" visible="true" /><node changeset="1" timestamp="2026-05-15T09:34:42Z" user="OSMnx" lat="53.3241143" uid="1" id="8725222095" version="1" lon="-6.235923" visible="true" /><node changeset="1" timestamp="2026-05-15T09:34:42Z" user="OSMnx" lat="53.3241959" uid="1" id="8725222097" version="1" lon="-6.2360565" visible="true" /><node changeset="1" timestamp="2026-05-15T09:34:42Z" user="OSMnx" lat="53.3237165" uid="1" id="8728121981" version="1" lon="-6.2378663" visible="true" /><node changeset="1" timestamp="2026-05-15T09:34:42Z" user="OSMnx" lat="53.3239395" uid="1" id="8728121983" version="1" lon="-6.2373957" visible="true" /><node changeset="1" timestamp="2026-05-15T09:34:42Z" user="OSMnx" lat="53.3238398" uid="1" id="8728124467" version="1" lon="-6.2394137" visible="true" /><node changeset="1" timestamp="2026-05-15T09:34:42Z" user="OSMnx" lat="53.3186003" uid="1" id="8734858078" version="1" lon="-6.2643873" visible="true" /><node changeset="1" timestamp="2026-05-15T09:34:42Z" user="OSMnx" lat="53.3188221" uid="1" id="8734936295" version="1" lon="-6.2644022" visible="true" /><node changeset="1" timestamp="2026-05-15T09:34:42Z" user="OSMnx" lat="53.3270666" uid="1" id="8740712323" version="1" lon="-6.249408" visible="true" /><node changeset="1" timestamp="2026-05-15T09:34:42Z" user="OSMnx" lat="53.3272058" uid="1" id="8740712324" version="1" lon="-6.2495898" visible="true" /><node changeset="1" timestamp="2026-05-15T09:34:42Z" user="OSMnx" lat="53.3271653" uid="1" id="8740712328" version="1" lon="-6.2495432" visible="true" /><node changeset="1" timestamp="2026-05-15T09:34:42Z" user="OSMnx" lat="53.3253522" uid="1" id="8740712492" version="1" lon="-6.2509022" visible="true" /><node changeset="1" timestamp="2026-05-15T09:34:42Z" user="OSMnx" lat="53.3254824" uid="1" id="8740712516" version="1" lon="-6.2507945" visible="true" /><node changeset="1" timestamp="2026-05-15T09:34:42Z" user="OSMnx" lat="53.3257999" uid="1" id="8740712533" version="1" lon="-6.250555" visible="true" /><node changeset="1" timestamp="2026-05-15T09:34:42Z" user="OSMnx" lat="53.3257616" uid="1" id="8740712543" version="1" lon="-6.2505729" visible="true" /><node changeset="1" timestamp="2026-05-15T09:34:42Z" user="OSMnx" lat="53.3275948" uid="1" id="8747552300" version="1" lon="-6.2500146" visible="true" /><node changeset="1" timestamp="2026-05-15T09:34:42Z" user="OSMnx" lat="53.3332772" uid="1" id="8752842641" version="1" lon="-6.2334336" visible="true" /><node changeset="1" timestamp="2026-05-15T09:34:42Z" user="OSMnx" lat="53.3332433" uid="1" id="8752842645" version="1" lon="-6.2335133" visible="true" /><node changeset="1" timestamp="2026-05-15T09:34:42Z" user="OSMnx" lat="53.3331432" uid="1" id="8752842647" version="1" lon="-6.2337481" visible="true" /><node changeset="1" timestamp="2026-05-15T09:34:42Z" user="OSMnx" lat="53.3337952" uid="1" id="8752926297" version="1" lon="-6.2344182" visible="true" /><node changeset="1" timestamp="2026-05-15T09:34:42Z" user="OSMnx" lat="53.3338299" uid="1" id="8752926299" version="1" lon="-6.2343374" visible="true" /><node changeset="1" timestamp="2026-05-15T09:34:42Z" user="OSMnx" lat="53.3337735" uid="1" id="8752926305" version="1" lon="-6.2344689" visible="true" /><node changeset="1" timestamp="2026-05-15T09:34:42Z" user="OSMnx" lat="53.3337126" uid="1" id="8752926307" version="1" lon="-6.2346107" visible="true" /><node changeset="1" timestamp="2026-05-15T09:34:42Z" user="OSMnx" lat="53.3336753" uid="1" id="8752926315" version="1" lon="-6.2346976" visible="true" /><node changeset="1" timestamp="2026-05-15T09:34:42Z" user="OSMnx" lat="53.3339934" uid="1" id="8752945090" version="1" lon="-6.2339567" visible="true" /><node changeset="1" timestamp="2026-05-15T09:34:42Z" user="OSMnx" lat="53.3339611" uid="1" id="8752945092" version="1" lon="-6.2340319" visible="true" /><node changeset="1" timestamp="2026-05-15T09:34:42Z" user="OSMnx" lat="53.3339332" uid="1" id="8752945094" version="1" lon="-6.2340968" visible="true" /><node changeset="1" timestamp="2026-05-15T09:34:42Z" user="OSMnx" lat="53.3339031" uid="1" id="8752945096" version="1" lon="-6.2341669" visible="true" /><node changeset="1" timestamp="2026-05-15T09:34:42Z" user="OSMnx" lat="53.3336462" uid="1" id="8752955417" version="1" lon="-6.2347654" visible="true" /><node changeset="1" timestamp="2026-05-15T09:34:42Z" user="OSMnx" lat="53.3337817" uid="1" id="8752976434" version="1" lon="-6.2344497" visible="true" /><node changeset="1" timestamp="2026-05-15T09:34:42Z" user="OSMnx" lat="53.3338916" uid="1" id="8752976437" version="1" lon="-6.2341937" visible="true" /><node changeset="1" timestamp="2026-05-15T09:34:42Z" user="OSMnx" lat="53.3339206" uid="1" id="8752976439" version="1" lon="-6.2341263" visible="true" /><node changeset="1" timestamp="2026-05-15T09:34:42Z" user="OSMnx" lat="53.333975" uid="1" id="8752976441" version="1" lon="-6.2339995" visible="true" /><node changeset="1" timestamp="2026-05-15T09:34:42Z" user="OSMnx" lat="53.3157355" uid="1" id="8762813341" version="1" lon="-6.248316" visible="true" /><node changeset="1" timestamp="2026-05-15T09:34:42Z" user="OSMnx" lat="53.3145887" uid="1" id="8762813379" version="1" lon="-6.246479" visible="true"><tag k="highway" v="turning_circle" /></node><node changeset="1" timestamp="2026-05-15T09:34:42Z" user="OSMnx" lat="53.3146202" uid="1" id="8762813380" version="1" lon="-6.2464558" visible="true" /><node changeset="1" timestamp="2026-05-15T09:34:42Z" user="OSMnx" lat="53.3156977" uid="1" id="8766416200" version="1" lon="-6.2469776" visible="true" /><node changeset="1" timestamp="2026-05-15T09:34:42Z" user="OSMnx" lat="53.3178612" uid="1" id="8815667175" version="1" lon="-6.2345019" visible="true" /><node changeset="1" timestamp="2026-05-15T09:34:42Z" user="OSMnx" lat="53.3231861" uid="1" id="8828260396" version="1" lon="-6.2461688" visible="true" /><node changeset="1" timestamp="2026-05-15T09:34:42Z" user="OSMnx" lat="53.3239386" uid="1" id="8828260409" version="1" lon="-6.2467197" visible="true" /><node changeset="1" timestamp="2026-05-15T09:34:42Z" user="OSMnx" lat="53.3219948" uid="1" id="8828316295" version="1" lon="-6.2475451" visible="true"><tag k="highway" v="crossing" /></node><node changeset="1" timestamp="2026-05-15T09:34:42Z" user="OSMnx" lat="53.3215449" uid="1" id="8828316296" version="1" lon="-6.2470397" visible="true" /><node changeset="1" timestamp="2026-05-15T09:34:42Z" user="OSMnx" lat="53.3216792" uid="1" id="8828316299" version="1" lon="-6.2472779" visible="true" /><node changeset="1" timestamp="2026-05-15T09:34:42Z" user="OSMnx" lat="53.3208239" uid="1" id="8837012434" version="1" lon="-6.2403243" visible="true" /><node changeset="1" timestamp="2026-05-15T09:34:42Z" user="OSMnx" lat="53.318474" uid="1" id="8837012647" version="1" lon="-6.2400396" visible="true" /><node changeset="1" timestamp="2026-05-15T09:34:42Z" user="OSMnx" lat="53.3192264" uid="1" id="8850167281" version="1" lon="-6.2429073" visible="true" /><node changeset="1" timestamp="2026-05-15T09:34:42Z" user="OSMnx" lat="53.320083" uid="1" id="8850208530" version="1" lon="-6.2442555" visible="true" /><node changeset="1" timestamp="2026-05-15T09:34:42Z" user="OSMnx" lat="53.3196111" uid="1" id="8851389438" version="1" lon="-6.2442259" visible="true" /><node changeset="1" timestamp="2026-05-15T09:34:42Z" user="OSMnx" lat="53.3200074" uid="1" id="8851397638" version="1" lon="-6.2426727" visible="true" /><node changeset="1" timestamp="2026-05-15T09:34:42Z" user="OSMnx" lat="53.3140743" uid="1" id="8866444711" version="1" lon="-6.2592475" visible="true" /><node changeset="1" timestamp="2026-05-15T09:34:42Z" user="OSMnx" lat="53.3140836" uid="1" id="8866444713" version="1" lon="-6.258998" visible="true" /><node changeset="1" timestamp="2026-05-15T09:34:42Z" user="OSMnx" lat="53.3161307" uid="1" id="8866482024" version="1" lon="-6.2587151" visible="true" /><node changeset="1" timestamp="2026-05-15T09:34:42Z" user="OSMnx" lat="53.3197306" uid="1" id="8866519246" version="1" lon="-6.2566842" visible="true" /><node changeset="1" timestamp="2026-05-15T09:34:42Z" user="OSMnx" lat="53.3200125" uid="1" id="8866519247" version="1" lon="-6.2609471" visible="true"><tag k="highway" v="turning_circle" /></node><node changeset="1" timestamp="2026-05-15T09:34:42Z" user="OSMnx" lat="53.3214806" uid="1" id="8866643822" version="1" lon="-6.2594863" visible="true" /><node changeset="1" timestamp="2026-05-15T09:34:42Z" user="OSMnx" lat="53.32537" uid="1" id="8866643823" version="1" lon="-6.257642" visible="true" /><node changeset="1" timestamp="2026-05-15T09:34:42Z" user="OSMnx" lat="53.3268331" uid="1" id="8866694752" version="1" lon="-6.2467789" visible="true" /><node changeset="1" timestamp="2026-05-15T09:34:42Z" user="OSMnx" lat="53.3234833" uid="1" id="8878407256" version="1" lon="-6.2669481" visible="true" /><node changeset="1" timestamp="2026-05-15T09:34:42Z" user="OSMnx" lat="53.3219129" uid="1" id="8880970825" version="1" lon="-6.2622474" visible="true" /><node changeset="1" timestamp="2026-05-15T09:34:42Z" user="OSMnx" lat="53.3213905" uid="1" id="8881076285" version="1" lon="-6.2644366" visible="true" /><node changeset="1" timestamp="2026-05-15T09:34:42Z" user="OSMnx" lat="53.3214631" uid="1" id="8881076348" version="1" lon="-6.2672584" visible="true" /><node changeset="1" timestamp="2026-05-15T09:34:42Z" user="OSMnx" lat="53.3217471" uid="1" id="8881130713" version="1" lon="-6.2643822" visible="true" /><node changeset="1" timestamp="2026-05-15T09:34:42Z" user="OSMnx" lat="53.3222521" uid="1" id="8896032544" version="1" lon="-6.2404798" visible="true" /><node changeset="1" timestamp="2026-05-15T09:34:42Z" user="OSMnx" lat="53.3176781" uid="1" id="8985936266" version="1" lon="-6.2368828" visible="true" /><node changeset="1" timestamp="2026-05-15T09:34:42Z" user="OSMnx" lat="53.3340059" uid="1" id="9102898133" version="1" lon="-6.2564638" visible="true" /><node changeset="1" timestamp="2026-05-15T09:34:42Z" user="OSMnx" lat="53.322384" uid="1" id="9130228835" version="1" lon="-6.2468822" visible="true" /><node changeset="1" timestamp="2026-05-15T09:34:42Z" user="OSMnx" lat="53.3299386" uid="1" id="9216803670" version="1" lon="-6.2597761" visible="true"><tag k="highway" v="crossing" /></node><node changeset="1" timestamp="2026-05-15T09:34:42Z" user="OSMnx" lat="53.3340002" uid="1" id="9216803671" version="1" lon="-6.2684645" visible="true"><tag k="highway" v="crossing" /></node><node changeset="1" timestamp="2026-05-15T09:34:42Z" user="OSMnx" lat="53.3341399" uid="1" id="9216803679" version="1" lon="-6.2653866" visible="true"><tag k="highway" v="crossing" /></node><node changeset="1" timestamp="2026-05-15T09:34:42Z" user="OSMnx" lat="53.3220214" uid="1" id="9248728919" version="1" lon="-6.2657928" visible="true" /><node changeset="1" timestamp="2026-05-15T09:34:42Z" user="OSMnx" lat="53.3230347" uid="1" id="9386576690" version="1" lon="-6.2655565" visible="true" /><node changeset="1" timestamp="2026-05-15T09:34:42Z" user="OSMnx" lat="53.3265148" uid="1" id="9386576691" version="1" lon="-6.2649009" visible="true" /><node changeset="1" timestamp="2026-05-15T09:34:42Z" user="OSMnx" lat="53.3270234" uid="1" id="9386576692" version="1" lon="-6.2648083" visible="true" /><node changeset="1" timestamp="2026-05-15T09:34:42Z" user="OSMnx" lat="53.3319427" uid="1" id="9566315285" version="1" lon="-6.2354522" visible="true" /><node changeset="1" timestamp="2026-05-15T09:34:42Z" user="OSMnx" lat="53.3217547" uid="1" id="9588688394" version="1" lon="-6.2606154" visible="true"><tag k="highway" v="crossing" /></node><node changeset="1" timestamp="2026-05-15T09:34:42Z" user="OSMnx" lat="53.322016" uid="1" id="9588688399" version="1" lon="-6.2607512" visible="true"><tag k="highway" v="crossing" /></node><node changeset="1" timestamp="2026-05-15T09:34:42Z" user="OSMnx" lat="53.315228" uid="1" id="9631320518" version="1" lon="-6.2525058" visible="true" /><node changeset="1" timestamp="2026-05-15T09:34:42Z" user="OSMnx" lat="53.3206639" uid="1" id="9631320520" version="1" lon="-6.2490725" visible="true" /><node changeset="1" timestamp="2026-05-15T09:34:42Z" user="OSMnx" lat="53.3236636" uid="1" id="9631320522" version="1" lon="-6.2430684" visible="true" /><node changeset="1" timestamp="2026-05-15T09:34:42Z" user="OSMnx" lat="53.3245451" uid="1" id="9631320523" version="1" lon="-6.2414029" visible="true" /><node changeset="1" timestamp="2026-05-15T09:34:42Z" user="OSMnx" lat="53.3245742" uid="1" id="9631320524" version="1" lon="-6.2413624" visible="true" /><node changeset="1" timestamp="2026-05-15T09:34:42Z" user="OSMnx" lat="53.3246336" uid="1" id="9631320525" version="1" lon="-6.2412687" visible="true" /><node changeset="1" timestamp="2026-05-15T09:34:42Z" user="OSMnx" lat="53.3235194" uid="1" id="9631320526" version="1" lon="-6.2434277" visible="true" /><node changeset="1" timestamp="2026-05-15T09:34:42Z" user="OSMnx" lat="53.3255837" uid="1" id="9631320527" version="1" lon="-6.2394171" visible="true" /><node changeset="1" timestamp="2026-05-15T09:34:42Z" user="OSMnx" lat="53.3256132" uid="1" id="9631320528" version="1" lon="-6.2393537" visible="true" /><node changeset="1" timestamp="2026-05-15T09:34:42Z" user="OSMnx" lat="53.3258325" uid="1" id="9631320529" version="1" lon="-6.2388825" visible="true" /><node changeset="1" timestamp="2026-05-15T09:34:42Z" user="OSMnx" lat="53.3262437" uid="1" id="9631320530" version="1" lon="-6.2379988" visible="true" /><node changeset="1" timestamp="2026-05-15T09:34:42Z" user="OSMnx" lat="53.3166215" uid="1" id="9672768223" version="1" lon="-6.2448507" visible="true" /><node changeset="1" timestamp="2026-05-15T09:34:42Z" user="OSMnx" lat="53.3166878" uid="1" id="9672768224" version="1" lon="-6.2448286" visible="true" /><node changeset="1" timestamp="2026-05-15T09:34:42Z" user="OSMnx" lat="53.3169122" uid="1" id="9672768225" version="1" lon="-6.2447765" visible="true" /><node changeset="1" timestamp="2026-05-15T09:34:42Z" user="OSMnx" lat="53.3185268" uid="1" id="9672768226" version="1" lon="-6.2371104" visible="true" /><node changeset="1" timestamp="2026-05-15T09:34:42Z" user="OSMnx" lat="53.318789" uid="1" id="9672768228" version="1" lon="-6.235558" visible="true" /><node changeset="1" timestamp="2026-05-15T09:34:42Z" user="OSMnx" lat="53.3302273" uid="1" id="9728823879" version="1" lon="-6.2428756" visible="true" /><node changeset="1" timestamp="2026-05-15T09:34:42Z" user="OSMnx" lat="53.3287834" uid="1" id="9729757802" version="1" lon="-6.2436139" visible="true" /><node changeset="1" timestamp="2026-05-15T09:34:42Z" user="OSMnx" lat="53.3289658" uid="1" id="9729789124" version="1" lon="-6.2433501" visible="true" /><node changeset="1" timestamp="2026-05-15T09:34:42Z" user="OSMnx" lat="53.3298658" uid="1" id="9729789729" version="1" lon="-6.2430117" visible="true" /><node changeset="1" timestamp="2026-05-15T09:34:42Z" user="OSMnx" lat="53.3295576" uid="1" id="9729806721" version="1" lon="-6.2431278" visible="true" /><node changeset="1" timestamp="2026-05-15T09:34:42Z" user="OSMnx" lat="53.3293535" uid="1" id="9729806727" version="1" lon="-6.2432047" visible="true" /><node changeset="1" timestamp="2026-05-15T09:34:42Z" user="OSMnx" lat="53.3293128" uid="1" id="9729806730" version="1" lon="-6.24322" visible="true" /><node changeset="1" timestamp="2026-05-15T09:34:42Z" user="OSMnx" lat="53.3292526" uid="1" id="9729806733" version="1" lon="-6.2432427" visible="true" /><node changeset="1" timestamp="2026-05-15T09:34:42Z" user="OSMnx" lat="53.3291331" uid="1" id="9729806736" version="1" lon="-6.2432876" visible="true" /><node changeset="1" timestamp="2026-05-15T09:34:42Z" user="OSMnx" lat="53.3308966" uid="1" id="9730174815" version="1" lon="-6.2426266" visible="true" /><node changeset="1" timestamp="2026-05-15T09:34:42Z" user="OSMnx" lat="53.3296584" uid="1" id="9730178869" version="1" lon="-6.2430899" visible="true" /><node changeset="1" timestamp="2026-05-15T09:34:42Z" user="OSMnx" lat="53.3297218" uid="1" id="9730178872" version="1" lon="-6.243066" visible="true" /><node changeset="1" timestamp="2026-05-15T09:34:42Z" user="OSMnx" lat="53.3297884" uid="1" id="9730178877" version="1" lon="-6.2430408" visible="true" /><node changeset="1" timestamp="2026-05-15T09:34:42Z" user="OSMnx" lat="53.3294029" uid="1" id="9730178885" version="1" lon="-6.2431861" visible="true" /><node changeset="1" timestamp="2026-05-15T09:34:42Z" user="OSMnx" lat="53.3295311" uid="1" id="9730178888" version="1" lon="-6.2431378" visible="true" /><node changeset="1" timestamp="2026-05-15T09:34:42Z" user="OSMnx" lat="53.329336" uid="1" id="9730201043" version="1" lon="-6.2432113" visible="true" /><node changeset="1" timestamp="2026-05-15T09:34:42Z" user="OSMnx" lat="53.3292689" uid="1" id="9730201046" version="1" lon="-6.2432365" visible="true" /><node changeset="1" timestamp="2026-05-15T09:34:42Z" user="OSMnx" lat="53.3287151" uid="1" id="9732059036" version="1" lon="-6.2430564" visible="true" /><node changeset="1" timestamp="2026-05-15T09:34:42Z" user="OSMnx" lat="53.3290017" uid="1" id="9732065934" version="1" lon="-6.2451141" visible="true" /><node changeset="1" timestamp="2026-05-15T09:34:42Z" user="OSMnx" lat="53.3287852" uid="1" id="9732065937" version="1" lon="-6.2434186" visible="true"><tag k="highway" v="crossing" /></node><node changeset="1" timestamp="2026-05-15T09:34:42Z" user="OSMnx" lat="53.3298274" uid="1" id="9732459290" version="1" lon="-6.2461423" visible="true" /><node changeset="1" timestamp="2026-05-15T09:34:42Z" user="OSMnx" lat="53.3292752" uid="1" id="9732466265" version="1" lon="-6.2463795" visible="true" /><node changeset="1" timestamp="2026-05-15T09:34:42Z" user="OSMnx" lat="53.3284435" uid="1" id="9732495514" version="1" lon="-6.2464746" visible="true" /><node changeset="1" timestamp="2026-05-15T09:34:42Z" user="OSMnx" lat="53.3299631" uid="1" id="9732497755" version="1" lon="-6.2460825" visible="true" /><node changeset="1" timestamp="2026-05-15T09:34:42Z" user="OSMnx" lat="53.329892" uid="1" id="9732497760" version="1" lon="-6.2461137" visible="true" /><node changeset="1" timestamp="2026-05-15T09:34:42Z" user="OSMnx" lat="53.3297692" uid="1" id="9732497763" version="1" lon="-6.246168" visible="true" /><node changeset="1" timestamp="2026-05-15T09:34:42Z" user="OSMnx" lat="53.3293993" uid="1" id="9732499740" version="1" lon="-6.2463288" visible="true" /><node changeset="1" timestamp="2026-05-15T09:34:42Z" user="OSMnx" lat="53.3296477" uid="1" id="9732504458" version="1" lon="-6.246221" visible="true" /><node changeset="1" timestamp="2026-05-15T09:34:42Z" user="OSMnx" lat="53.3295235" uid="1" id="9732506318" version="1" lon="-6.2462771" visible="true" /><node changeset="1" timestamp="2026-05-15T09:34:42Z" user="OSMnx" lat="53.3295708" uid="1" id="9732506322" version="1" lon="-6.2462555" visible="true" /><node changeset="1" timestamp="2026-05-15T09:34:42Z" user="OSMnx" lat="53.328345" uid="1" id="9732545119" version="1" lon="-6.2462297" visible="true" /><node changeset="1" timestamp="2026-05-15T09:34:42Z" user="OSMnx" lat="53.329879" uid="1" id="9732561632" version="1" lon="-6.2461195" visible="true" /><node changeset="1" timestamp="2026-05-15T09:34:42Z" user="OSMnx" lat="53.3301338" uid="1" id="9733387739" version="1" lon="-6.2460055" visible="true" /><node changeset="1" timestamp="2026-05-15T09:34:42Z" user="OSMnx" lat="53.3301753" uid="1" id="9733387741" version="1" lon="-6.2459867" visible="true" /><node changeset="1" timestamp="2026-05-15T09:34:42Z" user="OSMnx" lat="53.3302235" uid="1" id="9733387743" version="1" lon="-6.2459665" visible="true" /><node changeset="1" timestamp="2026-05-15T09:34:42Z" user="OSMnx" lat="53.3189986" uid="1" id="9802481748" version="1" lon="-6.2691985" visible="true" /><node changeset="1" timestamp="2026-05-15T09:34:42Z" user="OSMnx" lat="53.3237525" uid="1" id="9836579981" version="1" lon="-6.2428596" visible="true" /><node changeset="1" timestamp="2026-05-15T09:34:42Z" user="OSMnx" lat="53.3237313" uid="1" id="9836579982" version="1" lon="-6.2429105" visible="true" /><node changeset="1" timestamp="2026-05-15T09:34:42Z" user="OSMnx" lat="53.3314614" uid="1" id="9921387547" version="1" lon="-6.2646088" visible="true"><tag k="highway" v="crossing" /></node><node changeset="1" timestamp="2026-05-15T09:34:42Z" user="OSMnx" lat="53.3325369" uid="1" id="9921387548" version="1" lon="-6.2644334" visible="true"><tag k="highway" v="crossing" /></node><node changeset="1" timestamp="2026-05-15T09:34:42Z" user="OSMnx" lat="53.3278631" uid="1" id="9923237955" version="1" lon="-6.2445898" visible="true"><tag k="highway" v="crossing" /></node><node changeset="1" timestamp="2026-05-15T09:34:42Z" user="OSMnx" lat="53.3278136" uid="1" id="9923237956" version="1" lon="-6.24448" visible="true"><tag k="highway" v="crossing" /></node><node changeset="1" timestamp="2026-05-15T09:34:42Z" user="OSMnx" lat="53.3346374" uid="1" id="9923288447" version="1" lon="-6.2514705" visible="true"><tag k="highway" v="crossing" /></node><node changeset="1" timestamp="2026-05-15T09:34:42Z" user="OSMnx" lat="53.3345183" uid="1" id="9923288453" version="1" lon="-6.2513895" visible="true"><tag k="highway" v="crossing" /></node><node changeset="1" timestamp="2026-05-15T09:34:42Z" user="OSMnx" lat="53.3230776" uid="1" id="9923641721" version="1" lon="-6.2460842" visible="true" /><node changeset="1" timestamp="2026-05-15T09:34:42Z" user="OSMnx" lat="53.3279062" uid="1" id="9923648619" version="1" lon="-6.241526" visible="true"><tag k="highway" v="crossing" /></node><node changeset="1" timestamp="2026-05-15T09:34:42Z" user="OSMnx" lat="53.3258627" uid="1" id="9923648620" version="1" lon="-6.2389231" visible="true"><tag k="highway" v="crossing" /></node><node changeset="1" timestamp="2026-05-15T09:34:42Z" user="OSMnx" lat="53.3183516" uid="1" id="9959412008" version="1" lon="-6.2416773" visible="true"><tag k="highway" v="give_way" /></node><node changeset="1" timestamp="2026-05-15T09:34:42Z" user="OSMnx" lat="53.3338536" uid="1" id="9971009192" version="1" lon="-6.2584891" visible="true" /><node changeset="1" timestamp="2026-05-15T09:34:42Z" user="OSMnx" lat="53.3338693" uid="1" id="9971009193" version="1" lon="-6.2587897" visible="true"><tag k="highway" v="crossing" /></node><node changeset="1" timestamp="2026-05-15T09:34:42Z" user="OSMnx" lat="53.3339342" uid="1" id="9971009194" version="1" lon="-6.2586001" visible="true"><tag k="highway" v="crossing" /></node><node changeset="1" timestamp="2026-05-15T09:34:42Z" user="OSMnx" lat="53.3343762" uid="1" id="9971009196" version="1" lon="-6.2552298" visible="true" /><node changeset="1" timestamp="2026-05-15T09:34:42Z" user="OSMnx" lat="53.3218065" uid="1" id="9975171190" version="1" lon="-6.2485812" visible="true" /><node changeset="1" timestamp="2026-05-15T09:34:42Z" user="OSMnx" lat="53.3325675" uid="1" id="10097083075" version="1" lon="-6.2449348" visible="true"><tag k="highway" v="crossing" /></node><node changeset="1" timestamp="2026-05-15T09:34:42Z" user="OSMnx" lat="53.3349705" uid="1" id="10119901775" version="1" lon="-6.2558481" visible="true"><tag k="highway" v="crossing" /></node><node changeset="1" timestamp="2026-05-15T09:34:42Z" user="OSMnx" lat="53.3209659" uid="1" id="10158801968" version="1" lon="-6.2685645" visible="true" /><node changeset="1" timestamp="2026-05-15T09:34:42Z" user="OSMnx" lat="53.3346124" uid="1" id="10261384448" version="1" lon="-6.251401" visible="true" /><node changeset="1" timestamp="2026-05-15T09:34:42Z" user="OSMnx" lat="53.333944" uid="1" id="10261384463" version="1" lon="-6.2518228" visible="true" /><node changeset="1" timestamp="2026-05-15T09:34:42Z" user="OSMnx" lat="53.3227947" uid="1" id="10264714099" version="1" lon="-6.2382576" visible="true"><tag k="highway" v="crossing" /></node><node changeset="1" timestamp="2026-05-15T09:34:42Z" user="OSMnx" lat="53.3263365" uid="1" id="10272195915" version="1" lon="-6.2611079" visible="true" /><node changeset="1" timestamp="2026-05-15T09:34:42Z" user="OSMnx" lat="53.3255284" uid="1" id="10272195916" version="1" lon="-6.2606715" visible="true" /><node changeset="1" timestamp="2026-05-15T09:34:42Z" user="OSMnx" lat="53.3246898" uid="1" id="10272195917" version="1" lon="-6.2605249" visible="true" /><node changeset="1" timestamp="2026-05-15T09:34:42Z" user="OSMnx" lat="53.3238835" uid="1" id="10272195918" version="1" lon="-6.260401" visible="true" /><node changeset="1" timestamp="2026-05-15T09:34:42Z" user="OSMnx" lat="53.3204478" uid="1" id="10290371057" version="1" lon="-6.2681778" visible="true"><tag k="highway" v="traffic_signals" /></node><node changeset="1" timestamp="2026-05-15T09:34:42Z" user="OSMnx" lat="53.3257791" uid="1" id="10294050009" version="1" lon="-6.2437095" visible="true" /><node changeset="1" timestamp="2026-05-15T09:34:42Z" user="OSMnx" lat="53.3262029" uid="1" id="10294050010" version="1" lon="-6.2444057" visible="true" /><node changeset="1" timestamp="2026-05-15T09:34:42Z" user="OSMnx" lat="53.3330761" uid="1" id="10315658682" version="1" lon="-6.243351" visible="true"><tag k="highway" v="crossing" /></node><node changeset="1" timestamp="2026-05-15T09:34:42Z" user="OSMnx" lat="53.33219" uid="1" id="10445469384" version="1" lon="-6.2528774" visible="true"><tag k="highway" v="crossing" /></node><node changeset="1" timestamp="2026-05-15T09:34:42Z" user="OSMnx" lat="53.3323112" uid="1" id="10445469385" version="1" lon="-6.2526824" visible="true" /><node changeset="1" timestamp="2026-05-15T09:34:42Z" user="OSMnx" lat="53.3322013" uid="1" id="10445469388" version="1" lon="-6.2536294" visible="true"><tag k="highway" v="give_way" /></node><node changeset="1" timestamp="2026-05-15T09:34:42Z" user="OSMnx" lat="53.3322337" uid="1" id="10445469389" version="1" lon="-6.2537097" visible="true" /><node changeset="1" timestamp="2026-05-15T09:34:42Z" user="OSMnx" lat="53.3323935" uid="1" id="10445469390" version="1" lon="-6.2535408" visible="true" /><node changeset="1" timestamp="2026-05-15T09:34:42Z" user="OSMnx" lat="53.3324536" uid="1" id="10445469391" version="1" lon="-6.2534647" visible="true" /><node changeset="1" timestamp="2026-05-15T09:34:42Z" user="OSMnx" lat="53.3322814" uid="1" id="10445469403" version="1" lon="-6.2528493" visible="true" /><node changeset="1" timestamp="2026-05-15T09:34:42Z" user="OSMnx" lat="53.3313179" uid="1" id="10445521228" version="1" lon="-6.2514035" visible="true" /><node changeset="1" timestamp="2026-05-15T09:34:42Z" user="OSMnx" lat="53.3332286" uid="1" id="10445521230" version="1" lon="-6.2540031" visible="true" /><node changeset="1" timestamp="2026-05-15T09:34:42Z" user="OSMnx" lat="53.3211046" uid="1" id="10577696334" version="1" lon="-6.2346539" visible="true" /><node changeset="1" timestamp="2026-05-15T09:34:42Z" user="OSMnx" lat="53.3211665" uid="1" id="10577696335" version="1" lon="-6.2347351" visible="true" /><node changeset="1" timestamp="2026-05-15T09:34:42Z" user="OSMnx" lat="53.3319624" uid="1" id="10585017345" version="1" lon="-6.2577265" visible="true" /><node changeset="1" timestamp="2026-05-15T09:34:42Z" user="OSMnx" lat="53.3322184" uid="1" id="10585038238" version="1" lon="-6.2578144" visible="true" /><node changeset="1" timestamp="2026-05-15T09:34:42Z" user="OSMnx" lat="53.3321369" uid="1" id="10587489547" version="1" lon="-6.2603763" visible="true"><tag k="highway" v="stop" /></node><node changeset="1" timestamp="2026-05-15T09:34:42Z" user="OSMnx" lat="53.3226472" uid="1" id="10606603121" version="1" lon="-6.2656502" visible="true" /><node changeset="1" timestamp="2026-05-15T09:34:42Z" user="OSMnx" lat="53.3225093" uid="1" id="10606603123" version="1" lon="-6.2654125" visible="true" /><node changeset="1" timestamp="2026-05-15T09:34:42Z" user="OSMnx" lat="53.3225809" uid="1" id="10606603130" version="1" lon="-6.2656633" visible="true"><tag k="highway" v="crossing" /></node><node changeset="1" timestamp="2026-05-15T09:34:42Z" user="OSMnx" lat="53.3224962" uid="1" id="10606603132" version="1" lon="-6.2655368" visible="true"><tag k="highway" v="crossing" /></node><node changeset="1" timestamp="2026-05-15T09:34:42Z" user="OSMnx" lat="53.3282709" uid="1" id="10688470795" version="1" lon="-6.2584345" visible="true"><tag k="highway" v="crossing" /></node><node changeset="1" timestamp="2026-05-15T09:34:42Z" user="OSMnx" lat="53.3321953" uid="1" id="10692812928" version="1" lon="-6.2627286" visible="true" /><node changeset="1" timestamp="2026-05-15T09:34:42Z" user="OSMnx" lat="53.3305466" uid="1" id="10699763490" version="1" lon="-6.2604019" visible="true" /><node changeset="1" timestamp="2026-05-15T09:34:42Z" user="OSMnx" lat="53.3299381" uid="1" id="10712579385" version="1" lon="-6.2638809" visible="true" /><node changeset="1" timestamp="2026-05-15T09:34:42Z" user="OSMnx" lat="53.3299404" uid="1" id="10712579386" version="1" lon="-6.2640218" visible="true" /><node changeset="1" timestamp="2026-05-15T09:34:42Z" user="OSMnx" lat="53.3159812" uid="1" id="10782331541" version="1" lon="-6.2452425" visible="true" /><node changeset="1" timestamp="2026-05-15T09:34:42Z" user="OSMnx" lat="53.3229231" uid="1" id="10830539866" version="1" lon="-6.2623138" visible="true"><tag k="highway" v="crossing" /></node><node changeset="1" timestamp="2026-05-15T09:34:42Z" user="OSMnx" lat="53.3227187" uid="1" id="10830539867" version="1" lon="-6.2636266" visible="true"><tag k="highway" v="crossing" /></node><node changeset="1" timestamp="2026-05-15T09:34:42Z" user="OSMnx" lat="53.318924" uid="1" id="10836255278" version="1" lon="-6.2695318" visible="true" /><node changeset="1" timestamp="2026-05-15T09:34:42Z" user="OSMnx" lat="53.318673" uid="1" id="10836255281" version="1" lon="-6.2694268" visible="true" /><node changeset="1" timestamp="2026-05-15T09:34:42Z" user="OSMnx" lat="53.3329263" uid="1" id="10857649873" version="1" lon="-6.2489496" visible="true" /><node changeset="1" timestamp="2026-05-15T09:34:42Z" user="OSMnx" lat="53.3281217" uid="1" id="10874072587" version="1" lon="-6.2419113" visible="true"><tag k="highway" v="give_way" /></node><node changeset="1" timestamp="2026-05-15T09:34:42Z" user="OSMnx" lat="53.3278757" uid="1" id="10874072588" version="1" lon="-6.2420278" visible="true" /><node changeset="1" timestamp="2026-05-15T09:34:42Z" user="OSMnx" lat="53.3320126" uid="1" id="10874110139" version="1" lon="-6.2357891" visible="true"><tag k="highway" v="give_way" /></node><node changeset="1" timestamp="2026-05-15T09:34:42Z" user="OSMnx" lat="53.3295983" uid="1" id="10969295448" version="1" lon="-6.2502055" visible="true" /><node changeset="1" timestamp="2026-05-15T09:34:42Z" user="OSMnx" lat="53.316165" uid="1" id="11094130186" version="1" lon="-6.2576969" visible="true" /><node changeset="1" timestamp="2026-05-15T09:34:42Z" user="OSMnx" lat="53.3136801" uid="1" id="11094187932" version="1" lon="-6.2675559" visible="true" /><node changeset="1" timestamp="2026-05-15T09:34:42Z" user="OSMnx" lat="53.3337983" uid="1" id="11107934213" version="1" lon="-6.2586283" visible="true"><tag k="highway" v="crossing" /></node><node changeset="1" timestamp="2026-05-15T09:34:42Z" user="OSMnx" lat="53.3321209" uid="1" id="11107968442" version="1" lon="-6.2514692" visible="true"><tag k="highway" v="crossing" /></node><node changeset="1" timestamp="2026-05-15T09:34:42Z" user="OSMnx" lat="53.3324978" uid="1" id="11107968445" version="1" lon="-6.2564271" visible="true" /><node changeset="1" timestamp="2026-05-15T09:34:42Z" user="OSMnx" lat="53.331992" uid="1" id="11108056765" version="1" lon="-6.2609028" visible="true"><tag k="highway" v="crossing" /></node><node changeset="1" timestamp="2026-05-15T09:34:42Z" user="OSMnx" lat="53.3321409" uid="1" id="11108056771" version="1" lon="-6.2603656" visible="true"><tag k="highway" v="crossing" /></node><node changeset="1" timestamp="2026-05-15T09:34:42Z" user="OSMnx" lat="53.3327985" uid="1" id="11108144073" version="1" lon="-6.2588064" visible="true"><tag k="highway" v="crossing" /></node><node changeset="1" timestamp="2026-05-15T09:34:42Z" user="OSMnx" lat="53.3327953" uid="1" id="11108144075" version="1" lon="-6.2587136" visible="true"><tag k="highway" v="crossing" /></node><node changeset="1" timestamp="2026-05-15T09:34:42Z" user="OSMnx" lat="53.3327397" uid="1" id="11108144076" version="1" lon="-6.2587664" visible="true"><tag k="highway" v="crossing" /></node><node changeset="1" timestamp="2026-05-15T09:34:42Z" user="OSMnx" lat="53.3322954" uid="1" id="11108277340" version="1" lon="-6.2527561" visible="true"><tag k="highway" v="crossing" /></node><node changeset="1" timestamp="2026-05-15T09:34:42Z" user="OSMnx" lat="53.3321764" uid="1" id="11243382672" version="1" lon="-6.2365948" visible="true" /><node changeset="1" timestamp="2026-05-15T09:34:42Z" user="OSMnx" lat="53.3329935" uid="1" id="11408762018" version="1" lon="-6.2528991" visible="true" /><node changeset="1" timestamp="2026-05-15T09:34:42Z" user="OSMnx" lat="53.3326954" uid="1" id="11408762019" version="1" lon="-6.2531941" visible="true" /><node changeset="1" timestamp="2026-05-15T09:34:42Z" user="OSMnx" lat="53.3327882" uid="1" id="11408762020" version="1" lon="-6.2535249" visible="true" /><node changeset="1" timestamp="2026-05-15T09:34:42Z" user="OSMnx" lat="53.3324826" uid="1" id="11408762021" version="1" lon="-6.2532035" visible="true" /><node changeset="1" timestamp="2026-05-15T09:34:42Z" user="OSMnx" lat="53.3324814" uid="1" id="11408762022" version="1" lon="-6.2534254" visible="true"><tag k="highway" v="traffic_signals" /></node><node changeset="1" timestamp="2026-05-15T09:34:42Z" user="OSMnx" lat="53.3324541" uid="1" id="11408762023" version="1" lon="-6.253171" visible="true"><tag k="highway" v="traffic_signals" /></node><node changeset="1" timestamp="2026-05-15T09:34:42Z" user="OSMnx" lat="53.3328253" uid="1" id="11408762024" version="1" lon="-6.2535653" visible="true"><tag k="highway" v="traffic_signals" /></node><node changeset="1" timestamp="2026-05-15T09:34:42Z" user="OSMnx" lat="53.3327527" uid="1" id="11408762025" version="1" lon="-6.2531374" visible="true" /><node changeset="1" timestamp="2026-05-15T09:34:42Z" user="OSMnx" lat="53.3327843" uid="1" id="11408762026" version="1" lon="-6.253106" visible="true"><tag k="highway" v="traffic_signals" /></node><node changeset="1" timestamp="2026-05-15T09:34:42Z" user="OSMnx" lat="53.3349483" uid="1" id="11472616472" version="1" lon="-6.2538469" visible="true" /><node changeset="1" timestamp="2026-05-15T09:34:42Z" user="OSMnx" lat="53.3217831" uid="1" id="11535178181" version="1" lon="-6.2366955" visible="true" /><node changeset="1" timestamp="2026-05-15T09:34:42Z" user="OSMnx" lat="53.3185473" uid="1" id="11555419010" version="1" lon="-6.248024" visible="true" /><node changeset="1" timestamp="2026-05-15T09:34:42Z" user="OSMnx" lat="53.3293521" uid="1" id="11555613765" version="1" lon="-6.262091" visible="true" /><node changeset="1" timestamp="2026-05-15T09:34:42Z" user="OSMnx" lat="53.3157521" uid="1" id="11599466547" version="1" lon="-6.2542378" visible="true" /><node changeset="1" timestamp="2026-05-15T09:34:42Z" user="OSMnx" lat="53.3152786" uid="1" id="11599466548" version="1" lon="-6.2640313" visible="true" /><node changeset="1" timestamp="2026-05-15T09:34:42Z" user="OSMnx" lat="53.3155747" uid="1" id="11599466550" version="1" lon="-6.2584269" visible="true" /><node changeset="1" timestamp="2026-05-15T09:34:42Z" user="OSMnx" lat="53.3198097" uid="1" id="11599466551" version="1" lon="-6.2595417" visible="true" /><node changeset="1" timestamp="2026-05-15T09:34:42Z" user="OSMnx" lat="53.3230593" uid="1" id="11599466552" version="1" lon="-6.2601047" visible="true" /><node changeset="1" timestamp="2026-05-15T09:34:42Z" user="OSMnx" lat="53.3223004" uid="1" id="11599466553" version="1" lon="-6.2596687" visible="true" /><node changeset="1" timestamp="2026-05-15T09:34:42Z" user="OSMnx" lat="53.3280519" uid="1" id="11599466554" version="1" lon="-6.261924" visible="true" /><node changeset="1" timestamp="2026-05-15T09:34:42Z" user="OSMnx" lat="53.3288629" uid="1" id="11599466555" version="1" lon="-6.2442961" visible="true" /><node changeset="1" timestamp="2026-05-15T09:34:42Z" user="OSMnx" lat="53.3231021" uid="1" id="11599466556" version="1" lon="-6.2504704" visible="true" /><node changeset="1" timestamp="2026-05-15T09:34:42Z" user="OSMnx" lat="53.3218562" uid="1" id="11599466557" version="1" lon="-6.2483301" visible="true" /><node changeset="1" timestamp="2026-05-15T09:34:42Z" user="OSMnx" lat="53.3260748" uid="1" id="11599466558" version="1" lon="-6.2383574" visible="true" /><node changeset="1" timestamp="2026-05-15T09:34:42Z" user="OSMnx" lat="53.3300444" uid="1" id="11638206719" version="1" lon="-6.2642759" visible="true"><tag k="highway" v="traffic_signals" /></node><node changeset="1" timestamp="2026-05-15T09:34:42Z" user="OSMnx" lat="53.3301103" uid="1" id="11638206720" version="1" lon="-6.2642787" visible="true"><tag k="highway" v="traffic_signals" /></node><node changeset="1" timestamp="2026-05-15T09:34:42Z" user="OSMnx" lat="53.3301429" uid="1" id="11638206721" version="1" lon="-6.2642804" visible="true" /><node changeset="1" timestamp="2026-05-15T09:34:42Z" user="OSMnx" lat="53.3302526" uid="1" id="11638206723" version="1" lon="-6.2640757" visible="true"><tag k="highway" v="traffic_signals" /></node><node changeset="1" timestamp="2026-05-15T09:34:42Z" user="OSMnx" lat="53.3303123" uid="1" id="11638206724" version="1" lon="-6.264314" visible="true"><tag k="highway" v="traffic_signals" /></node><node changeset="1" timestamp="2026-05-15T09:34:42Z" user="OSMnx" lat="53.3302501" uid="1" id="11638206728" version="1" lon="-6.2641372" visible="true"><tag k="highway" v="crossing" /></node><node changeset="1" timestamp="2026-05-15T09:34:42Z" user="OSMnx" lat="53.3299502" uid="1" id="11638206735" version="1" lon="-6.2645011" visible="true"><tag k="highway" v="traffic_signals" /></node><node changeset="1" timestamp="2026-05-15T09:34:42Z" user="OSMnx" lat="53.3298024" uid="1" id="11638206736" version="1" lon="-6.2643139" visible="true"><tag k="highway" v="traffic_signals" /></node><node changeset="1" timestamp="2026-05-15T09:34:42Z" user="OSMnx" lat="53.3299427" uid="1" id="11638206743" version="1" lon="-6.2640931" visible="true"><tag k="highway" v="crossing" /></node><node changeset="1" timestamp="2026-05-15T09:34:42Z" user="OSMnx" lat="53.3299409" uid="1" id="11638206747" version="1" lon="-6.2640383" visible="true"><tag k="highway" v="traffic_signals" /></node><node changeset="1" timestamp="2026-05-15T09:34:42Z" user="OSMnx" lat="53.3299521" uid="1" id="11638206748" version="1" lon="-6.2644363" visible="true" /><node changeset="1" timestamp="2026-05-15T09:34:42Z" user="OSMnx" lat="53.3299516" uid="1" id="11638206749" version="1" lon="-6.2644675" visible="true" /><node changeset="1" timestamp="2026-05-15T09:34:42Z" user="OSMnx" lat="53.3303352" uid="1" id="11645407317" version="1" lon="-6.2536895" visible="true" /><node changeset="1" timestamp="2026-05-15T09:34:42Z" user="OSMnx" lat="53.3303089" uid="1" id="11645407319" version="1" lon="-6.2538096" visible="true" /><node changeset="1" timestamp="2026-05-15T09:34:42Z" user="OSMnx" lat="53.3304003" uid="1" id="11645407324" version="1" lon="-6.2533911" visible="true" /><node changeset="1" timestamp="2026-05-15T09:34:42Z" user="OSMnx" lat="53.3304162" uid="1" id="11645407327" version="1" lon="-6.2533182" visible="true" /><node changeset="1" timestamp="2026-05-15T09:34:42Z" user="OSMnx" lat="53.3226164" uid="1" id="11654353305" version="1" lon="-6.2656559" visible="true"><tag k="highway" v="traffic_signals" /></node><node changeset="1" timestamp="2026-05-15T09:34:42Z" user="OSMnx" lat="53.3225034" uid="1" id="11654353306" version="1" lon="-6.2654775" visible="true"><tag k="highway" v="traffic_signals" /></node><node changeset="1" timestamp="2026-05-15T09:34:42Z" user="OSMnx" lat="53.3223901" uid="1" id="11654353307" version="1" lon="-6.2656856" visible="true"><tag k="highway" v="traffic_signals" /></node><node changeset="1" timestamp="2026-05-15T09:34:42Z" user="OSMnx" lat="53.3158977" uid="1" id="11690598955" version="1" lon="-6.2445282" visible="true" /><node changeset="1" timestamp="2026-05-15T09:34:42Z" user="OSMnx" lat="53.3159792" uid="1" id="11690598956" version="1" lon="-6.244578" visible="true" /><node changeset="1" timestamp="2026-05-15T09:34:42Z" user="OSMnx" lat="53.3160749" uid="1" id="11690598957" version="1" lon="-6.244886" visible="true" /><node changeset="1" timestamp="2026-05-15T09:34:42Z" user="OSMnx" lat="53.3198203" uid="1" id="11695489202" version="1" lon="-6.2429984" visible="true"><tag k="highway" v="give_way" /></node><node changeset="1" timestamp="2026-05-15T09:34:42Z" user="OSMnx" lat="53.3196647" uid="1" id="11695496301" version="1" lon="-6.2435374" visible="true"><tag k="highway" v="crossing" /></node><node changeset="1" timestamp="2026-05-15T09:34:42Z" user="OSMnx" lat="53.3196408" uid="1" id="11695496305" version="1" lon="-6.2432582" visible="true"><tag k="highway" v="crossing" /></node><node changeset="1" timestamp="2026-05-15T09:34:42Z" user="OSMnx" lat="53.319627" uid="1" id="11695520580" version="1" lon="-6.2432797" visible="true" /><node changeset="1" timestamp="2026-05-15T09:34:42Z" user="OSMnx" lat="53.3190852" uid="1" id="11695520582" version="1" lon="-6.24272" visible="true" /><node changeset="1" timestamp="2026-05-15T09:34:42Z" user="OSMnx" lat="53.3193537" uid="1" id="11695520585" version="1" lon="-6.2430777" visible="true" /><node changeset="1" timestamp="2026-05-15T09:34:42Z" user="OSMnx" lat="53.3198372" uid="1" id="11695520588" version="1" lon="-6.2429705" visible="true" /><node changeset="1" timestamp="2026-05-15T09:34:42Z" user="OSMnx" lat="53.3261324" uid="1" id="11702256477" version="1" lon="-6.2447914" visible="true" /><node changeset="1" timestamp="2026-05-15T09:34:42Z" user="OSMnx" lat="53.3225598" uid="1" id="11702322858" version="1" lon="-6.2403506" visible="true" /><node changeset="1" timestamp="2026-05-15T09:34:42Z" user="OSMnx" lat="53.3232524" uid="1" id="11702489405" version="1" lon="-6.2399351" visible="true" /><node changeset="1" timestamp="2026-05-15T09:34:42Z" user="OSMnx" lat="53.3220341" uid="1" id="11702489487" version="1" lon="-6.2436433" visible="true" /><node changeset="1" timestamp="2026-05-15T09:34:42Z" user="OSMnx" lat="53.3178491" uid="1" id="11709382371" version="1" lon="-6.2379728" visible="true" /><node changeset="1" timestamp="2026-05-15T09:34:42Z" user="OSMnx" lat="53.3180259" uid="1" id="11709382372" version="1" lon="-6.2377039" visible="true" /><node changeset="1" timestamp="2026-05-15T09:34:42Z" user="OSMnx" lat="53.3233216" uid="1" id="11712084678" version="1" lon="-6.2439248" visible="true" /><node changeset="1" timestamp="2026-05-15T09:34:42Z" user="OSMnx" lat="53.3221211" uid="1" id="11712084687" version="1" lon="-6.2364994" visible="true" /><node changeset="1" timestamp="2026-05-15T09:34:42Z" user="OSMnx" lat="53.3270269" uid="1" id="11750966506" version="1" lon="-6.258186" visible="true"><tag k="highway" v="crossing" /></node><node changeset="1" timestamp="2026-05-15T09:34:42Z" user="OSMnx" lat="53.3270881" uid="1" id="11750966507" version="1" lon="-6.2583047" visible="true"><tag k="highway" v="crossing" /></node><node changeset="1" timestamp="2026-05-15T09:34:42Z" user="OSMnx" lat="53.3271285" uid="1" id="11750966508" version="1" lon="-6.2583525" visible="true"><tag k="highway" v="crossing" /></node><node changeset="1" timestamp="2026-05-15T09:34:42Z" user="OSMnx" lat="53.3150481" uid="1" id="11764885036" version="1" lon="-6.2381465" visible="true" /><node changeset="1" timestamp="2026-05-15T09:34:42Z" user="OSMnx" lat="53.3169445" uid="1" id="11764944200" version="1" lon="-6.2369664" visible="true" /><node changeset="1" timestamp="2026-05-15T09:34:42Z" user="OSMnx" lat="53.3162353" uid="1" id="11764944217" version="1" lon="-6.2376758" visible="true" /><node changeset="1" timestamp="2026-05-15T09:34:42Z" user="OSMnx" lat="53.3151134" uid="1" id="11764944260" version="1" lon="-6.2381129" visible="true" /><node changeset="1" timestamp="2026-05-15T09:34:42Z" user="OSMnx" lat="53.3221024" uid="1" id="11771182648" version="1" lon="-6.2363534" visible="true" /><node changeset="1" timestamp="2026-05-15T09:34:42Z" user="OSMnx" lat="53.3214809" uid="1" id="11771182651" version="1" lon="-6.2365371" visible="true" /><node changeset="1" timestamp="2026-05-15T09:34:42Z" user="OSMnx" lat="53.3216655" uid="1" id="11771283070" version="1" lon="-6.2354338" visible="true" /><node changeset="1" timestamp="2026-05-15T09:34:42Z" user="OSMnx" lat="53.3218646" uid="1" id="11771283071" version="1" lon="-6.2357276" visible="true" /><node changeset="1" timestamp="2026-05-15T09:34:42Z" user="OSMnx" lat="53.3219363" uid="1" id="11771283072" version="1" lon="-6.2358474" visible="true" /><node changeset="1" timestamp="2026-05-15T09:34:42Z" user="OSMnx" lat="53.3227194" uid="1" id="11772359930" version="1" lon="-6.2383431" visible="true" /><node changeset="1" timestamp="2026-05-15T09:34:42Z" user="OSMnx" lat="53.3218894" uid="1" id="11772359953" version="1" lon="-6.2389715" visible="true" /><node changeset="1" timestamp="2026-05-15T09:34:42Z" user="OSMnx" lat="53.3220196" uid="1" id="11772370841" version="1" lon="-6.2395549" visible="true" /><node changeset="1" timestamp="2026-05-15T09:34:42Z" user="OSMnx" lat="53.3205802" uid="1" id="11772438001" version="1" lon="-6.2378846" visible="true" /><node changeset="1" timestamp="2026-05-15T09:34:42Z" user="OSMnx" lat="53.3184921" uid="1" id="11772450312" version="1" lon="-6.2337386" visible="true" /><node changeset="1" timestamp="2026-05-15T09:34:42Z" user="OSMnx" lat="53.3186449" uid="1" id="11772516873" version="1" lon="-6.2337729" visible="true" /><node changeset="1" timestamp="2026-05-15T09:34:42Z" user="OSMnx" lat="53.3186588" uid="1" id="11772516906" version="1" lon="-6.2344683" visible="true" /><node changeset="1" timestamp="2026-05-15T09:34:42Z" user="OSMnx" lat="53.3205764" uid="1" id="11772737718" version="1" lon="-6.2415491" visible="true" /><node changeset="1" timestamp="2026-05-15T09:34:42Z" user="OSMnx" lat="53.3217034" uid="1" id="11772737729" version="1" lon="-6.2346049" visible="true" /><node changeset="1" timestamp="2026-05-15T09:34:42Z" user="OSMnx" lat="53.3231836" uid="1" id="11772737809" version="1" lon="-6.2340542" visible="true" /><node changeset="1" timestamp="2026-05-15T09:34:42Z" user="OSMnx" lat="53.3222752" uid="1" id="11776377920" version="1" lon="-6.2386551" visible="true" /><node changeset="1" timestamp="2026-05-15T09:34:42Z" user="OSMnx" lat="53.3256278" uid="1" id="11776497241" version="1" lon="-6.2577566" visible="true" /><node changeset="1" timestamp="2026-05-15T09:34:42Z" user="OSMnx" lat="53.3286453" uid="1" id="11776541409" version="1" lon="-6.2598616" visible="true" /><node changeset="1" timestamp="2026-05-15T09:34:42Z" user="OSMnx" lat="53.3283603" uid="1" id="11776541421" version="1" lon="-6.2611648" visible="true" /><node changeset="1" timestamp="2026-05-15T09:34:42Z" user="OSMnx" lat="53.3288957" uid="1" id="11776572222" version="1" lon="-6.2599811" visible="true" /><node changeset="1" timestamp="2026-05-15T09:34:42Z" user="OSMnx" lat="53.3283344" uid="1" id="11779157303" version="1" lon="-6.2611385" visible="true" /><node changeset="1" timestamp="2026-05-15T09:34:42Z" user="OSMnx" lat="53.3283702" uid="1" id="11779157306" version="1" lon="-6.2604555" visible="true" /><node changeset="1" timestamp="2026-05-15T09:34:42Z" user="OSMnx" lat="53.3319546" uid="1" id="11780949518" version="1" lon="-6.2591606" visible="true" /><node changeset="1" timestamp="2026-05-15T09:34:42Z" user="OSMnx" lat="53.3319866" uid="1" id="11780949519" version="1" lon="-6.2592408" visible="true" /><node changeset="1" timestamp="2026-05-15T09:34:42Z" user="OSMnx" lat="53.3320192" uid="1" id="11780949520" version="1" lon="-6.2591795" visible="true" /><node changeset="1" timestamp="2026-05-15T09:34:42Z" user="OSMnx" lat="53.332042" uid="1" id="11780949521" version="1" lon="-6.259167" visible="true" /><node changeset="1" timestamp="2026-05-15T09:34:42Z" user="OSMnx" lat="53.3321971" uid="1" id="11780949522" version="1" lon="-6.2590534" visible="true" /><node changeset="1" timestamp="2026-05-15T09:34:42Z" user="OSMnx" lat="53.3289708" uid="1" id="11783256216" version="1" lon="-6.2617286" visible="true" /><node changeset="1" timestamp="2026-05-15T09:34:42Z" user="OSMnx" lat="53.3278772" uid="1" id="11786594748" version="1" lon="-6.252582" visible="true" /><node changeset="1" timestamp="2026-05-15T09:34:42Z" user="OSMnx" lat="53.3327368" uid="1" id="11786733000" version="1" lon="-6.2625317" visible="true" /><node changeset="1" timestamp="2026-05-15T09:34:42Z" user="OSMnx" lat="53.3327346" uid="1" id="11786733003" version="1" lon="-6.2626326" visible="true"><tag k="highway" v="crossing" /></node><node changeset="1" timestamp="2026-05-15T09:34:42Z" user="OSMnx" lat="53.3342763" uid="1" id="11789771000" version="1" lon="-6.2486611" visible="true" /><node changeset="1" timestamp="2026-05-15T09:34:42Z" user="OSMnx" lat="53.3341649" uid="1" id="11789771007" version="1" lon="-6.2483138" visible="true" /><node changeset="1" timestamp="2026-05-15T09:34:42Z" user="OSMnx" lat="53.3326666" uid="1" id="11789771019" version="1" lon="-6.251501" visible="true" /><node changeset="1" timestamp="2026-05-15T09:34:42Z" user="OSMnx" lat="53.3161412" uid="1" id="11794873152" version="1" lon="-6.258385" visible="true"><tag k="highway" v="crossing" /></node><node changeset="1" timestamp="2026-05-15T09:34:42Z" user="OSMnx" lat="53.3173739" uid="1" id="11794873162" version="1" lon="-6.2545364" visible="true"><tag k="highway" v="crossing" /></node><node changeset="1" timestamp="2026-05-15T09:34:42Z" user="OSMnx" lat="53.3210707" uid="1" id="11794873168" version="1" lon="-6.2485112" visible="true" /><node changeset="1" timestamp="2026-05-15T09:34:42Z" user="OSMnx" lat="53.3211852" uid="1" id="11794948669" version="1" lon="-6.2484223" visible="true" /><node changeset="1" timestamp="2026-05-15T09:34:42Z" user="OSMnx" lat="53.3187336" uid="1" id="11794948671" version="1" lon="-6.2486203" visible="true" /><node changeset="1" timestamp="2026-05-15T09:34:42Z" user="OSMnx" lat="53.3328199" uid="1" id="11817245740" version="1" lon="-6.2683722" visible="true" /><node changeset="1" timestamp="2026-05-15T09:34:42Z" user="OSMnx" lat="53.3313299" uid="1" id="11817345155" version="1" lon="-6.2514722" visible="true" /><node changeset="1" timestamp="2026-05-15T09:34:42Z" user="OSMnx" lat="53.3231632" uid="1" id="11817429095" version="1" lon="-6.2564441" visible="true" /><node changeset="1" timestamp="2026-05-15T09:34:42Z" user="OSMnx" lat="53.3229246" uid="1" id="11817429132" version="1" lon="-6.2563467" visible="true" /><node changeset="1" timestamp="2026-05-15T09:34:42Z" user="OSMnx" lat="53.3243291" uid="1" id="11822855723" version="1" lon="-6.2400364" visible="true" /><node changeset="1" timestamp="2026-05-15T09:34:42Z" user="OSMnx" lat="53.3242672" uid="1" id="11837813763" version="1" lon="-6.2562113" visible="true" /><node changeset="1" timestamp="2026-05-15T09:34:42Z" user="OSMnx" lat="53.3232491" uid="1" id="11837813764" version="1" lon="-6.2564279" visible="true" /><node changeset="1" timestamp="2026-05-15T09:34:42Z" user="OSMnx" lat="53.3226083" uid="1" id="11837813765" version="1" lon="-6.2564916" visible="true" /><node changeset="1" timestamp="2026-05-15T09:34:42Z" user="OSMnx" lat="53.321742" uid="1" id="11837813766" version="1" lon="-6.2561711" visible="true" /><node changeset="1" timestamp="2026-05-15T09:34:42Z" user="OSMnx" lat="53.319235" uid="1" id="11837813767" version="1" lon="-6.2551781" visible="true" /><node changeset="1" timestamp="2026-05-15T09:34:42Z" user="OSMnx" lat="53.318605" uid="1" id="11837813768" version="1" lon="-6.2551609" visible="true" /><node changeset="1" timestamp="2026-05-15T09:34:42Z" user="OSMnx" lat="53.318527" uid="1" id="11837841569" version="1" lon="-6.2568425" visible="true" /><node changeset="1" timestamp="2026-05-15T09:34:42Z" user="OSMnx" lat="53.3184669" uid="1" id="11837841570" version="1" lon="-6.2584654" visible="true" /><node changeset="1" timestamp="2026-05-15T09:34:42Z" user="OSMnx" lat="53.3148572" uid="1" id="11837841571" version="1" lon="-6.2576628" visible="true" /><node changeset="1" timestamp="2026-05-15T09:34:42Z" user="OSMnx" lat="53.3181559" uid="1" id="11837841572" version="1" lon="-6.2548067" visible="true" /><node changeset="1" timestamp="2026-05-15T09:34:42Z" user="OSMnx" lat="53.3270109" uid="1" id="11838275869" version="1" lon="-6.2614636" visible="true" /><node changeset="1" timestamp="2026-05-15T09:34:42Z" user="OSMnx" lat="53.32632" uid="1" id="11838810071" version="1" lon="-6.256019" visible="true" /><node changeset="1" timestamp="2026-05-15T09:34:42Z" user="OSMnx" lat="53.3319264" uid="1" id="11839217361" version="1" lon="-6.2350825" visible="true" /><node changeset="1" timestamp="2026-05-15T09:34:42Z" user="OSMnx" lat="53.3333638" uid="1" id="11845621098" version="1" lon="-6.2412823" visible="true" /><node changeset="1" timestamp="2026-05-15T09:34:42Z" user="OSMnx" lat="53.3320731" uid="1" id="11891077981" version="1" lon="-6.2359241" visible="true" /><node changeset="1" timestamp="2026-05-15T09:34:42Z" user="OSMnx" lat="53.3159948" uid="1" id="11904226632" version="1" lon="-6.2446421" visible="true" /><node changeset="1" timestamp="2026-05-15T09:34:42Z" user="OSMnx" lat="53.333842" uid="1" id="11913165874" version="1" lon="-6.2572738" visible="true" /><node changeset="1" timestamp="2026-05-15T09:34:42Z" user="OSMnx" lat="53.3273656" uid="1" id="11935720393" version="1" lon="-6.2416013" visible="true" /><node changeset="1" timestamp="2026-05-15T09:34:42Z" user="OSMnx" lat="53.3269982" uid="1" id="11935720403" version="1" lon="-6.2411289" visible="true" /><node changeset="1" timestamp="2026-05-15T09:34:42Z" user="OSMnx" lat="53.321703" uid="1" id="11956605763" version="1" lon="-6.2349769" visible="true" /><node changeset="1" timestamp="2026-05-15T09:34:42Z" user="OSMnx" lat="53.3223003" uid="1" id="11956716794" version="1" lon="-6.2361596" visible="true" /><node changeset="1" timestamp="2026-05-15T09:34:42Z" user="OSMnx" lat="53.3238509" uid="1" id="11961652220" version="1" lon="-6.2392796" visible="true" /><node changeset="1" timestamp="2026-05-15T09:34:42Z" user="OSMnx" lat="53.3269007" uid="1" id="11963242080" version="1" lon="-6.2534624" visible="true" /><node changeset="1" timestamp="2026-05-15T09:34:42Z" user="OSMnx" lat="53.3269824" uid="1" id="11963242081" version="1" lon="-6.2535026" visible="true" /><node changeset="1" timestamp="2026-05-15T09:34:42Z" user="OSMnx" lat="53.3269876" uid="1" id="11963242082" version="1" lon="-6.2535643" visible="true" /><node changeset="1" timestamp="2026-05-15T09:34:42Z" user="OSMnx" lat="53.3269336" uid="1" id="11963242083" version="1" lon="-6.2534489" visible="true" /><node changeset="1" timestamp="2026-05-15T09:34:42Z" user="OSMnx" lat="53.3147717" uid="1" id="11989245943" version="1" lon="-6.2557105" visible="true" /><node changeset="1" timestamp="2026-05-15T09:34:42Z" user="OSMnx" lat="53.3278867" uid="1" id="12014014429" version="1" lon="-6.2646571" visible="true"><tag k="highway" v="traffic_signals" /></node><node changeset="1" timestamp="2026-05-15T09:34:42Z" user="OSMnx" lat="53.3278151" uid="1" id="12014014430" version="1" lon="-6.2646699" visible="true"><tag k="highway" v="traffic_signals" /></node><node changeset="1" timestamp="2026-05-15T09:34:42Z" user="OSMnx" lat="53.3311685" uid="1" id="12031268475" version="1" lon="-6.2689453" visible="true"><tag k="highway" v="give_way" /></node><node changeset="1" timestamp="2026-05-15T09:34:42Z" user="OSMnx" lat="53.3312713" uid="1" id="12031268476" version="1" lon="-6.2681118" visible="true"><tag k="highway" v="give_way" /></node><node changeset="1" timestamp="2026-05-15T09:34:42Z" user="OSMnx" lat="53.3248461" uid="1" id="12066259326" version="1" lon="-6.2409145" visible="true"><tag k="highway" v="crossing" /></node><node changeset="1" timestamp="2026-05-15T09:34:42Z" user="OSMnx" lat="53.3240689" uid="1" id="12066334968" version="1" lon="-6.2387744" visible="true" /><node changeset="1" timestamp="2026-05-15T09:34:42Z" user="OSMnx" lat="53.3248396" uid="1" id="12066345895" version="1" lon="-6.2406853" visible="true"><tag k="highway" v="crossing" /></node><node changeset="1" timestamp="2026-05-15T09:34:42Z" user="OSMnx" lat="53.3249951" uid="1" id="12066345900" version="1" lon="-6.2406644" visible="true" /><node changeset="1" timestamp="2026-05-15T09:34:42Z" user="OSMnx" lat="53.3238632" uid="1" id="12066345911" version="1" lon="-6.2392229" visible="true" /><node changeset="1" timestamp="2026-05-15T09:34:42Z" user="OSMnx" lat="53.3321299" uid="1" id="12093418136" version="1" lon="-6.2355364" visible="true"><tag k="highway" v="crossing" /></node><node changeset="1" timestamp="2026-05-15T09:34:42Z" user="OSMnx" lat="53.3322308" uid="1" id="12093418139" version="1" lon="-6.2355162" visible="true"><tag k="highway" v="crossing" /></node><node changeset="1" timestamp="2026-05-15T09:34:42Z" user="OSMnx" lat="53.321628" uid="1" id="12108766519" version="1" lon="-6.2665644" visible="true"><tag k="ref" v="1077" /></node><node changeset="1" timestamp="2026-05-15T09:34:42Z" user="OSMnx" lat="53.323134" uid="1" id="12108766520" version="1" lon="-6.2655386" visible="true"><tag k="ref" v="1076" /></node><node changeset="1" timestamp="2026-05-15T09:34:42Z" user="OSMnx" lat="53.3264778" uid="1" id="12108766521" version="1" lon="-6.2649077" visible="true"><tag k="ref" v="1019" /></node><node changeset="1" timestamp="2026-05-15T09:34:42Z" user="OSMnx" lat="53.3275329" uid="1" id="12108766522" version="1" lon="-6.2647172" visible="true"><tag k="ref" v="1018" /></node><node changeset="1" timestamp="2026-05-15T09:34:42Z" user="OSMnx" lat="53.3293296" uid="1" id="12108766523" version="1" lon="-6.2643941" visible="true"><tag k="ref" v="1017" /></node><node changeset="1" timestamp="2026-05-15T09:34:42Z" user="OSMnx" lat="53.3311605" uid="1" id="12108766524" version="1" lon="-6.2645205" visible="true"><tag k="ref" v="1016" /></node><node changeset="1" timestamp="2026-05-15T09:34:42Z" user="OSMnx" lat="53.3343952" uid="1" id="12108766525" version="1" lon="-6.2652724" visible="true"><tag k="ref" v="1285" /></node><node changeset="1" timestamp="2026-05-15T09:34:42Z" user="OSMnx" lat="53.3285926" uid="1" id="12125078929" version="1" lon="-6.2587306" visible="true" /><node changeset="1" timestamp="2026-05-15T09:34:42Z" user="OSMnx" lat="53.3320157" uid="1" id="12165565879" version="1" lon="-6.2527392" visible="true"><tag k="highway" v="traffic_signals" /></node><node changeset="1" timestamp="2026-05-15T09:34:42Z" user="OSMnx" lat="53.3319014" uid="1" id="12165565880" version="1" lon="-6.2529338" visible="true"><tag k="highway" v="traffic_signals" /></node><node changeset="1" timestamp="2026-05-15T09:34:42Z" user="OSMnx" lat="53.3317498" uid="1" id="12165565881" version="1" lon="-6.2526046" visible="true"><tag k="highway" v="traffic_signals" /></node><node changeset="1" timestamp="2026-05-15T09:34:42Z" user="OSMnx" lat="53.3319759" uid="1" id="12165565882" version="1" lon="-6.2523818" visible="true"><tag k="highway" v="traffic_signals" /></node><node changeset="1" timestamp="2026-05-15T09:34:42Z" user="OSMnx" lat="53.3319616" uid="1" id="12165565883" version="1" lon="-6.2524417" visible="true" /><node changeset="1" timestamp="2026-05-15T09:34:42Z" user="OSMnx" lat="53.3306595" uid="1" id="12165565887" version="1" lon="-6.252202" visible="true"><tag k="highway" v="traffic_signals" /></node><node changeset="1" timestamp="2026-05-15T09:34:42Z" user="OSMnx" lat="53.3305549" uid="1" id="12165565888" version="1" lon="-6.2518615" visible="true"><tag k="highway" v="traffic_signals" /></node><node changeset="1" timestamp="2026-05-15T09:34:42Z" user="OSMnx" lat="53.3293793" uid="1" id="12165565889" version="1" lon="-6.2484645" visible="true" /><node changeset="1" timestamp="2026-05-15T09:34:42Z" user="OSMnx" lat="53.3294614" uid="1" id="12165565900" version="1" lon="-6.2486292" visible="true"><tag k="highway" v="traffic_signals" /></node><node changeset="1" timestamp="2026-05-15T09:34:42Z" user="OSMnx" lat="53.3293011" uid="1" id="12165570501" version="1" lon="-6.248525" visible="true"><tag k="highway" v="traffic_signals" /></node><node changeset="1" timestamp="2026-05-15T09:34:42Z" user="OSMnx" lat="53.3294343" uid="1" id="12165570502" version="1" lon="-6.2482409" visible="true"><tag k="highway" v="traffic_signals" /></node><node changeset="1" timestamp="2026-05-15T09:34:42Z" user="OSMnx" lat="53.328219" uid="1" id="12165570503" version="1" lon="-6.2458935" visible="true"><tag k="highway" v="traffic_signals" /></node><node changeset="1" timestamp="2026-05-15T09:34:42Z" user="OSMnx" lat="53.3283322" uid="1" id="12165570504" version="1" lon="-6.2454186" visible="true"><tag k="highway" v="traffic_signals" /></node><node changeset="1" timestamp="2026-05-15T09:34:42Z" user="OSMnx" lat="53.3282974" uid="1" id="12165570505" version="1" lon="-6.2454362" visible="true" /><node changeset="1" timestamp="2026-05-15T09:34:42Z" user="OSMnx" lat="53.3280306" uid="1" id="12165570506" version="1" lon="-6.2454926" visible="true" /><node changeset="1" timestamp="2026-05-15T09:34:42Z" user="OSMnx" lat="53.3280117" uid="1" id="12165570507" version="1" lon="-6.2454431" visible="true"><tag k="highway" v="traffic_signals" /></node><node changeset="1" timestamp="2026-05-15T09:34:42Z" user="OSMnx" lat="53.3280405" uid="1" id="12165570508" version="1" lon="-6.2455185" visible="true" /><node changeset="1" timestamp="2026-05-15T09:34:42Z" user="OSMnx" lat="53.3280952" uid="1" id="12165570509" version="1" lon="-6.2454492" visible="true" /><node changeset="1" timestamp="2026-05-15T09:34:42Z" user="OSMnx" lat="53.3279486" uid="1" id="12165570510" version="1" lon="-6.2447076" visible="true"><tag k="highway" v="traffic_signals" /></node><node changeset="1" timestamp="2026-05-15T09:34:42Z" user="OSMnx" lat="53.3278369" uid="1" id="12165570511" version="1" lon="-6.2444445" visible="true"><tag k="highway" v="traffic_signals" /></node><node changeset="1" timestamp="2026-05-15T09:34:42Z" user="OSMnx" lat="53.3276926" uid="1" id="12165570512" version="1" lon="-6.2445495" visible="true"><tag k="highway" v="traffic_signals" /></node><node changeset="1" timestamp="2026-05-15T09:34:42Z" user="OSMnx" lat="53.3278799" uid="1" id="12165570513" version="1" lon="-6.2448695" visible="true"><tag k="highway" v="traffic_signals" /></node><node changeset="1" timestamp="2026-05-15T09:34:42Z" user="OSMnx" lat="53.3276471" uid="1" id="12165570514" version="1" lon="-6.2447895" visible="true"><tag k="highway" v="traffic_signals" /></node><node changeset="1" timestamp="2026-05-15T09:34:42Z" user="OSMnx" lat="53.3243532" uid="1" id="12165570515" version="1" lon="-6.2400669" visible="true"><tag k="highway" v="traffic_signals" /></node><node changeset="1" timestamp="2026-05-15T09:34:42Z" user="OSMnx" lat="53.3244093" uid="1" id="12165570516" version="1" lon="-6.2401381" visible="true"><tag k="highway" v="traffic_signals" /></node><node changeset="1" timestamp="2026-05-15T09:34:42Z" user="OSMnx" lat="53.3214251" uid="1" id="12165570519" version="1" lon="-6.235094" visible="true"><tag k="highway" v="traffic_signals" /></node><node changeset="1" timestamp="2026-05-15T09:34:42Z" user="OSMnx" lat="53.3213781" uid="1" id="12165570520" version="1" lon="-6.2350299" visible="true"><tag k="highway" v="traffic_signals" /></node><node changeset="1" timestamp="2026-05-15T09:34:42Z" user="OSMnx" lat="53.3307171" uid="1" id="12170916274" version="1" lon="-6.2644142" visible="true"><tag k="highway" v="traffic_signals" /></node><node changeset="1" timestamp="2026-05-15T09:34:42Z" user="OSMnx" lat="53.3306374" uid="1" id="12170916275" version="1" lon="-6.2643931" visible="true"><tag k="highway" v="traffic_signals" /></node><node changeset="1" timestamp="2026-05-15T09:34:42Z" user="OSMnx" lat="53.3269517" uid="1" id="12175126081" version="1" lon="-6.2614456" visible="true" /><node changeset="1" timestamp="2026-05-15T09:34:42Z" user="OSMnx" lat="53.3271801" uid="1" id="12175126082" version="1" lon="-6.261506" visible="true" /><node changeset="1" timestamp="2026-05-15T09:34:42Z" user="OSMnx" lat="53.3272413" uid="1" id="12175126083" version="1" lon="-6.2615213" visible="true" /><node changeset="1" timestamp="2026-05-15T09:34:42Z" user="OSMnx" lat="53.3272115" uid="1" id="12175126087" version="1" lon="-6.2615138" visible="true" /><node changeset="1" timestamp="2026-05-15T09:34:42Z" user="OSMnx" lat="53.3267701" uid="1" id="12175126088" version="1" lon="-6.2614302" visible="true" /><node changeset="1" timestamp="2026-05-15T09:34:42Z" user="OSMnx" lat="53.3267339" uid="1" id="12175126089" version="1" lon="-6.2614995" visible="true" /><node changeset="1" timestamp="2026-05-15T09:34:42Z" user="OSMnx" lat="53.3267596" uid="1" id="12175126090" version="1" lon="-6.2614563" visible="true" /><node changeset="1" timestamp="2026-05-15T09:34:42Z" user="OSMnx" lat="53.326687" uid="1" id="12175126091" version="1" lon="-6.2615538" visible="true" /><node changeset="1" timestamp="2026-05-15T09:34:42Z" user="OSMnx" lat="53.3266562" uid="1" id="12175126092" version="1" lon="-6.26158" visible="true" /><node changeset="1" timestamp="2026-05-15T09:34:42Z" user="OSMnx" lat="53.3264956" uid="1" id="12175126093" version="1" lon="-6.2615889" visible="true" /><node changeset="1" timestamp="2026-05-15T09:34:42Z" user="OSMnx" lat="53.3265479" uid="1" id="12175126094" version="1" lon="-6.2616071" visible="true" /><node changeset="1" timestamp="2026-05-15T09:34:42Z" user="OSMnx" lat="53.332723" uid="1" id="12177557935" version="1" lon="-6.2631883" visible="true"><tag k="highway" v="traffic_signals" /></node><node changeset="1" timestamp="2026-05-15T09:34:42Z" user="OSMnx" lat="53.3241614" uid="1" id="12177679232" version="1" lon="-6.2521428" visible="true"><tag k="highway" v="traffic_signals" /></node><node changeset="1" timestamp="2026-05-15T09:34:42Z" user="OSMnx" lat="53.3241916" uid="1" id="12177679233" version="1" lon="-6.2522392" visible="true"><tag k="highway" v="traffic_signals" /></node><node changeset="1" timestamp="2026-05-15T09:34:42Z" user="OSMnx" lat="53.3234154" uid="1" id="12177679235" version="1" lon="-6.2501162" visible="true"><tag k="highway" v="traffic_signals" /></node><node changeset="1" timestamp="2026-05-15T09:34:42Z" user="OSMnx" lat="53.3233537" uid="1" id="12177679236" version="1" lon="-6.2499742" visible="true"><tag k="highway" v="traffic_signals" /></node><node changeset="1" timestamp="2026-05-15T09:34:42Z" user="OSMnx" lat="53.3222068" uid="1" id="12177679237" version="1" lon="-6.2474883" visible="true" /><node changeset="1" timestamp="2026-05-15T09:34:42Z" user="OSMnx" lat="53.3272911" uid="1" id="12177699342" version="1" lon="-6.2582922" visible="true" /><node changeset="1" timestamp="2026-05-15T09:34:42Z" user="OSMnx" lat="53.3312831" uid="1" id="12177699346" version="1" lon="-6.2441334" visible="true"><tag k="highway" v="traffic_signals" /></node><node changeset="1" timestamp="2026-05-15T09:34:42Z" user="OSMnx" lat="53.3312245" uid="1" id="12177699347" version="1" lon="-6.2441575" visible="true"><tag k="highway" v="traffic_signals" /></node><node changeset="1" timestamp="2026-05-15T09:34:42Z" user="OSMnx" lat="53.3331256" uid="1" id="12177699350" version="1" lon="-6.2433069" visible="true" /><node changeset="1" timestamp="2026-05-15T09:34:42Z" user="OSMnx" lat="53.3325339" uid="1" id="12183109627" version="1" lon="-6.2683306" visible="true" /><node changeset="1" timestamp="2026-05-15T09:34:42Z" user="OSMnx" lat="53.3253189" uid="1" id="12190339682" version="1" lon="-6.2665508" visible="true" /><node changeset="1" timestamp="2026-05-15T09:34:42Z" user="OSMnx" lat="53.3229758" uid="1" id="12191242001" version="1" lon="-6.2639543" visible="true" /><node changeset="1" timestamp="2026-05-15T09:34:42Z" user="OSMnx" lat="53.3228685" uid="1" id="12191242002" version="1" lon="-6.2639311" visible="true" /><node changeset="1" timestamp="2026-05-15T09:34:42Z" user="OSMnx" lat="53.322919" uid="1" id="12191242012" version="1" lon="-6.2655991" visible="true" /><node changeset="1" timestamp="2026-05-15T09:34:42Z" user="OSMnx" lat="53.3227876" uid="1" id="12191242016" version="1" lon="-6.2657277" visible="true" /><node changeset="1" timestamp="2026-05-15T09:34:42Z" user="OSMnx" lat="53.321326" uid="1" id="12194172705" version="1" lon="-6.2643498" visible="true" /><node changeset="1" timestamp="2026-05-15T09:34:42Z" user="OSMnx" lat="53.3210782" uid="1" id="12194172713" version="1" lon="-6.2639983" visible="true" /><node changeset="1" timestamp="2026-05-15T09:34:42Z" user="OSMnx" lat="53.319993" uid="1" id="12195422065" version="1" lon="-6.2670518" visible="true" /><node changeset="1" timestamp="2026-05-15T09:34:42Z" user="OSMnx" lat="53.3170814" uid="1" id="12195594020" version="1" lon="-6.2684728" visible="true" /><node changeset="1" timestamp="2026-05-15T09:34:42Z" user="OSMnx" lat="53.333765" uid="1" id="12198097415" version="1" lon="-6.2650033" visible="true"><tag k="highway" v="traffic_signals" /></node><node changeset="1" timestamp="2026-05-15T09:34:42Z" user="OSMnx" lat="53.3338259" uid="1" id="12198097416" version="1" lon="-6.2650939" visible="true" /><node changeset="1" timestamp="2026-05-15T09:34:42Z" user="OSMnx" lat="53.3335831" uid="1" id="12198097422" version="1" lon="-6.2651307" visible="true"><tag k="highway" v="traffic_signals" /></node><node changeset="1" timestamp="2026-05-15T09:34:42Z" user="OSMnx" lat="53.3335226" uid="1" id="12198097423" version="1" lon="-6.2651104" visible="true" /><node changeset="1" timestamp="2026-05-15T09:34:42Z" user="OSMnx" lat="53.333515" uid="1" id="12198097424" version="1" lon="-6.2650375" visible="true"><tag k="highway" v="traffic_signals" /></node><node changeset="1" timestamp="2026-05-15T09:34:42Z" user="OSMnx" lat="53.3335748" uid="1" id="12198097425" version="1" lon="-6.2650266" visible="true" /><node changeset="1" timestamp="2026-05-15T09:34:42Z" user="OSMnx" lat="53.3335512" uid="1" id="12198097426" version="1" lon="-6.2650411" visible="true" /><node changeset="1" timestamp="2026-05-15T09:34:42Z" user="OSMnx" lat="53.3252471" uid="1" id="12198097430" version="1" lon="-6.2550825" visible="true"><tag k="highway" v="traffic_signals" /></node><node changeset="1" timestamp="2026-05-15T09:34:42Z" user="OSMnx" lat="53.3328906" uid="1" id="12198104723" version="1" lon="-6.2626524" visible="true"><tag k="highway" v="traffic_signals" /></node><node changeset="1" timestamp="2026-05-15T09:34:42Z" user="OSMnx" lat="53.3327381" uid="1" id="12198104724" version="1" lon="-6.262482" visible="true"><tag k="highway" v="traffic_signals" /></node><node changeset="1" timestamp="2026-05-15T09:34:42Z" user="OSMnx" lat="53.3185885" uid="1" id="12264668068" version="1" lon="-6.2421773" visible="true" /><node changeset="1" timestamp="2026-05-15T09:34:42Z" user="OSMnx" lat="53.3185257" uid="1" id="12264668069" version="1" lon="-6.2418296" visible="true" /><node changeset="1" timestamp="2026-05-15T09:34:42Z" user="OSMnx" lat="53.3185357" uid="1" id="12264668070" version="1" lon="-6.2423238" visible="true"><tag k="highway" v="traffic_signals" /></node><node changeset="1" timestamp="2026-05-15T09:34:42Z" user="OSMnx" lat="53.3185726" uid="1" id="12264668071" version="1" lon="-6.2424161" visible="true"><tag k="highway" v="traffic_signals" /></node><node changeset="1" timestamp="2026-05-15T09:34:42Z" user="OSMnx" lat="53.3187477" uid="1" id="12264668073" version="1" lon="-6.2422822" visible="true"><tag k="highway" v="traffic_signals" /></node><node changeset="1" timestamp="2026-05-15T09:34:42Z" user="OSMnx" lat="53.3187168" uid="1" id="12264668074" version="1" lon="-6.2422444" visible="true" /><node changeset="1" timestamp="2026-05-15T09:34:42Z" user="OSMnx" lat="53.3186875" uid="1" id="12264668075" version="1" lon="-6.24221" visible="true" /><node changeset="1" timestamp="2026-05-15T09:34:42Z" user="OSMnx" lat="53.3187026" uid="1" id="12264668076" version="1" lon="-6.2422269" visible="true" /><node changeset="1" timestamp="2026-05-15T09:34:42Z" user="OSMnx" lat="53.3184453" uid="1" id="12264668077" version="1" lon="-6.2416049" visible="true" /><node changeset="1" timestamp="2026-05-15T09:34:42Z" user="OSMnx" lat="53.318362" uid="1" id="12264668078" version="1" lon="-6.2417967" visible="true"><tag k="highway" v="traffic_signals" /></node><node changeset="1" timestamp="2026-05-15T09:34:42Z" user="OSMnx" lat="53.3183853" uid="1" id="12264668079" version="1" lon="-6.2418308" visible="true" /><node changeset="1" timestamp="2026-05-15T09:34:42Z" user="OSMnx" lat="53.3185642" uid="1" id="12264668084" version="1" lon="-6.2422576" visible="true" /><node changeset="1" timestamp="2026-05-15T09:34:42Z" user="OSMnx" lat="53.318557" uid="1" id="12264668085" version="1" lon="-6.2419892" visible="true" /><node changeset="1" timestamp="2026-05-15T09:34:42Z" user="OSMnx" lat="53.3168342" uid="1" id="12286983923" version="1" lon="-6.2651462" visible="true"><tag k="highway" v="traffic_signals" /></node><node changeset="1" timestamp="2026-05-15T09:34:42Z" user="OSMnx" lat="53.3167632" uid="1" id="12286983924" version="1" lon="-6.2651646" visible="true"><tag k="highway" v="traffic_signals" /></node><node changeset="1" timestamp="2026-05-15T09:34:42Z" user="OSMnx" lat="53.3211908" uid="1" id="12286983925" version="1" lon="-6.2559969" visible="true"><tag k="highway" v="traffic_signals" /></node><node changeset="1" timestamp="2026-05-15T09:34:42Z" user="OSMnx" lat="53.3211674" uid="1" id="12286983926" version="1" lon="-6.25612" visible="true"><tag k="highway" v="traffic_signals" /></node><node changeset="1" timestamp="2026-05-15T09:34:42Z" user="OSMnx" lat="53.3166183" uid="1" id="12286983927" version="1" lon="-6.2386989" visible="true"><tag k="highway" v="traffic_signals" /></node><node changeset="1" timestamp="2026-05-15T09:34:42Z" user="OSMnx" lat="53.3166581" uid="1" id="12286983928" version="1" lon="-6.2387954" visible="true"><tag k="highway" v="traffic_signals" /></node><node changeset="1" timestamp="2026-05-15T09:34:42Z" user="OSMnx" lat="53.3196412" uid="1" id="12286983929" version="1" lon="-6.2435" visible="true"><tag k="highway" v="traffic_signals" /></node><node changeset="1" timestamp="2026-05-15T09:34:42Z" user="OSMnx" lat="53.3196857" uid="1" id="12286983930" version="1" lon="-6.2435747" visible="true"><tag k="highway" v="traffic_signals" /></node><node changeset="1" timestamp="2026-05-15T09:34:42Z" user="OSMnx" lat="53.3223257" uid="1" id="12286983931" version="1" lon="-6.2479398" visible="true" /><node changeset="1" timestamp="2026-05-15T09:34:42Z" user="OSMnx" lat="53.3222432" uid="1" id="12286983932" version="1" lon="-6.2479289" visible="true"><tag k="highway" v="give_way" /></node><node changeset="1" timestamp="2026-05-15T09:34:42Z" user="OSMnx" lat="53.326089" uid="1" id="12286983933" version="1" lon="-6.2557338" visible="true" /><node changeset="1" timestamp="2026-05-15T09:34:42Z" user="OSMnx" lat="53.3253431" uid="1" id="12286983934" version="1" lon="-6.2549426" visible="true"><tag k="highway" v="traffic_signals" /></node><node changeset="1" timestamp="2026-05-15T09:34:42Z" user="OSMnx" lat="53.3262158" uid="1" id="12286983935" version="1" lon="-6.2558831" visible="true"><tag k="highway" v="traffic_signals" /></node><node changeset="1" timestamp="2026-05-15T09:34:42Z" user="OSMnx" lat="53.3262729" uid="1" id="12286983936" version="1" lon="-6.2559551" visible="true"><tag k="highway" v="traffic_signals" /></node><node changeset="1" timestamp="2026-05-15T09:34:42Z" user="OSMnx" lat="53.3270903" uid="1" id="12286983937" version="1" lon="-6.2580123" visible="true" /><node changeset="1" timestamp="2026-05-15T09:34:42Z" user="OSMnx" lat="53.3284023" uid="1" id="12286983938" version="1" lon="-6.2586431" visible="true"><tag k="highway" v="traffic_signals" /></node><node changeset="1" timestamp="2026-05-15T09:34:42Z" user="OSMnx" lat="53.3284668" uid="1" id="12286983939" version="1" lon="-6.2586715" visible="true"><tag k="highway" v="traffic_signals" /></node><node changeset="1" timestamp="2026-05-15T09:34:42Z" user="OSMnx" lat="53.3346408" uid="1" id="12287207208" version="1" lon="-6.265261" visible="true"><tag k="highway" v="traffic_signals" /></node><node changeset="1" timestamp="2026-05-15T09:34:42Z" user="OSMnx" lat="53.3347093" uid="1" id="12287207209" version="1" lon="-6.265256" visible="true"><tag k="highway" v="traffic_signals" /></node><node changeset="1" timestamp="2026-05-15T09:34:42Z" user="OSMnx" lat="53.3327923" uid="1" id="12287207214" version="1" lon="-6.2603686" visible="true"><tag k="highway" v="traffic_signals" /></node><node changeset="1" timestamp="2026-05-15T09:34:42Z" user="OSMnx" lat="53.3316197" uid="1" id="12287207215" version="1" lon="-6.2619212" visible="true"><tag k="highway" v="traffic_signals" /></node><node changeset="1" timestamp="2026-05-15T09:34:42Z" user="OSMnx" lat="53.3316837" uid="1" id="12287207216" version="1" lon="-6.2620182" visible="true"><tag k="highway" v="traffic_signals" /></node><node changeset="1" timestamp="2026-05-15T09:34:42Z" user="OSMnx" lat="53.3324941" uid="1" id="12287207217" version="1" lon="-6.2564058" visible="true"><tag k="highway" v="traffic_signals" /></node><node changeset="1" timestamp="2026-05-15T09:34:42Z" user="OSMnx" lat="53.3324773" uid="1" id="12287207218" version="1" lon="-6.2563094" visible="true"><tag k="highway" v="traffic_signals" /></node><node changeset="1" timestamp="2026-05-15T09:34:42Z" user="OSMnx" lat="53.3313451" uid="1" id="12287207219" version="1" lon="-6.2521166" visible="true"><tag k="highway" v="traffic_signals" /></node><node changeset="1" timestamp="2026-05-15T09:34:42Z" user="OSMnx" lat="53.3327827" uid="1" id="12342326509" version="1" lon="-6.2597037" visible="true" /><node changeset="1" timestamp="2026-05-15T09:34:42Z" user="OSMnx" lat="53.332749" uid="1" id="12342326563" version="1" lon="-6.2589676" visible="true" /><node changeset="1" timestamp="2026-05-15T09:34:42Z" user="OSMnx" lat="53.3211698" uid="1" id="12366186661" version="1" lon="-6.2676763" visible="true"><tag k="highway" v="crossing" /></node><node changeset="1" timestamp="2026-05-15T09:34:42Z" user="OSMnx" lat="53.3212241" uid="1" id="12366186662" version="1" lon="-6.267929" visible="true"><tag k="highway" v="traffic_signals" /></node><node changeset="1" timestamp="2026-05-15T09:34:42Z" user="OSMnx" lat="53.3211384" uid="1" id="12366186663" version="1" lon="-6.2676972" visible="true"><tag k="highway" v="traffic_signals" /></node><node changeset="1" timestamp="2026-05-15T09:34:42Z" user="OSMnx" lat="53.3214304" uid="1" id="12366186664" version="1" lon="-6.2673706" visible="true"><tag k="highway" v="traffic_signals" /></node><node changeset="1" timestamp="2026-05-15T09:34:42Z" user="OSMnx" lat="53.3344797" uid="1" id="12490289102" version="1" lon="-6.2383042" visible="true"><tag k="highway" v="give_way" /></node><node changeset="1" timestamp="2026-05-15T09:34:42Z" user="OSMnx" lat="53.3248265" uid="1" id="12519320704" version="1" lon="-6.2513532" visible="true" /><node changeset="1" timestamp="2026-05-15T09:34:42Z" user="OSMnx" lat="53.3270639" uid="1" id="12525167832" version="1" lon="-6.2509438" visible="true" /><node changeset="1" timestamp="2026-05-15T09:34:42Z" user="OSMnx" lat="53.3266923" uid="1" id="12530202297" version="1" lon="-6.2498839" visible="true" /><node changeset="1" timestamp="2026-05-15T09:34:42Z" user="OSMnx" lat="53.3233622" uid="1" id="12531622465" version="1" lon="-6.2438208" visible="true" /><node changeset="1" timestamp="2026-05-15T09:34:42Z" user="OSMnx" lat="53.3221861" uid="1" id="12532757871" version="1" lon="-6.2523764" visible="true" /><node changeset="1" timestamp="2026-05-15T09:34:42Z" user="OSMnx" lat="53.323343" uid="1" id="12532904721" version="1" lon="-6.2521406" visible="true" /><node changeset="1" timestamp="2026-05-15T09:34:42Z" user="OSMnx" lat="53.3233743" uid="1" id="12535122797" version="1" lon="-6.258538" visible="true" /><node changeset="1" timestamp="2026-05-15T09:34:42Z" user="OSMnx" lat="53.3261283" uid="1" id="12547678304" version="1" lon="-6.2600144" visible="true" /><node changeset="1" timestamp="2026-05-15T09:34:42Z" user="OSMnx" lat="53.3252581" uid="1" id="12549062042" version="1" lon="-6.2575521" visible="true" /><node changeset="1" timestamp="2026-05-15T09:34:42Z" user="OSMnx" lat="53.3304959" uid="1" id="12551247046" version="1" lon="-6.2643587" visible="true" /><node changeset="1" timestamp="2026-05-15T09:34:42Z" user="OSMnx" lat="53.3256577" uid="1" id="12552029769" version="1" lon="-6.2641584" visible="true" /><node changeset="1" timestamp="2026-05-15T09:34:42Z" user="OSMnx" lat="53.327139" uid="1" id="12552029780" version="1" lon="-6.2641366" visible="true" /><node changeset="1" timestamp="2026-05-15T09:34:42Z" user="OSMnx" lat="53.3262807" uid="1" id="12554580693" version="1" lon="-6.2666173" visible="true" /><node changeset="1" timestamp="2026-05-15T09:34:42Z" user="OSMnx" lat="53.3268593" uid="1" id="12554594773" version="1" lon="-6.2664684" visible="true" /><node changeset="1" timestamp="2026-05-15T09:34:42Z" user="OSMnx" lat="53.3268268" uid="1" id="12554594774" version="1" lon="-6.2665087" visible="true" /><node changeset="1" timestamp="2026-05-15T09:34:42Z" user="OSMnx" lat="53.3232481" uid="1" id="12554764171" version="1" lon="-6.2655192" visible="true" /><node changeset="1" timestamp="2026-05-15T09:34:42Z" user="OSMnx" lat="53.3294195" uid="1" id="12569191186" version="1" lon="-6.2463204" visible="true" /><node changeset="1" timestamp="2026-05-15T09:34:42Z" user="OSMnx" lat="53.3340804" uid="1" id="12569473387" version="1" lon="-6.2450384" visible="true"><tag k="highway" v="crossing" /></node><node changeset="1" timestamp="2026-05-15T09:34:42Z" user="OSMnx" lat="53.3339938" uid="1" id="12569473405" version="1" lon="-6.2453386" visible="true"><tag k="highway" v="crossing" /></node><node changeset="1" timestamp="2026-05-15T09:34:42Z" user="OSMnx" lat="53.329708" uid="1" id="12572478608" version="1" lon="-6.2562891" visible="true"><tag k="highway" v="crossing" /></node><node changeset="1" timestamp="2026-05-15T09:34:42Z" user="OSMnx" lat="53.3288591" uid="1" id="12572478609" version="1" lon="-6.2557698" visible="true" /><node changeset="1" timestamp="2026-05-15T09:34:42Z" user="OSMnx" lat="53.3282079" uid="1" id="12572478612" version="1" lon="-6.2554105" visible="true" /><node changeset="1" timestamp="2026-05-15T09:34:42Z" user="OSMnx" lat="53.3285005" uid="1" id="12572478613" version="1" lon="-6.2555595" visible="true" /><node changeset="1" timestamp="2026-05-15T09:34:42Z" user="OSMnx" lat="53.3221587" uid="1" id="12647824283" version="1" lon="-6.2680838" visible="true" /><node changeset="1" timestamp="2026-05-15T09:34:42Z" user="OSMnx" lat="53.3221711" uid="1" id="12647824284" version="1" lon="-6.2681481" visible="true" /><node changeset="1" timestamp="2026-05-15T09:34:42Z" user="OSMnx" lat="53.3221303" uid="1" id="12647824285" version="1" lon="-6.2680147" visible="true" /><node changeset="1" timestamp="2026-05-15T09:34:42Z" user="OSMnx" lat="53.322053" uid="1" id="12647824286" version="1" lon="-6.2691955" visible="true" /><node changeset="1" timestamp="2026-05-15T09:34:42Z" user="OSMnx" lat="53.3311625" uid="1" id="12696444233" version="1" lon="-6.2683927" visible="true"><tag k="highway" v="give_way" /></node><node changeset="1" timestamp="2026-05-15T09:34:42Z" user="OSMnx" lat="53.3216352" uid="1" id="12748979995" version="1" lon="-6.2485625" visible="true" /><node changeset="1" timestamp="2026-05-15T09:34:42Z" user="OSMnx" lat="53.3332897" uid="1" id="12752970872" version="1" lon="-6.249783" visible="true" /><node changeset="1" timestamp="2026-05-15T09:34:42Z" user="OSMnx" lat="53.3253208" uid="1" id="12815646886" version="1" lon="-6.2549131" visible="true" /><node changeset="1" timestamp="2026-05-15T09:34:42Z" user="OSMnx" lat="53.3251919" uid="1" id="12815646887" version="1" lon="-6.2549814" visible="true"><tag k="highway" v="traffic_signals" /></node><node changeset="1" timestamp="2026-05-15T09:34:42Z" user="OSMnx" lat="53.3251585" uid="1" id="12815646892" version="1" lon="-6.2546078" visible="true"><tag k="highway" v="traffic_signals" /></node><node changeset="1" timestamp="2026-05-15T09:34:42Z" user="OSMnx" lat="53.3341134" uid="1" id="12832454625" version="1" lon="-6.2666549" visible="true" /><node changeset="1" timestamp="2026-05-15T09:34:42Z" user="OSMnx" lat="53.3313486" uid="1" id="12834833828" version="1" lon="-6.2691023" visible="true" /><node changeset="1" timestamp="2026-05-15T09:34:42Z" user="OSMnx" lat="53.3339874" uid="1" id="12862454981" version="1" lon="-6.258568" visible="true"><tag k="highway" v="traffic_signals" /></node><node changeset="1" timestamp="2026-05-15T09:34:42Z" user="OSMnx" lat="53.3338749" uid="1" id="12862454982" version="1" lon="-6.2588956" visible="true"><tag k="highway" v="traffic_signals" /></node><node changeset="1" timestamp="2026-05-15T09:34:42Z" user="OSMnx" lat="53.3339255" uid="1" id="12862454983" version="1" lon="-6.2599757" visible="true" /><node changeset="1" timestamp="2026-05-15T09:34:42Z" user="OSMnx" lat="53.3338251" uid="1" id="12862454984" version="1" lon="-6.25737" visible="true" /><node changeset="1" timestamp="2026-05-15T09:34:42Z" user="OSMnx" lat="53.333807" uid="1" id="12862454985" version="1" lon="-6.2576002" visible="true" /><node changeset="1" timestamp="2026-05-15T09:34:42Z" user="OSMnx" lat="53.3338071" uid="1" id="12862454986" version="1" lon="-6.2576946" visible="true" /><node changeset="1" timestamp="2026-05-15T09:34:42Z" user="OSMnx" lat="53.333813" uid="1" id="12862454987" version="1" lon="-6.2578647" visible="true" /><node changeset="1" timestamp="2026-05-15T09:34:42Z" user="OSMnx" lat="53.3338438" uid="1" id="12862454988" version="1" lon="-6.2583385" visible="true"><tag k="highway" v="traffic_signals" /></node><node changeset="1" timestamp="2026-05-15T09:34:42Z" user="OSMnx" lat="53.333849" uid="1" id="12862454990" version="1" lon="-6.2584194" visible="true"><tag k="highway" v="crossing" /></node><node changeset="1" timestamp="2026-05-15T09:34:42Z" user="OSMnx" lat="53.3336944" uid="1" id="12862454996" version="1" lon="-6.2586445" visible="true" /><node changeset="1" timestamp="2026-05-15T09:34:42Z" user="OSMnx" lat="53.3332389" uid="1" id="12862454997" version="1" lon="-6.2587174" visible="true" /><node changeset="1" timestamp="2026-05-15T09:34:42Z" user="OSMnx" lat="53.3340699" uid="1" id="12862482995" version="1" lon="-6.2625749" visible="true"><tag k="highway" v="traffic_signals" /></node><node changeset="1" timestamp="2026-05-15T09:34:42Z" user="OSMnx" lat="53.3338461" uid="1" id="12862482996" version="1" lon="-6.2630768" visible="true"><tag k="highway" v="traffic_signals" /></node><node changeset="1" timestamp="2026-05-15T09:34:42Z" user="OSMnx" lat="53.3326361" uid="1" id="12862484146" version="1" lon="-6.2630764" visible="true"><tag k="highway" v="traffic_signals" /></node><node changeset="1" timestamp="2026-05-15T09:34:42Z" user="OSMnx" lat="53.3136" uid="1" id="12871458003" version="1" lon="-6.2386291" visible="true" /><node changeset="1" timestamp="2026-05-15T09:34:42Z" user="OSMnx" lat="53.3184164" uid="1" id="12871478512" version="1" lon="-6.2418744" visible="true" /><node changeset="1" timestamp="2026-05-15T09:34:42Z" user="OSMnx" lat="53.3183971" uid="1" id="12871478513" version="1" lon="-6.2418479" visible="true" /><node changeset="1" timestamp="2026-05-15T09:34:42Z" user="OSMnx" lat="53.3188997" uid="1" id="12871500619" version="1" lon="-6.2424963" visible="true" /><node changeset="1" timestamp="2026-05-15T09:34:42Z" user="OSMnx" lat="53.3189954" uid="1" id="12871500620" version="1" lon="-6.2426117" visible="true" /><node changeset="1" timestamp="2026-05-15T09:34:42Z" user="OSMnx" lat="53.3192448" uid="1" id="12871500621" version="1" lon="-6.2429323" visible="true" /><node changeset="1" timestamp="2026-05-15T09:34:42Z" user="OSMnx" lat="53.3193466" uid="1" id="12871500622" version="1" lon="-6.2430688" visible="true" /><node changeset="1" timestamp="2026-05-15T09:34:42Z" user="OSMnx" lat="53.3194724" uid="1" id="12871500623" version="1" lon="-6.2432449" visible="true" /><node changeset="1" timestamp="2026-05-15T09:34:42Z" user="OSMnx" lat="53.3196791" uid="1" id="12871500624" version="1" lon="-6.2435629" visible="true" /><node changeset="1" timestamp="2026-05-15T09:34:42Z" user="OSMnx" lat="53.3200713" uid="1" id="12871500625" version="1" lon="-6.244237" visible="true" /><node changeset="1" timestamp="2026-05-15T09:34:42Z" user="OSMnx" lat="53.3213629" uid="1" id="12871500626" version="1" lon="-6.2462563" visible="true" /><node changeset="1" timestamp="2026-05-15T09:34:42Z" user="OSMnx" lat="53.3216047" uid="1" id="12871528270" version="1" lon="-6.2466617" visible="true" /><node changeset="1" timestamp="2026-05-15T09:34:42Z" user="OSMnx" lat="53.3216877" uid="1" id="12871528271" version="1" lon="-6.2468061" visible="true" /><node changeset="1" timestamp="2026-05-15T09:34:42Z" user="OSMnx" lat="53.3219923" uid="1" id="12871528272" version="1" lon="-6.2473792" visible="true" /><node changeset="1" timestamp="2026-05-15T09:34:42Z" user="OSMnx" lat="53.3219689" uid="1" id="12871528273" version="1" lon="-6.2475814" visible="true"><tag k="highway" v="traffic_signals" /></node><node changeset="1" timestamp="2026-05-15T09:34:42Z" user="OSMnx" lat="53.3219699" uid="1" id="12871528274" version="1" lon="-6.247337" visible="true"><tag k="highway" v="traffic_signals" /></node><node changeset="1" timestamp="2026-05-15T09:34:42Z" user="OSMnx" lat="53.3222317" uid="1" id="12871528275" version="1" lon="-6.247418" visible="true"><tag k="highway" v="traffic_signals" /></node><node changeset="1" timestamp="2026-05-15T09:34:42Z" user="OSMnx" lat="53.3223416" uid="1" id="12871528276" version="1" lon="-6.2479688" visible="true"><tag k="highway" v="traffic_signals" /></node><node changeset="1" timestamp="2026-05-15T09:34:42Z" user="OSMnx" lat="53.3221984" uid="1" id="12871528278" version="1" lon="-6.2477224" visible="true" /><node changeset="1" timestamp="2026-05-15T09:34:42Z" user="OSMnx" lat="53.3222138" uid="1" id="12871528279" version="1" lon="-6.2477468" visible="true" /><node changeset="1" timestamp="2026-05-15T09:34:42Z" user="OSMnx" lat="53.3241712" uid="1" id="12871547911" version="1" lon="-6.2521741" visible="true" /><node changeset="1" timestamp="2026-05-15T09:34:42Z" user="OSMnx" lat="53.3241824" uid="1" id="12871547912" version="1" lon="-6.2522098" visible="true" /><node changeset="1" timestamp="2026-05-15T09:34:42Z" user="OSMnx" lat="53.3241967" uid="1" id="12871547913" version="1" lon="-6.2522556" visible="true" /><node changeset="1" timestamp="2026-05-15T09:34:42Z" user="OSMnx" lat="53.3243199" uid="1" id="12871547914" version="1" lon="-6.2526603" visible="true" /><node changeset="1" timestamp="2026-05-15T09:34:42Z" user="OSMnx" lat="53.3242745" uid="1" id="12871547915" version="1" lon="-6.2525081" visible="true" /><node changeset="1" timestamp="2026-05-15T09:34:42Z" user="OSMnx" lat="53.3243529" uid="1" id="12871547916" version="1" lon="-6.2527553" visible="true" /><node changeset="1" timestamp="2026-05-15T09:34:42Z" user="OSMnx" lat="53.3243806" uid="1" id="12871547917" version="1" lon="-6.2528253" visible="true" /><node changeset="1" timestamp="2026-05-15T09:34:42Z" user="OSMnx" lat="53.3244046" uid="1" id="12871547918" version="1" lon="-6.252886" visible="true" /><node changeset="1" timestamp="2026-05-15T09:34:42Z" user="OSMnx" lat="53.3245101" uid="1" id="12871547919" version="1" lon="-6.2531516" visible="true" /><node changeset="1" timestamp="2026-05-15T09:34:42Z" user="OSMnx" lat="53.3245397" uid="1" id="12871547920" version="1" lon="-6.2532268" visible="true" /><node changeset="1" timestamp="2026-05-15T09:34:42Z" user="OSMnx" lat="53.3246111" uid="1" id="12871547921" version="1" lon="-6.2534002" visible="true" /><node changeset="1" timestamp="2026-05-15T09:34:42Z" user="OSMnx" lat="53.3247594" uid="1" id="12871547922" version="1" lon="-6.2537449" visible="true"><tag k="highway" v="traffic_signals" /></node><node changeset="1" timestamp="2026-05-15T09:34:42Z" user="OSMnx" lat="53.3247298" uid="1" id="12871547923" version="1" lon="-6.2540246" visible="true"><tag k="highway" v="traffic_signals" /></node><node changeset="1" timestamp="2026-05-15T09:34:42Z" user="OSMnx" lat="53.3249567" uid="1" id="12871547924" version="1" lon="-6.2536783" visible="true"><tag k="highway" v="traffic_signals" /></node><node changeset="1" timestamp="2026-05-15T09:34:42Z" user="OSMnx" lat="53.3249177" uid="1" id="12871547925" version="1" lon="-6.2540925" visible="true"><tag k="highway" v="traffic_signals" /></node><node changeset="1" timestamp="2026-05-15T09:34:42Z" user="OSMnx" lat="53.3248958" uid="1" id="12871547926" version="1" lon="-6.2540463" visible="true" /><node changeset="1" timestamp="2026-05-15T09:34:42Z" user="OSMnx" lat="53.3344211" uid="1" id="13013917422" version="1" lon="-6.2438802" visible="true" /><node changeset="1" timestamp="2026-05-15T09:34:42Z" user="OSMnx" lat="53.3345396" uid="1" id="13013917423" version="1" lon="-6.2439861" visible="true" /><node changeset="1" timestamp="2026-05-15T09:34:42Z" user="OSMnx" lat="53.3346965" uid="1" id="13013917424" version="1" lon="-6.2440006" visible="true" /><node changeset="1" timestamp="2026-05-15T09:34:42Z" user="OSMnx" lat="53.3349942" uid="1" id="13031173340" version="1" lon="-6.2558723" visible="true"><tag k="highway" v="traffic_signals" /></node><node changeset="1" timestamp="2026-05-15T09:34:42Z" user="OSMnx" lat="53.334936" uid="1" id="13031173341" version="1" lon="-6.2558129" visible="true"><tag k="highway" v="traffic_signals" /></node><node changeset="1" timestamp="2026-05-15T09:34:42Z" user="OSMnx" lat="53.3349549" uid="1" id="13031173342" version="1" lon="-6.2558322" visible="true" /><node changeset="1" timestamp="2026-05-15T09:34:42Z" user="OSMnx" lat="53.3349789" uid="1" id="13031173343" version="1" lon="-6.2558567" visible="true" /><node changeset="1" timestamp="2026-05-15T09:34:42Z" user="OSMnx" lat="53.3324561" uid="1" id="13031174690" version="1" lon="-6.2648257" visible="true"><tag k="highway" v="traffic_signals" /></node><node changeset="1" timestamp="2026-05-15T09:34:42Z" user="OSMnx" lat="53.3327682" uid="1" id="13031174691" version="1" lon="-6.2648975" visible="true" /><node changeset="1" timestamp="2026-05-15T09:34:42Z" user="OSMnx" lat="53.3325891" uid="1" id="13031174692" version="1" lon="-6.2651444" visible="true"><tag k="highway" v="traffic_signals" /></node><node changeset="1" timestamp="2026-05-15T09:34:42Z" user="OSMnx" lat="53.3206893" uid="1" id="13087609846" version="1" lon="-6.2344952" visible="true" /><node changeset="1" timestamp="2026-05-15T09:34:42Z" user="OSMnx" lat="53.3207189" uid="1" id="13087609847" version="1" lon="-6.234483" visible="true" /><node changeset="1" timestamp="2026-05-15T09:34:42Z" user="OSMnx" lat="53.3227091" uid="1" id="13087625273" version="1" lon="-6.2348589" visible="true" /><node changeset="1" timestamp="2026-05-15T09:34:42Z" user="OSMnx" lat="53.3228137" uid="1" id="13087625274" version="1" lon="-6.2347982" visible="true" /><node changeset="1" timestamp="2026-05-15T09:34:42Z" user="OSMnx" lat="53.3222824" uid="1" id="13087625275" version="1" lon="-6.2350329" visible="true" /><node changeset="1" timestamp="2026-05-15T09:34:42Z" user="OSMnx" lat="53.3223273" uid="1" id="13087625276" version="1" lon="-6.2350345" visible="true" /><node changeset="1" timestamp="2026-05-15T09:34:42Z" user="OSMnx" lat="53.3216752" uid="1" id="13087625277" version="1" lon="-6.2349782" visible="true" /><node changeset="1" timestamp="2026-05-15T09:34:42Z" user="OSMnx" lat="53.3216051" uid="1" id="13087625278" version="1" lon="-6.2349907" visible="true" /><node changeset="1" timestamp="2026-05-15T09:34:42Z" user="OSMnx" lat="53.3291927" uid="1" id="13087629208" version="1" lon="-6.2342942" visible="true" /><node changeset="1" timestamp="2026-05-15T09:34:42Z" user="OSMnx" lat="53.3291893" uid="1" id="13087629209" version="1" lon="-6.2343885" visible="true" /><node changeset="1" timestamp="2026-05-15T09:34:42Z" user="OSMnx" lat="53.3232141" uid="1" id="13087629664" version="1" lon="-6.235181" visible="true" /><node changeset="1" timestamp="2026-05-15T09:34:42Z" user="OSMnx" lat="53.3231808" uid="1" id="13087629665" version="1" lon="-6.2352142" visible="true" /><node changeset="1" timestamp="2026-05-15T09:34:42Z" user="OSMnx" lat="53.3234021" uid="1" id="13087629666" version="1" lon="-6.2349859" visible="true" /><node changeset="1" timestamp="2026-05-15T09:34:42Z" user="OSMnx" lat="53.3234219" uid="1" id="13087629667" version="1" lon="-6.2349885" visible="true" /><node changeset="1" timestamp="2026-05-15T09:34:42Z" user="OSMnx" lat="53.3193682" uid="1" id="13087660816" version="1" lon="-6.2348455" visible="true" /><node changeset="1" timestamp="2026-05-15T09:34:42Z" user="OSMnx" lat="53.3193278" uid="1" id="13087660817" version="1" lon="-6.2347678" visible="true" /><node changeset="1" timestamp="2026-05-15T09:34:42Z" user="OSMnx" lat="53.319348" uid="1" id="13087660818" version="1" lon="-6.2348009" visible="true" /><node changeset="1" timestamp="2026-05-15T09:34:42Z" user="OSMnx" lat="53.3333331" uid="1" id="13147442290" version="1" lon="-6.2409725" visible="true" /><node changeset="1" timestamp="2026-05-15T09:34:42Z" user="OSMnx" lat="53.3324976" uid="1" id="13147442295" version="1" lon="-6.2395725" visible="true" /><node changeset="1" timestamp="2026-05-15T09:34:42Z" user="OSMnx" lat="53.3324798" uid="1" id="13147442298" version="1" lon="-6.2393908" visible="true" /><node changeset="1" timestamp="2026-05-15T09:34:42Z" user="OSMnx" lat="53.3324151" uid="1" id="13147442299" version="1" lon="-6.2388119" visible="true" /><node changeset="1" timestamp="2026-05-15T09:34:42Z" user="OSMnx" lat="53.3323944" uid="1" id="13147443504" version="1" lon="-6.2386126" visible="true" /><node changeset="1" timestamp="2026-05-15T09:34:42Z" user="OSMnx" lat="53.3281502" uid="1" id="13147443569" version="1" lon="-6.2457094" visible="true" /><node changeset="1" timestamp="2026-05-15T09:34:42Z" user="OSMnx" lat="53.3281798" uid="1" id="13147443570" version="1" lon="-6.2457859" visible="true" /><node changeset="1" timestamp="2026-05-15T09:34:42Z" user="OSMnx" lat="53.3261683" uid="1" id="13186759396" version="1" lon="-6.2380229" visible="true"><tag k="highway" v="crossing" /></node><node changeset="1" timestamp="2026-05-15T09:34:42Z" user="OSMnx" lat="53.325541" uid="1" id="13186759399" version="1" lon="-6.2393625" visible="true"><tag k="highway" v="crossing" /></node><node changeset="1" timestamp="2026-05-15T09:34:42Z" user="OSMnx" lat="53.3327831" uid="1" id="13188792999" version="1" lon="-6.2420974" visible="true" /><node changeset="1" timestamp="2026-05-15T09:34:42Z" user="OSMnx" lat="53.3323411" uid="1" id="13189794519" version="1" lon="-6.2354319" visible="true"><tag k="highway" v="crossing" /></node><node changeset="1" timestamp="2026-05-15T09:34:42Z" user="OSMnx" lat="53.3324486" uid="1" id="13189794522" version="1" lon="-6.2352961" visible="true"><tag k="highway" v="crossing" /></node><node changeset="1" timestamp="2026-05-15T09:34:42Z" user="OSMnx" lat="53.3323089" uid="1" id="13189794525" version="1" lon="-6.2352385" visible="true"><tag k="highway" v="crossing" /></node><node changeset="1" timestamp="2026-05-15T09:34:42Z" user="OSMnx" lat="53.3324975" uid="1" id="13189794528" version="1" lon="-6.2355393" visible="true"><tag k="highway" v="crossing" /></node><node changeset="1" timestamp="2026-05-15T09:34:42Z" user="OSMnx" lat="53.3322191" uid="1" id="13189821566" version="1" lon="-6.2376321" visible="true"><tag k="highway" v="crossing" /></node><node changeset="1" timestamp="2026-05-15T09:34:42Z" user="OSMnx" lat="53.3325188" uid="1" id="13189821567" version="1" lon="-6.2404297" visible="true"><tag k="highway" v="crossing" /></node><node changeset="1" timestamp="2026-05-15T09:34:42Z" user="OSMnx" lat="53.3329893" uid="1" id="13189821568" version="1" lon="-6.242501" visible="true"><tag k="highway" v="crossing" /></node><node changeset="1" timestamp="2026-05-15T09:34:42Z" user="OSMnx" lat="53.3278841" uid="1" id="13199898393" version="1" lon="-6.2414992" visible="true"><tag k="highway" v="traffic_signals" /></node><node changeset="1" timestamp="2026-05-15T09:34:42Z" user="OSMnx" lat="53.3280557" uid="1" id="13199898394" version="1" lon="-6.2413856" visible="true"><tag k="highway" v="traffic_signals" /></node><node changeset="1" timestamp="2026-05-15T09:34:42Z" user="OSMnx" lat="53.3281521" uid="1" id="13199971041" version="1" lon="-6.2418489" visible="true" /><node changeset="1" timestamp="2026-05-15T09:34:42Z" user="OSMnx" lat="53.3284337" uid="1" id="13199971042" version="1" lon="-6.2417606" visible="true" /><node changeset="1" timestamp="2026-05-15T09:34:42Z" user="OSMnx" lat="53.3281712" uid="1" id="13199971043" version="1" lon="-6.2417372" visible="true" /><node changeset="1" timestamp="2026-05-15T09:34:42Z" user="OSMnx" lat="53.3281199" uid="1" id="13199971044" version="1" lon="-6.2416985" visible="true" /><node changeset="1" timestamp="2026-05-15T09:34:42Z" user="OSMnx" lat="53.3280459" uid="1" id="13199971045" version="1" lon="-6.241604" visible="true" /><node changeset="1" timestamp="2026-05-15T09:34:42Z" user="OSMnx" lat="53.3282251" uid="1" id="13199971046" version="1" lon="-6.241752" visible="true" /><node changeset="1" timestamp="2026-05-15T09:34:42Z" user="OSMnx" lat="53.3285725" uid="1" id="13199971064" version="1" lon="-6.2418632" visible="true" /><node changeset="1" timestamp="2026-05-15T09:34:42Z" user="OSMnx" lat="53.3284613" uid="1" id="13199971072" version="1" lon="-6.2402411" visible="true" /><node changeset="1" timestamp="2026-05-15T09:34:42Z" user="OSMnx" lat="53.3280887" uid="1" id="13199971073" version="1" lon="-6.2416586" visible="true"><tag k="highway" v="traffic_signals" /></node><node changeset="1" timestamp="2026-05-15T09:34:42Z" user="OSMnx" lat="53.3279817" uid="1" id="13199971082" version="1" lon="-6.2419517" visible="true"><tag k="highway" v="crossing" /></node><node changeset="1" timestamp="2026-05-15T09:34:42Z" user="OSMnx" lat="53.3280267" uid="1" id="13199971083" version="1" lon="-6.2417677" visible="true"><tag k="highway" v="crossing" /></node><node changeset="1" timestamp="2026-05-15T09:34:42Z" user="OSMnx" lat="53.3280723" uid="1" id="13199971084" version="1" lon="-6.2416378" visible="true"><tag k="highway" v="crossing" /></node><node changeset="1" timestamp="2026-05-15T09:34:42Z" user="OSMnx" lat="53.3279131" uid="1" id="13199971085" version="1" lon="-6.2420127" visible="true" /><node changeset="1" timestamp="2026-05-15T09:34:42Z" user="OSMnx" lat="53.3280463" uid="1" id="13199971086" version="1" lon="-6.2414176" visible="true"><tag k="highway" v="crossing" /></node><node changeset="1" timestamp="2026-05-15T09:34:42Z" user="OSMnx" lat="53.3256586" uid="1" id="13199983763" version="1" lon="-6.239412" visible="true"><tag k="highway" v="crossing" /></node><node changeset="1" timestamp="2026-05-15T09:34:42Z" user="OSMnx" lat="53.3331126" uid="1" id="13199990630" version="1" lon="-6.2431226" visible="true"><tag k="highway" v="crossing" /></node><node changeset="1" timestamp="2026-05-15T09:34:42Z" user="OSMnx" lat="53.3330539" uid="1" id="13199990632" version="1" lon="-6.2433603" visible="true" /><node changeset="1" timestamp="2026-05-15T09:34:42Z" user="OSMnx" lat="53.3330287" uid="1" id="13199990633" version="1" lon="-6.2433709" visible="true"><tag k="highway" v="traffic_signals" /></node><node changeset="1" timestamp="2026-05-15T09:34:42Z" user="OSMnx" lat="53.3330972" uid="1" id="13199990634" version="1" lon="-6.2430805" visible="true" /><node changeset="1" timestamp="2026-05-15T09:34:42Z" user="OSMnx" lat="53.3330965" uid="1" id="13199990635" version="1" lon="-6.2430788" visible="true"><tag k="highway" v="traffic_signals" /></node><node changeset="1" timestamp="2026-05-15T09:34:42Z" user="OSMnx" lat="53.3332237" uid="1" id="13199990636" version="1" lon="-6.2434302" visible="true" /><node changeset="1" timestamp="2026-05-15T09:34:42Z" user="OSMnx" lat="53.3332417" uid="1" id="13199990637" version="1" lon="-6.2434806" visible="true"><tag k="highway" v="traffic_signals" /></node><node changeset="1" timestamp="2026-05-15T09:34:42Z" user="OSMnx" lat="53.3289467" uid="1" id="13199990638" version="1" lon="-6.2450279" visible="true"><tag k="highway" v="crossing" /></node><node changeset="1" timestamp="2026-05-15T09:34:42Z" user="OSMnx" lat="53.3317566" uid="1" id="13200008101" version="1" lon="-6.2423069" visible="true"><tag k="highway" v="crossing" /></node><node changeset="1" timestamp="2026-05-15T09:34:42Z" user="OSMnx" lat="53.3307444" uid="1" id="13201802834" version="1" lon="-6.2408349" visible="true"><tag k="highway" v="crossing" /></node><node changeset="1" timestamp="2026-05-15T09:34:42Z" user="OSMnx" lat="53.33144" uid="1" id="13201802838" version="1" lon="-6.239337" visible="true"><tag k="highway" v="crossing" /></node><node changeset="1" timestamp="2026-05-15T09:34:42Z" user="OSMnx" lat="53.3315819" uid="1" id="13201802839" version="1" lon="-6.2407532" visible="true"><tag k="highway" v="crossing" /></node><node changeset="1" timestamp="2026-05-15T09:34:42Z" user="OSMnx" lat="53.3174855" uid="1" id="13207022477" version="1" lon="-6.2673703" visible="true" /><node changeset="1" timestamp="2026-05-15T09:34:42Z" user="OSMnx" lat="53.3174774" uid="1" id="13207022478" version="1" lon="-6.2672247" visible="true"><tag k="highway" v="stop" /></node><node changeset="1" timestamp="2026-05-15T09:34:42Z" user="OSMnx" lat="53.3192867" uid="1" id="13207028622" version="1" lon="-6.2666649" visible="true" /><node changeset="1" timestamp="2026-05-15T09:34:42Z" user="OSMnx" lat="53.3193234" uid="1" id="13207028623" version="1" lon="-6.266729" visible="true" /><node changeset="1" timestamp="2026-05-15T09:34:42Z" user="OSMnx" lat="53.3163079" uid="1" id="13226687807" version="1" lon="-6.2641571" visible="true" /><node changeset="1" timestamp="2026-05-15T09:34:42Z" user="OSMnx" lat="53.3165016" uid="1" id="13226687818" version="1" lon="-6.2639133" visible="true" /><node changeset="1" timestamp="2026-05-15T09:34:42Z" user="OSMnx" lat="53.3196901" uid="1" id="13231362048" version="1" lon="-6.2432185" visible="true" /><node changeset="1" timestamp="2026-05-15T09:34:42Z" user="OSMnx" lat="53.3196554" uid="1" id="13231362049" version="1" lon="-6.2432357" visible="true" /><node changeset="1" timestamp="2026-05-15T09:34:42Z" user="OSMnx" lat="53.3341022" uid="1" id="13241277996" version="1" lon="-6.2481183" visible="true" /><node changeset="1" timestamp="2026-05-15T09:34:42Z" user="OSMnx" lat="53.3138444" uid="1" id="13243707840" version="1" lon="-6.2640571" visible="true" /><node changeset="1" timestamp="2026-05-15T09:34:42Z" user="OSMnx" lat="53.3283151" uid="1" id="13246821992" version="1" lon="-6.2374565" visible="true" /><node changeset="1" timestamp="2026-05-15T09:34:42Z" user="OSMnx" lat="53.3291107" uid="1" id="13246855121" version="1" lon="-6.2346955" visible="true" /><node changeset="1" timestamp="2026-05-15T09:34:42Z" user="OSMnx" lat="53.3287751" uid="1" id="13246855122" version="1" lon="-6.2358653" visible="true" /><node changeset="1" timestamp="2026-05-15T09:34:42Z" user="OSMnx" lat="53.3279934" uid="1" id="13246935067" version="1" lon="-6.2385889" visible="true" /><node changeset="1" timestamp="2026-05-15T09:34:42Z" user="OSMnx" lat="53.3315538" uid="1" id="13248308190" version="1" lon="-6.2453924" visible="true"><tag k="highway" v="stop" /></node><node changeset="1" timestamp="2026-05-15T09:34:42Z" user="OSMnx" lat="53.33047" uid="1" id="13248834223" version="1" lon="-6.2383521" visible="true"><tag k="highway" v="crossing" /></node><node changeset="1" timestamp="2026-05-15T09:34:42Z" user="OSMnx" lat="53.3305467" uid="1" id="13248834226" version="1" lon="-6.2396244" visible="true"><tag k="highway" v="crossing" /></node><node changeset="1" timestamp="2026-05-15T09:34:42Z" user="OSMnx" lat="53.3303667" uid="1" id="13248834233" version="1" lon="-6.2382228" visible="true"><tag k="highway" v="crossing" /></node><node changeset="1" timestamp="2026-05-15T09:34:42Z" user="OSMnx" lat="53.3304344" uid="1" id="13248834240" version="1" lon="-6.2380352" visible="true"><tag k="highway" v="crossing" /></node><node changeset="1" timestamp="2026-05-15T09:34:42Z" user="OSMnx" lat="53.3305532" uid="1" id="13248834245" version="1" lon="-6.2381617" visible="true"><tag k="highway" v="crossing" /></node><node changeset="1" timestamp="2026-05-15T09:34:42Z" user="OSMnx" lat="53.3306826" uid="1" id="13248834262" version="1" lon="-6.239581" visible="true"><tag k="highway" v="crossing" /></node><node changeset="1" timestamp="2026-05-15T09:34:42Z" user="OSMnx" lat="53.3254554" uid="1" id="13270515360" version="1" lon="-6.2371048" visible="true" /><node changeset="1" timestamp="2026-05-15T09:34:42Z" user="OSMnx" lat="53.331258" uid="1" id="13270734688" version="1" lon="-6.2342565" visible="true" /><node changeset="1" timestamp="2026-05-15T09:34:42Z" user="OSMnx" lat="53.3314562" uid="1" id="13270734696" version="1" lon="-6.2345062" visible="true" /><node changeset="1" timestamp="2026-05-15T09:34:42Z" user="OSMnx" lat="53.3252209" uid="1" id="13272138366" version="1" lon="-6.2549075" visible="true" /><node changeset="1" timestamp="2026-05-15T09:34:42Z" user="OSMnx" lat="53.325203" uid="1" id="13272138367" version="1" lon="-6.2549541" visible="true" /><node changeset="1" timestamp="2026-05-15T09:34:42Z" user="OSMnx" lat="53.3332292" uid="1" id="13300595386" version="1" lon="-6.2496144" visible="true" /><node changeset="1" timestamp="2026-05-15T09:34:42Z" user="OSMnx" lat="53.3332223" uid="1" id="13300595387" version="1" lon="-6.2496848" visible="true" /><node changeset="1" timestamp="2026-05-15T09:34:42Z" user="OSMnx" lat="53.3332242" uid="1" id="13300595388" version="1" lon="-6.2497569" visible="true" /><node changeset="1" timestamp="2026-05-15T09:34:42Z" user="OSMnx" lat="53.3337885" uid="1" id="13300595389" version="1" lon="-6.2493777" visible="true" /><node changeset="1" timestamp="2026-05-15T09:34:42Z" user="OSMnx" lat="53.3331184" uid="1" id="13300595390" version="1" lon="-6.2499966" visible="true" /><node changeset="1" timestamp="2026-05-15T09:34:42Z" user="OSMnx" lat="53.3330918" uid="1" id="13300595391" version="1" lon="-6.2500549" visible="true" /><node changeset="1" timestamp="2026-05-15T09:34:42Z" user="OSMnx" lat="53.334322" uid="1" id="13300595393" version="1" lon="-6.2487955" visible="true"><tag k="highway" v="turning_circle" /></node><node changeset="1" timestamp="2026-05-15T09:34:42Z" user="OSMnx" lat="53.3323074" uid="1" id="13353374944" version="1" lon="-6.2603703" visible="true" /><node changeset="1" timestamp="2026-05-15T09:34:42Z" user="OSMnx" lat="53.3322796" uid="1" id="13353374945" version="1" lon="-6.2603609" visible="true" /><node changeset="1" timestamp="2026-05-15T09:34:42Z" user="OSMnx" lat="53.3322068" uid="1" id="13353374946" version="1" lon="-6.2603271" visible="true" /><node changeset="1" timestamp="2026-05-15T09:34:42Z" user="OSMnx" lat="53.3319376" uid="1" id="13353374953" version="1" lon="-6.2600401" visible="true" /><node changeset="1" timestamp="2026-05-15T09:34:42Z" user="OSMnx" lat="53.3319607" uid="1" id="13353374954" version="1" lon="-6.2600787" visible="true" /><node changeset="1" timestamp="2026-05-15T09:34:42Z" user="OSMnx" lat="53.3320301" uid="1" id="13353374955" version="1" lon="-6.2601763" visible="true" /><node changeset="1" timestamp="2026-05-15T09:34:42Z" user="OSMnx" lat="53.3320636" uid="1" id="13353374956" version="1" lon="-6.2602131" visible="true" /><node changeset="1" timestamp="2026-05-15T09:34:42Z" user="OSMnx" lat="53.3182146" uid="1" id="13355583307" version="1" lon="-6.2537325" visible="true" /><node changeset="1" timestamp="2026-05-15T09:34:42Z" user="OSMnx" lat="53.316252" uid="1" id="13355699479" version="1" lon="-6.2544366" visible="true" /><node changeset="1" timestamp="2026-05-15T09:34:42Z" user="OSMnx" lat="53.3162135" uid="1" id="13355699480" version="1" lon="-6.2543516" visible="true" /><node changeset="1" timestamp="2026-05-15T09:34:42Z" user="OSMnx" lat="53.3162312" uid="1" id="13355699481" version="1" lon="-6.2543594" visible="true" /><node changeset="1" timestamp="2026-05-15T09:34:42Z" user="OSMnx" lat="53.3162512" uid="1" id="13355699483" version="1" lon="-6.2544045" visible="true" /><node changeset="1" timestamp="2026-05-15T09:34:42Z" user="OSMnx" lat="53.3160549" uid="1" id="13355710591" version="1" lon="-6.2543125" visible="true" /><node changeset="1" timestamp="2026-05-15T09:34:42Z" user="OSMnx" lat="53.3160134" uid="1" id="13355710595" version="1" lon="-6.2543022" visible="true" /><node changeset="1" timestamp="2026-05-15T09:34:42Z" user="OSMnx" lat="53.3162418" uid="1" id="13355800048" version="1" lon="-6.254793" visible="true" /><node changeset="1" timestamp="2026-05-15T09:34:42Z" user="OSMnx" lat="53.3210507" uid="1" id="13378177045" version="1" lon="-6.2540604" visible="true"><tag k="highway" v="stop" /></node><node changeset="1" timestamp="2026-05-15T09:34:42Z" user="OSMnx" lat="53.3190997" uid="1" id="13458888038" version="1" lon="-6.2340708" visible="true"><tag k="highway" v="traffic_signals" /></node><node changeset="1" timestamp="2026-05-15T09:34:42Z" user="OSMnx" lat="53.319074" uid="1" id="13458888039" version="1" lon="-6.2341628" visible="true"><tag k="highway" v="traffic_signals" /></node><node changeset="1" timestamp="2026-05-15T09:34:42Z" user="OSMnx" lat="53.3302131" uid="1" id="13461878198" version="1" lon="-6.2529305" visible="true" /><node changeset="1" timestamp="2026-05-15T09:34:42Z" user="OSMnx" lat="53.3312013" uid="1" id="13461899831" version="1" lon="-6.2517062" visible="true" /><node changeset="1" timestamp="2026-05-15T09:34:42Z" user="OSMnx" lat="53.3312073" uid="1" id="13461899832" version="1" lon="-6.2518537" visible="true" /><node changeset="1" timestamp="2026-05-15T09:34:42Z" user="OSMnx" lat="53.3311938" uid="1" id="13461899833" version="1" lon="-6.2515615" visible="true" /><node changeset="1" timestamp="2026-05-15T09:34:42Z" user="OSMnx" lat="53.3311642" uid="1" id="13461899834" version="1" lon="-6.2514705" visible="true" /><node changeset="1" timestamp="2026-05-15T09:34:42Z" user="OSMnx" lat="53.3309089" uid="1" id="13461899835" version="1" lon="-6.2512652" visible="true" /><node changeset="1" timestamp="2026-05-15T09:34:42Z" user="OSMnx" lat="53.3310297" uid="1" id="13461899836" version="1" lon="-6.2513479" visible="true" /><node changeset="1" timestamp="2026-05-15T09:34:42Z" user="OSMnx" lat="53.3293352" uid="1" id="13461969447" version="1" lon="-6.2484097" visible="true" /><node changeset="1" timestamp="2026-05-15T09:34:42Z" user="OSMnx" lat="53.3293689" uid="1" id="13462905334" version="1" lon="-6.2449602" visible="true" /><node changeset="1" timestamp="2026-05-15T09:34:42Z" user="OSMnx" lat="53.327479" uid="1" id="13463599894" version="1" lon="-6.255814" visible="true" /><node changeset="1" timestamp="2026-05-15T09:34:42Z" user="OSMnx" lat="53.3275088" uid="1" id="13463599895" version="1" lon="-6.2558179" visible="true" /><node changeset="1" timestamp="2026-05-15T09:34:42Z" user="OSMnx" lat="53.3277068" uid="1" id="13463599896" version="1" lon="-6.2557709" visible="true" /><node changeset="1" timestamp="2026-05-15T09:34:42Z" user="OSMnx" lat="53.3283721" uid="1" id="13463764658" version="1" lon="-6.2505715" visible="true" /><node changeset="1" timestamp="2026-05-15T09:34:42Z" user="OSMnx" lat="53.3278146" uid="1" id="13463764659" version="1" lon="-6.2501954" visible="true" /><node changeset="1" timestamp="2026-05-15T09:34:42Z" user="OSMnx" lat="53.3277333" uid="1" id="13463764660" version="1" lon="-6.2501315" visible="true" /><node changeset="1" timestamp="2026-05-15T09:34:42Z" user="OSMnx" lat="53.327534" uid="1" id="13463764661" version="1" lon="-6.2499539" visible="true" /><node changeset="1" timestamp="2026-05-15T09:34:42Z" user="OSMnx" lat="53.3270083" uid="1" id="13463782681" version="1" lon="-6.2525414" visible="true" /><node changeset="1" timestamp="2026-05-15T09:34:42Z" user="OSMnx" lat="53.3269948" uid="1" id="13463782682" version="1" lon="-6.2525092" visible="true" /><node changeset="1" timestamp="2026-05-15T09:34:42Z" user="OSMnx" lat="53.3275932" uid="1" id="13463810474" version="1" lon="-6.2524689" visible="true" /><node changeset="1" timestamp="2026-05-15T09:34:42Z" user="OSMnx" lat="53.3276089" uid="1" id="13463810475" version="1" lon="-6.2524533" visible="true" /><node changeset="1" timestamp="2026-05-15T09:34:42Z" user="OSMnx" lat="53.3276249" uid="1" id="13463810476" version="1" lon="-6.252447" visible="true" /><node changeset="1" timestamp="2026-05-15T09:34:42Z" user="OSMnx" lat="53.3278913" uid="1" id="13463810477" version="1" lon="-6.252598" visible="true" /><node changeset="1" timestamp="2026-05-15T09:34:42Z" user="OSMnx" lat="53.3279015" uid="1" id="13463810478" version="1" lon="-6.2526288" visible="true" /><node changeset="1" timestamp="2026-05-15T09:34:42Z" user="OSMnx" lat="53.3268703" uid="1" id="13468928262" version="1" lon="-6.25082" visible="true" /><node changeset="1" timestamp="2026-05-15T09:34:42Z" user="OSMnx" lat="53.3264476" uid="1" id="13468955435" version="1" lon="-6.2505457" visible="true" /><node changeset="1" timestamp="2026-05-15T09:34:42Z" user="OSMnx" lat="53.3265153" uid="1" id="13468955437" version="1" lon="-6.2505897" visible="true" /><node changeset="1" timestamp="2026-05-15T09:34:42Z" user="OSMnx" lat="53.3266286" uid="1" id="13468955439" version="1" lon="-6.2506633" visible="true" /><node changeset="1" timestamp="2026-05-15T09:34:42Z" user="OSMnx" lat="53.3267343" uid="1" id="13468955448" version="1" lon="-6.2507318" visible="true" /><node changeset="1" timestamp="2026-05-15T09:34:42Z" user="OSMnx" lat="53.3268207" uid="1" id="13468955450" version="1" lon="-6.2507878" visible="true" /><node changeset="1" timestamp="2026-05-15T09:34:42Z" user="OSMnx" lat="53.3274093" uid="1" id="13471388087" version="1" lon="-6.2557941" visible="true" /><node changeset="1" timestamp="2026-05-15T09:34:42Z" user="OSMnx" lat="53.3273568" uid="1" id="13471388091" version="1" lon="-6.2557779" visible="true" /><node changeset="1" timestamp="2026-05-15T09:34:42Z" user="OSMnx" lat="53.3273254" uid="1" id="13471388093" version="1" lon="-6.2557648" visible="true" /><node changeset="1" timestamp="2026-05-15T09:34:42Z" user="OSMnx" lat="53.3277799" uid="1" id="13471401197" version="1" lon="-6.2563566" visible="true" /><node changeset="1" timestamp="2026-05-15T09:34:42Z" user="OSMnx" lat="53.3277655" uid="1" id="13471401198" version="1" lon="-6.2563227" visible="true" /><node changeset="1" timestamp="2026-05-15T09:34:42Z" user="OSMnx" lat="53.3272529" uid="1" id="13471433737" version="1" lon="-6.2557375" visible="true" /><node changeset="1" timestamp="2026-05-15T09:34:42Z" user="OSMnx" lat="53.3272178" uid="1" id="13471433739" version="1" lon="-6.2557111" visible="true" /><node changeset="1" timestamp="2026-05-15T09:34:42Z" user="OSMnx" lat="53.3275796" uid="1" id="13471472067" version="1" lon="-6.255802" visible="true" /><node changeset="1" timestamp="2026-05-15T09:34:42Z" user="OSMnx" lat="53.3280372" uid="1" id="13471554917" version="1" lon="-6.2565153" visible="true" /><node changeset="1" timestamp="2026-05-15T09:34:42Z" user="OSMnx" lat="53.3280927" uid="1" id="13471554919" version="1" lon="-6.2565414" visible="true" /><node changeset="1" timestamp="2026-05-15T09:34:42Z" user="OSMnx" lat="53.3281609" uid="1" id="13471559179" version="1" lon="-6.2565734" visible="true" /><node changeset="1" timestamp="2026-05-15T09:34:42Z" user="OSMnx" lat="53.3281875" uid="1" id="13471559181" version="1" lon="-6.2565859" visible="true" /><node changeset="1" timestamp="2026-05-15T09:34:42Z" user="OSMnx" lat="53.3282548" uid="1" id="13471559183" version="1" lon="-6.2566174" visible="true" /><node changeset="1" timestamp="2026-05-15T09:34:42Z" user="OSMnx" lat="53.328289" uid="1" id="13471559185" version="1" lon="-6.2566335" visible="true" /><node changeset="1" timestamp="2026-05-15T09:34:42Z" user="OSMnx" lat="53.3281804" uid="1" id="13471592530" version="1" lon="-6.2553508" visible="true" /><node changeset="1" timestamp="2026-05-15T09:34:42Z" user="OSMnx" lat="53.3281887" uid="1" id="13471592531" version="1" lon="-6.2553878" visible="true" /><node changeset="1" timestamp="2026-05-15T09:34:42Z" user="OSMnx" lat="53.3281848" uid="1" id="13474515721" version="1" lon="-6.2552775" visible="true" /><node changeset="1" timestamp="2026-05-15T09:34:42Z" user="OSMnx" lat="53.328194" uid="1" id="13474515723" version="1" lon="-6.2552297" visible="true" /><node changeset="1" timestamp="2026-05-15T09:34:42Z" user="OSMnx" lat="53.3281793" uid="1" id="13474515724" version="1" lon="-6.2553284" visible="true" /><node changeset="1" timestamp="2026-05-15T09:34:42Z" user="OSMnx" lat="53.3282055" uid="1" id="13474515726" version="1" lon="-6.2551658" visible="true" /><node changeset="1" timestamp="2026-05-15T09:34:42Z" user="OSMnx" lat="53.3282143" uid="1" id="13474515728" version="1" lon="-6.2551166" visible="true" /><node changeset="1" timestamp="2026-05-15T09:34:42Z" user="OSMnx" lat="53.3288129" uid="1" id="13474515733" version="1" lon="-6.2557002" visible="true"><tag k="highway" v="crossing" /></node><node changeset="1" timestamp="2026-05-15T09:34:42Z" user="OSMnx" lat="53.3284622" uid="1" id="13474515736" version="1" lon="-6.2555401" visible="true" /><node changeset="1" timestamp="2026-05-15T09:34:42Z" user="OSMnx" lat="53.3277568" uid="1" id="13474521694" version="1" lon="-6.2561046" visible="true" /><node changeset="1" timestamp="2026-05-15T09:34:42Z" user="OSMnx" lat="53.3277572" uid="1" id="13474521698" version="1" lon="-6.2561781" visible="true" /><node changeset="1" timestamp="2026-05-15T09:34:42Z" user="OSMnx" lat="53.3277656" uid="1" id="13474530788" version="1" lon="-6.2538907" visible="true" /><node changeset="1" timestamp="2026-05-15T09:34:42Z" user="OSMnx" lat="53.3277664" uid="1" id="13474530790" version="1" lon="-6.2538027" visible="true" /><node changeset="1" timestamp="2026-05-15T09:34:42Z" user="OSMnx" lat="53.327764" uid="1" id="13474530792" version="1" lon="-6.2540734" visible="true" /><node changeset="1" timestamp="2026-05-15T09:34:42Z" user="OSMnx" lat="53.3277651" uid="1" id="13474530794" version="1" lon="-6.2539479" visible="true" /><node changeset="1" timestamp="2026-05-15T09:34:42Z" user="OSMnx" lat="53.3277635" uid="1" id="13474530796" version="1" lon="-6.2541252" visible="true" /><node changeset="1" timestamp="2026-05-15T09:34:42Z" user="OSMnx" lat="53.3277625" uid="1" id="13474530798" version="1" lon="-6.2542446" visible="true" /><node changeset="1" timestamp="2026-05-15T09:34:42Z" user="OSMnx" lat="53.3277611" uid="1" id="13474530800" version="1" lon="-6.254404" visible="true" /><node changeset="1" timestamp="2026-05-15T09:34:42Z" user="OSMnx" lat="53.3277669" uid="1" id="13474536306" version="1" lon="-6.2537362" visible="true" /><node changeset="1" timestamp="2026-05-15T09:34:42Z" user="OSMnx" lat="53.3277676" uid="1" id="13474536308" version="1" lon="-6.2536218" visible="true" /><node changeset="1" timestamp="2026-05-15T09:34:42Z" user="OSMnx" lat="53.3277579" uid="1" id="13474541417" version="1" lon="-6.25493" visible="true" /><node changeset="1" timestamp="2026-05-15T09:34:42Z" user="OSMnx" lat="53.3277579" uid="1" id="13474541419" version="1" lon="-6.25497" visible="true" /><node changeset="1" timestamp="2026-05-15T09:34:42Z" user="OSMnx" lat="53.327758" uid="1" id="13474541421" version="1" lon="-6.2550983" visible="true" /><node changeset="1" timestamp="2026-05-15T09:34:42Z" user="OSMnx" lat="53.3277581" uid="1" id="13474541423" version="1" lon="-6.2551562" visible="true" /><node changeset="1" timestamp="2026-05-15T09:34:42Z" user="OSMnx" lat="53.3277582" uid="1" id="13474541428" version="1" lon="-6.2552796" visible="true" /><node changeset="1" timestamp="2026-05-15T09:34:42Z" user="OSMnx" lat="53.3277582" uid="1" id="13474541431" version="1" lon="-6.2553239" visible="true" /><node changeset="1" timestamp="2026-05-15T09:34:42Z" user="OSMnx" lat="53.3277583" uid="1" id="13474541436" version="1" lon="-6.2554326" visible="true" /><node changeset="1" timestamp="2026-05-15T09:34:42Z" user="OSMnx" lat="53.3277584" uid="1" id="13474541438" version="1" lon="-6.2554894" visible="true" /><node changeset="1" timestamp="2026-05-15T09:34:42Z" user="OSMnx" lat="53.3277584" uid="1" id="13474541440" version="1" lon="-6.2555846" visible="true" /><node changeset="1" timestamp="2026-05-15T09:34:42Z" user="OSMnx" lat="53.3277585" uid="1" id="13474541446" version="1" lon="-6.2556665" visible="true" /><node changeset="1" timestamp="2026-05-15T09:34:42Z" user="OSMnx" lat="53.3277582" uid="1" id="13474541451" version="1" lon="-6.255833" visible="true" /><node changeset="1" timestamp="2026-05-15T09:34:42Z" user="OSMnx" lat="53.3277574" uid="1" id="13474541453" version="1" lon="-6.2559455" visible="true" /><node changeset="1" timestamp="2026-05-15T09:34:42Z" user="OSMnx" lat="53.3277569" uid="1" id="13474541459" version="1" lon="-6.2560147" visible="true" /><node changeset="1" timestamp="2026-05-15T09:34:42Z" user="OSMnx" lat="53.3277606" uid="1" id="13474541702" version="1" lon="-6.254454" visible="true" /><node changeset="1" timestamp="2026-05-15T09:34:42Z" user="OSMnx" lat="53.3277621" uid="1" id="13474541707" version="1" lon="-6.254285" visible="true" /><node changeset="1" timestamp="2026-05-15T09:34:42Z" user="OSMnx" lat="53.3277591" uid="1" id="13474543505" version="1" lon="-6.2546296" visible="true" /><node changeset="1" timestamp="2026-05-15T09:34:42Z" user="OSMnx" lat="53.3277595" uid="1" id="13474543507" version="1" lon="-6.2545795" visible="true" /><node changeset="1" timestamp="2026-05-15T09:34:42Z" user="OSMnx" lat="53.3277581" uid="1" id="13474543509" version="1" lon="-6.2547459" visible="true" /><node changeset="1" timestamp="2026-05-15T09:34:42Z" user="OSMnx" lat="53.3277578" uid="1" id="13474543511" version="1" lon="-6.2548019" visible="true" /><node changeset="1" timestamp="2026-05-15T09:34:42Z" user="OSMnx" lat="53.3265905" uid="1" id="13474549481" version="1" lon="-6.24709" visible="true" /><node changeset="1" timestamp="2026-05-15T09:34:42Z" user="OSMnx" lat="53.3265942" uid="1" id="13474549482" version="1" lon="-6.2470335" visible="true" /><node changeset="1" timestamp="2026-05-15T09:34:42Z" user="OSMnx" lat="53.3266022" uid="1" id="13474549483" version="1" lon="-6.246999" visible="true" /><node changeset="1" timestamp="2026-05-15T09:34:42Z" user="OSMnx" lat="53.327236" uid="1" id="13478551546" version="1" lon="-6.2510459" visible="true" /><node changeset="1" timestamp="2026-05-15T09:34:42Z" user="OSMnx" lat="53.3273137" uid="1" id="13478551548" version="1" lon="-6.2510956" visible="true" /><node changeset="1" timestamp="2026-05-15T09:34:42Z" user="OSMnx" lat="53.3275575" uid="1" id="13478560261" version="1" lon="-6.2512573" visible="true" /><node changeset="1" timestamp="2026-05-15T09:34:42Z" user="OSMnx" lat="53.3274741" uid="1" id="13478560263" version="1" lon="-6.251202" visible="true" /><node changeset="1" timestamp="2026-05-15T09:34:42Z" user="OSMnx" lat="53.3276201" uid="1" id="13478560280" version="1" lon="-6.2512971" visible="true" /><node changeset="1" timestamp="2026-05-15T09:34:42Z" user="OSMnx" lat="53.3277217" uid="1" id="13480009401" version="1" lon="-6.2513598" visible="true" /><node changeset="1" timestamp="2026-05-15T09:34:42Z" user="OSMnx" lat="53.3277701" uid="1" id="13480009403" version="1" lon="-6.2513897" visible="true" /><node changeset="1" timestamp="2026-05-15T09:34:42Z" user="OSMnx" lat="53.3271382" uid="1" id="13480009410" version="1" lon="-6.2509879" visible="true" /><node changeset="1" timestamp="2026-05-15T09:34:42Z" user="OSMnx" lat="53.3283872" uid="1" id="13480010811" version="1" lon="-6.2506022" visible="true" /><node changeset="1" timestamp="2026-05-15T09:34:42Z" user="OSMnx" lat="53.3283583" uid="1" id="13480010813" version="1" lon="-6.2508289" visible="true" /><node changeset="1" timestamp="2026-05-15T09:34:42Z" user="OSMnx" lat="53.3346552" uid="1" id="13480379814" version="1" lon="-6.2423226" visible="true" /><node changeset="1" timestamp="2026-05-15T09:34:42Z" user="OSMnx" lat="53.3345602" uid="1" id="13480379824" version="1" lon="-6.2405374" visible="true" /><node changeset="1" timestamp="2026-05-15T09:34:42Z" user="OSMnx" lat="53.3340505" uid="1" id="13480379958" version="1" lon="-6.2434027" visible="true" /><node changeset="1" timestamp="2026-05-15T09:34:42Z" user="OSMnx" lat="53.3261584" uid="1" id="13484669302" version="1" lon="-6.2511604" visible="true" /><node changeset="1" timestamp="2026-05-15T09:34:42Z" user="OSMnx" lat="53.3260442" uid="1" id="13505127091" version="1" lon="-6.2504994" visible="true" /><node changeset="1" timestamp="2026-05-15T09:34:42Z" user="OSMnx" lat="53.3255201" uid="1" id="13505127095" version="1" lon="-6.2508427" visible="true" /><node changeset="1" timestamp="2026-05-15T09:34:42Z" user="OSMnx" lat="53.3257243" uid="1" id="13505127097" version="1" lon="-6.2505941" visible="true" /><node changeset="1" timestamp="2026-05-15T09:34:42Z" user="OSMnx" lat="53.3255652" uid="1" id="13505127118" version="1" lon="-6.2509988" visible="true" /><node changeset="1" timestamp="2026-05-15T09:34:42Z" user="OSMnx" lat="53.3256207" uid="1" id="13505127119" version="1" lon="-6.2512965" visible="true" /><node changeset="1" timestamp="2026-05-15T09:34:42Z" user="OSMnx" lat="53.3256169" uid="1" id="13505127120" version="1" lon="-6.2512426" visible="true" /><node changeset="1" timestamp="2026-05-15T09:34:42Z" user="OSMnx" lat="53.3255879" uid="1" id="13505127121" version="1" lon="-6.2516427" visible="true" /><node changeset="1" timestamp="2026-05-15T09:34:42Z" user="OSMnx" lat="53.3256172" uid="1" id="13505127122" version="1" lon="-6.2515883" visible="true" /><node changeset="1" timestamp="2026-05-15T09:34:42Z" user="OSMnx" lat="53.3222833" uid="1" id="13505128316" version="1" lon="-6.2472337" visible="true" /><node changeset="1" timestamp="2026-05-15T09:34:42Z" user="OSMnx" lat="53.3223624" uid="1" id="13505128319" version="1" lon="-6.2469548" visible="true" /><node changeset="1" timestamp="2026-05-15T09:34:42Z" user="OSMnx" lat="53.3223936" uid="1" id="13505128322" version="1" lon="-6.2468499" visible="true" /><node changeset="1" timestamp="2026-05-15T09:34:42Z" user="OSMnx" lat="53.3224539" uid="1" id="13505128325" version="1" lon="-6.2466482" visible="true" /><node changeset="1" timestamp="2026-05-15T09:34:42Z" user="OSMnx" lat="53.3224695" uid="1" id="13505128328" version="1" lon="-6.246596" visible="true" /><node changeset="1" timestamp="2026-05-15T09:34:42Z" user="OSMnx" lat="53.32252" uid="1" id="13505128330" version="1" lon="-6.2464274" visible="true" /><node changeset="1" timestamp="2026-05-15T09:34:42Z" user="OSMnx" lat="53.3225532" uid="1" id="13505128334" version="1" lon="-6.2463167" visible="true" /><node changeset="1" timestamp="2026-05-15T09:34:42Z" user="OSMnx" lat="53.3225868" uid="1" id="13505128337" version="1" lon="-6.246205" visible="true" /><node changeset="1" timestamp="2026-05-15T09:34:42Z" user="OSMnx" lat="53.3226079" uid="1" id="13505128340" version="1" lon="-6.2461346" visible="true" /><node changeset="1" timestamp="2026-05-15T09:34:42Z" user="OSMnx" lat="53.3232968" uid="1" id="13508185631" version="1" lon="-6.2462499" visible="true" /><node changeset="1" timestamp="2026-05-15T09:34:42Z" user="OSMnx" lat="53.3233397" uid="1" id="13508185633" version="1" lon="-6.246281" visible="true" /><node changeset="1" timestamp="2026-05-15T09:34:42Z" user="OSMnx" lat="53.3233917" uid="1" id="13508185635" version="1" lon="-6.2463188" visible="true" /><node changeset="1" timestamp="2026-05-15T09:34:42Z" user="OSMnx" lat="53.3235089" uid="1" id="13508185637" version="1" lon="-6.2464038" visible="true" /><node changeset="1" timestamp="2026-05-15T09:34:42Z" user="OSMnx" lat="53.3235553" uid="1" id="13508185639" version="1" lon="-6.2464374" visible="true" /><node changeset="1" timestamp="2026-05-15T09:34:42Z" user="OSMnx" lat="53.3236155" uid="1" id="13508185641" version="1" lon="-6.246481" visible="true" /><node changeset="1" timestamp="2026-05-15T09:34:42Z" user="OSMnx" lat="53.3236699" uid="1" id="13508185643" version="1" lon="-6.2465205" visible="true" /><node changeset="1" timestamp="2026-05-15T09:34:42Z" user="OSMnx" lat="53.3236977" uid="1" id="13508212188" version="1" lon="-6.2466395" visible="true" /><node changeset="1" timestamp="2026-05-15T09:34:42Z" user="OSMnx" lat="53.3337498" uid="1" id="13521326900" version="1" lon="-6.2494133" visible="true" /><node changeset="1" timestamp="2026-05-15T09:34:42Z" user="OSMnx" lat="53.3257092" uid="1" id="13523589418" version="1" lon="-6.2506038" visible="true" /><node changeset="1" timestamp="2026-05-15T09:34:42Z" user="OSMnx" lat="53.3306615" uid="1" id="13525120091" version="1" lon="-6.2650397" visible="true" /><node changeset="1" timestamp="2026-05-15T09:34:42Z" user="OSMnx" lat="53.3309142" uid="1" id="13525120099" version="1" lon="-6.2672037" visible="true" /><node changeset="1" timestamp="2026-05-15T09:34:42Z" user="OSMnx" lat="53.3303107" uid="1" id="13525132105" version="1" lon="-6.2689698" visible="true" /><node changeset="1" timestamp="2026-05-15T09:34:42Z" user="OSMnx" lat="53.3311499" uid="1" id="13525132112" version="1" lon="-6.2689438" visible="true" /><node changeset="1" timestamp="2026-05-15T09:34:42Z" user="OSMnx" lat="53.3215951" uid="1" id="13599719091" version="1" lon="-6.235333" visible="true" /><node changeset="1" timestamp="2026-05-15T09:34:42Z" user="OSMnx" lat="53.3331666" uid="1" id="13629500160" version="1" lon="-6.2358573" visible="true" /><node changeset="1" timestamp="2026-05-15T09:34:42Z" user="OSMnx" lat="53.327074" uid="1" id="13629501255" version="1" lon="-6.2491461" visible="true" /><node changeset="1" timestamp="2026-05-15T09:34:42Z" user="OSMnx" lat="53.3269057" uid="1" id="13666433900" version="1" lon="-6.2481386" visible="true" /><node changeset="1" timestamp="2026-05-15T09:34:42Z" user="OSMnx" lat="53.326591" uid="1" id="13666475969" version="1" lon="-6.2471278" visible="true" /><node changeset="1" timestamp="2026-05-15T09:34:42Z" user="OSMnx" lat="53.3270428" uid="1" id="13666475997" version="1" lon="-6.2465891" visible="true" /><node changeset="1" timestamp="2026-05-15T09:34:42Z" user="OSMnx" lat="53.3268605" uid="1" id="13666497802" version="1" lon="-6.2479968" visible="true" /><node changeset="1" timestamp="2026-05-15T09:34:42Z" user="OSMnx" lat="53.3268493" uid="1" id="13666497804" version="1" lon="-6.2479615" visible="true" /><node changeset="1" timestamp="2026-05-15T09:34:42Z" user="OSMnx" lat="53.3268057" uid="1" id="13666497806" version="1" lon="-6.2478247" visible="true" /><node changeset="1" timestamp="2026-05-15T09:34:42Z" user="OSMnx" lat="53.3267948" uid="1" id="13666497808" version="1" lon="-6.2477904" visible="true" /><node changeset="1" timestamp="2026-05-15T09:34:42Z" user="OSMnx" lat="53.3267442" uid="1" id="13666497810" version="1" lon="-6.2476318" visible="true" /><node changeset="1" timestamp="2026-05-15T09:34:42Z" user="OSMnx" lat="53.3266905" uid="1" id="13666497812" version="1" lon="-6.2474632" visible="true" /><node changeset="1" timestamp="2026-05-15T09:34:42Z" user="OSMnx" lat="53.3266327" uid="1" id="13666497814" version="1" lon="-6.2472819" visible="true" /><node changeset="1" timestamp="2026-05-15T09:34:42Z" user="OSMnx" lat="53.3266248" uid="1" id="13666497816" version="1" lon="-6.2472569" visible="true" /><node changeset="1" timestamp="2026-05-15T09:34:42Z" user="OSMnx" lat="53.331393" uid="1" id="13666960502" version="1" lon="-6.2633547" visible="true" /><node changeset="1" timestamp="2026-05-15T09:34:42Z" user="OSMnx" lat="53.3238697" uid="1" id="13686022264" version="1" lon="-6.2466684" visible="true" /><node changeset="1" timestamp="2026-05-15T09:34:42Z" user="OSMnx" lat="53.3239272" uid="1" id="13686022266" version="1" lon="-6.2467112" visible="true" /><node changeset="1" timestamp="2026-05-15T09:34:42Z" user="OSMnx" lat="53.3237697" uid="1" id="13686022268" version="1" lon="-6.2465938" visible="true" /><node changeset="1" timestamp="2026-05-15T09:34:42Z" user="OSMnx" lat="53.323675" uid="1" id="13686022276" version="1" lon="-6.2465242" visible="true" /><node changeset="1" timestamp="2026-05-15T09:34:42Z" user="OSMnx" lat="53.3237355" uid="1" id="13686022278" version="1" lon="-6.2465684" visible="true" /><node changeset="1" timestamp="2026-05-15T09:34:42Z" user="OSMnx" lat="53.323413" uid="1" id="13686024750" version="1" lon="-6.2455841" visible="true" /><node changeset="1" timestamp="2026-05-15T09:34:42Z" user="OSMnx" lat="53.3233893" uid="1" id="13686024751" version="1" lon="-6.2455776" visible="true" /><node changeset="1" timestamp="2026-05-15T09:34:42Z" user="OSMnx" lat="53.3234012" uid="1" id="13686024752" version="1" lon="-6.2455786" visible="true" /><node changeset="1" timestamp="2026-05-15T09:34:42Z" user="OSMnx" lat="53.3227268" uid="1" id="13686024768" version="1" lon="-6.2457358" visible="true" /><node changeset="1" timestamp="2026-05-15T09:34:42Z" user="OSMnx" lat="53.3232135" uid="1" id="13686024769" version="1" lon="-6.2461404" visible="true"><tag k="highway" v="crossing" /></node><node changeset="1" timestamp="2026-05-15T09:34:42Z" user="OSMnx" lat="53.3238274" uid="1" id="13686083859" version="1" lon="-6.2466368" visible="true" /><node changeset="1" timestamp="2026-05-15T09:34:42Z" user="OSMnx" lat="53.323474" uid="1" id="13686093021" version="1" lon="-6.2463785" visible="true" /><node changeset="1" timestamp="2026-05-15T09:34:42Z" user="OSMnx" lat="53.3234319" uid="1" id="13686093023" version="1" lon="-6.246348" visible="true" /><node changeset="1" timestamp="2026-05-15T09:34:42Z" user="OSMnx" lat="53.3233737" uid="1" id="13686093025" version="1" lon="-6.2463057" visible="true" /><node changeset="1" timestamp="2026-05-15T09:34:42Z" user="OSMnx" lat="53.3236235" uid="1" id="13686095619" version="1" lon="-6.2464868" visible="true" /><node changeset="1" timestamp="2026-05-15T09:34:42Z" user="OSMnx" lat="53.3235796" uid="1" id="13686095621" version="1" lon="-6.246455" visible="true" /><node changeset="1" timestamp="2026-05-15T09:34:42Z" user="OSMnx" lat="53.3235204" uid="1" id="13686095623" version="1" lon="-6.2464121" visible="true" /><node changeset="1" timestamp="2026-05-15T09:34:42Z" user="OSMnx" lat="53.3236824" uid="1" id="13686096116" version="1" lon="-6.246694" visible="true" /><node changeset="1" timestamp="2026-05-15T09:34:42Z" user="OSMnx" lat="53.3224818" uid="1" id="13686143250" version="1" lon="-6.2482299" visible="true" /><node changeset="1" timestamp="2026-05-15T09:34:42Z" user="OSMnx" lat="53.3221756" uid="1" id="13686143251" version="1" lon="-6.2475582" visible="true" /><node changeset="1" timestamp="2026-05-15T09:34:42Z" user="OSMnx" lat="53.3221927" uid="1" id="13686143252" version="1" lon="-6.2475216" visible="true" /><node changeset="1" timestamp="2026-05-15T09:34:42Z" user="OSMnx" lat="53.3226408" uid="1" id="13686193755" version="1" lon="-6.2485294" visible="true" /><node changeset="1" timestamp="2026-05-15T09:34:42Z" user="OSMnx" lat="53.3226114" uid="1" id="13686193773" version="1" lon="-6.2484751" visible="true" /><node changeset="1" timestamp="2026-05-15T09:34:42Z" user="OSMnx" lat="53.3226902" uid="1" id="13686193776" version="1" lon="-6.2486217" visible="true" /><node changeset="1" timestamp="2026-05-15T09:34:42Z" user="OSMnx" lat="53.323253" uid="1" id="13689204779" version="1" lon="-6.2491603" visible="true" /><node changeset="1" timestamp="2026-05-15T09:34:42Z" user="OSMnx" lat="53.3232866" uid="1" id="13689204780" version="1" lon="-6.2491007" visible="true" /><node changeset="1" timestamp="2026-05-15T09:34:42Z" user="OSMnx" lat="53.3223862" uid="1" id="13694478793" version="1" lon="-6.248052" visible="true" /><node changeset="1" timestamp="2026-05-15T09:34:42Z" user="OSMnx" lat="53.3224371" uid="1" id="13694478796" version="1" lon="-6.2481467" visible="true" /><node changeset="1" timestamp="2026-05-15T09:34:42Z" user="OSMnx" lat="53.3225229" uid="1" id="13694478799" version="1" lon="-6.248309" visible="true" /><node changeset="1" timestamp="2026-05-15T09:34:42Z" user="OSMnx" lat="53.3225486" uid="1" id="13694515202" version="1" lon="-6.2483584" visible="true" /><node changeset="1" timestamp="2026-05-15T09:34:42Z" user="OSMnx" lat="53.3223477" uid="1" id="13694515205" version="1" lon="-6.2479802" visible="true" /><node changeset="1" timestamp="2026-05-15T09:34:42Z" user="OSMnx" lat="53.3222963" uid="1" id="13694515208" version="1" lon="-6.2478912" visible="true" /><node changeset="1" timestamp="2026-05-15T09:34:42Z" user="OSMnx" lat="53.3222764" uid="1" id="13694515211" version="1" lon="-6.2478597" visible="true" /><node changeset="1" timestamp="2026-05-15T09:34:42Z" user="OSMnx" lat="53.321965" uid="1" id="13705030540" version="1" lon="-6.2473277" visible="true" /><node changeset="1" timestamp="2026-05-15T09:34:42Z" user="OSMnx" lat="53.3219265" uid="1" id="13705030543" version="1" lon="-6.2472553" visible="true" /><node changeset="1" timestamp="2026-05-15T09:34:42Z" user="OSMnx" lat="53.3218956" uid="1" id="13705030546" version="1" lon="-6.2471973" visible="true" /><node changeset="1" timestamp="2026-05-15T09:34:42Z" user="OSMnx" lat="53.3218495" uid="1" id="13705030549" version="1" lon="-6.2471105" visible="true" /><node changeset="1" timestamp="2026-05-15T09:34:42Z" user="OSMnx" lat="53.3218124" uid="1" id="13705030552" version="1" lon="-6.2470407" visible="true" /><node changeset="1" timestamp="2026-05-15T09:34:42Z" user="OSMnx" lat="53.3217683" uid="1" id="13705030555" version="1" lon="-6.2469577" visible="true" /><node changeset="1" timestamp="2026-05-15T09:34:42Z" user="OSMnx" lat="53.3217434" uid="1" id="13705030558" version="1" lon="-6.2469109" visible="true" /><node changeset="1" timestamp="2026-05-15T09:34:42Z" user="OSMnx" lat="53.3216843" uid="1" id="13705030561" version="1" lon="-6.2467998" visible="true" /><node changeset="1" timestamp="2026-05-15T09:34:42Z" user="OSMnx" lat="53.3216657" uid="1" id="13705030566" version="1" lon="-6.2467647" visible="true" /><node changeset="1" timestamp="2026-05-15T09:34:42Z" user="OSMnx" lat="53.3215819" uid="1" id="13705045494" version="1" lon="-6.2466234" visible="true" /><node changeset="1" timestamp="2026-05-15T09:34:42Z" user="OSMnx" lat="53.3230164" uid="1" id="13705050607" version="1" lon="-6.2505459" visible="true" /><node changeset="1" timestamp="2026-05-15T09:34:42Z" user="OSMnx" lat="53.3216775" uid="1" id="13705118002" version="1" lon="-6.2462135" visible="true" /><node changeset="1" timestamp="2026-05-15T09:34:42Z" user="OSMnx" lat="53.322123" uid="1" id="13711727485" version="1" lon="-6.2437189" visible="true" /><node changeset="1" timestamp="2026-05-15T09:34:42Z" user="OSMnx" lat="53.3221319" uid="1" id="13711728526" version="1" lon="-6.2437264" visible="true" /><node changeset="1" timestamp="2026-05-15T09:34:42Z" user="OSMnx" lat="53.3221675" uid="1" id="13711728528" version="1" lon="-6.2437567" visible="true" /><node changeset="1" timestamp="2026-05-15T09:34:42Z" user="OSMnx" lat="53.3221858" uid="1" id="13711728530" version="1" lon="-6.2437722" visible="true" /><node changeset="1" timestamp="2026-05-15T09:34:42Z" user="OSMnx" lat="53.3226078" uid="1" id="13714475660" version="1" lon="-6.2441488" visible="true" /><node changeset="1" timestamp="2026-05-15T09:34:42Z" user="OSMnx" lat="53.3226321" uid="1" id="13714475662" version="1" lon="-6.2441708" visible="true" /><node changeset="1" timestamp="2026-05-15T09:34:42Z" user="OSMnx" lat="53.3223805" uid="1" id="13714475665" version="1" lon="-6.2439431" visible="true" /><node changeset="1" timestamp="2026-05-15T09:34:42Z" user="OSMnx" lat="53.3223498" uid="1" id="13714475667" version="1" lon="-6.2439153" visible="true" /><node changeset="1" timestamp="2026-05-15T09:34:42Z" user="OSMnx" lat="53.3223272" uid="1" id="13714475670" version="1" lon="-6.2438949" visible="true" /><node changeset="1" timestamp="2026-05-15T09:34:42Z" user="OSMnx" lat="53.3224964" uid="1" id="13714476625" version="1" lon="-6.244048" visible="true" /><node changeset="1" timestamp="2026-05-15T09:34:42Z" user="OSMnx" lat="53.3224438" uid="1" id="13714476627" version="1" lon="-6.2440004" visible="true" /><node changeset="1" timestamp="2026-05-15T09:34:42Z" user="OSMnx" lat="53.3225504" uid="1" id="13714531717" version="1" lon="-6.2440968" visible="true" /><node changeset="1" timestamp="2026-05-15T09:34:42Z" user="OSMnx" lat="53.3222712" uid="1" id="13714535203" version="1" lon="-6.2438914" visible="true"><tag k="highway" v="crossing" /></node><node changeset="1" timestamp="2026-05-15T09:34:42Z" user="OSMnx" lat="53.3221002" uid="1" id="13714535214" version="1" lon="-6.2436995" visible="true" /><node changeset="1" timestamp="2026-05-15T09:34:42Z" user="OSMnx" lat="53.3204398" uid="1" id="13718902863" version="1" lon="-6.2418261" visible="true" /><node changeset="1" timestamp="2026-05-15T09:34:42Z" user="OSMnx" lat="53.3205267" uid="1" id="13718902865" version="1" lon="-6.2416497" visible="true" /><node changeset="1" timestamp="2026-05-15T09:34:42Z" user="OSMnx" lat="53.3327459" uid="1" id="13724146579" version="1" lon="-6.2589011" visible="true" /><node changeset="1" timestamp="2026-05-15T09:34:42Z" user="OSMnx" lat="53.3327273" uid="1" id="13724146586" version="1" lon="-6.2584986" visible="true" /><node changeset="1" timestamp="2026-05-15T09:34:42Z" user="OSMnx" lat="53.3314884" uid="1" id="13727499466" version="1" lon="-6.256304" visible="true" /><node changeset="1" timestamp="2026-05-15T09:34:42Z" user="OSMnx" lat="53.3241087" uid="1" id="13763083980" version="1" lon="-6.2421036" visible="true" /><node changeset="1" timestamp="2026-05-15T09:34:42Z" user="OSMnx" lat="53.3241541" uid="1" id="13763083983" version="1" lon="-6.2420295" visible="true" /><node changeset="1" timestamp="2026-05-15T09:34:42Z" user="OSMnx" lat="53.3242098" uid="1" id="13763083989" version="1" lon="-6.2419317" visible="true" /><node changeset="1" timestamp="2026-05-15T09:34:42Z" user="OSMnx" lat="53.324404" uid="1" id="13763083990" version="1" lon="-6.2416168" visible="true" /><node changeset="1" timestamp="2026-05-15T09:34:42Z" user="OSMnx" lat="53.3243347" uid="1" id="13763083991" version="1" lon="-6.2417264" visible="true" /><node changeset="1" timestamp="2026-05-15T09:34:42Z" user="OSMnx" lat="53.3237552" uid="1" id="13763117123" version="1" lon="-6.2428536" visible="true" /><node changeset="1" timestamp="2026-05-15T09:34:42Z" user="OSMnx" lat="53.3238088" uid="1" id="13763117126" version="1" lon="-6.2427332" visible="true" /><node changeset="1" timestamp="2026-05-15T09:34:42Z" user="OSMnx" lat="53.3239346" uid="1" id="13763117133" version="1" lon="-6.2424546" visible="true" /><node changeset="1" timestamp="2026-05-15T09:34:42Z" user="OSMnx" lat="53.3238696" uid="1" id="13763126695" version="1" lon="-6.2425967" visible="true" /><node changeset="1" timestamp="2026-05-15T09:34:42Z" user="OSMnx" lat="53.3238462" uid="1" id="13763126697" version="1" lon="-6.2426491" visible="true" /><node changeset="1" timestamp="2026-05-15T09:34:42Z" user="OSMnx" lat="53.3239778" uid="1" id="13763130710" version="1" lon="-6.2423626" visible="true" /><node changeset="1" timestamp="2026-05-15T09:34:42Z" user="OSMnx" lat="53.3240152" uid="1" id="13763130716" version="1" lon="-6.2422832" visible="true" /><node changeset="1" timestamp="2026-05-15T09:34:42Z" user="OSMnx" lat="53.3243528" uid="1" id="13782475316" version="1" lon="-6.2416978" visible="true" /><node changeset="1" timestamp="2026-05-15T09:34:42Z" user="OSMnx" lat="53.324304" uid="1" id="13782475319" version="1" lon="-6.241776" visible="true" /><node changeset="1" timestamp="2026-05-15T09:34:42Z" user="OSMnx" lat="53.3242579" uid="1" id="13782475322" version="1" lon="-6.2418511" visible="true" /><node changeset="1" timestamp="2026-05-15T09:34:42Z" user="OSMnx" lat="53.3306652" uid="1" id="13785529046" version="1" lon="-6.2401381" visible="true" /><node changeset="1" timestamp="2026-05-15T09:34:42Z" user="OSMnx" lat="53.3287286" uid="1" id="13785557887" version="1" lon="-6.241667" visible="true" /><node changeset="1" timestamp="2026-05-15T09:34:42Z" user="OSMnx" lat="53.3261905" uid="1" id="13794020141" version="1" lon="-6.2427269" visible="true" /><node changeset="1" timestamp="2026-05-15T09:34:42Z" user="OSMnx" lat="53.3267354" uid="1" id="13794020146" version="1" lon="-6.2433974" visible="true"><tag k="highway" v="crossing" /></node><node changeset="1" timestamp="2026-05-15T09:34:42Z" user="OSMnx" lat="53.3264767" uid="1" id="13794052293" version="1" lon="-6.2440058" visible="true" /><node changeset="1" timestamp="2026-05-15T09:34:42Z" user="OSMnx" lat="53.3288112" uid="1" id="13796290424" version="1" lon="-6.2416406" visible="true" /><node changeset="1" timestamp="2026-05-15T09:34:42Z" user="OSMnx" lat="53.329674" uid="1" id="13796295740" version="1" lon="-6.2413652" visible="true" /><node changeset="1" timestamp="2026-05-15T09:34:42Z" user="OSMnx" lat="53.3297792" uid="1" id="13796295760" version="1" lon="-6.2413317" visible="true" /><node changeset="1" timestamp="2026-05-15T09:34:42Z" user="OSMnx" lat="53.3299997" uid="1" id="13796297500" version="1" lon="-6.2412615" visible="true" /><node changeset="1" timestamp="2026-05-15T09:34:42Z" user="OSMnx" lat="53.3298672" uid="1" id="13796305403" version="1" lon="-6.2413037" visible="true" /><node changeset="1" timestamp="2026-05-15T09:34:42Z" user="OSMnx" lat="53.3325186" uid="1" id="13799568404" version="1" lon="-6.2397843" visible="true" /><node changeset="1" timestamp="2026-05-15T09:34:42Z" user="OSMnx" lat="53.3325354" uid="1" id="13799568407" version="1" lon="-6.2399533" visible="true" /><node changeset="1" timestamp="2026-05-15T09:34:42Z" user="OSMnx" lat="53.3288229" uid="1" id="13801918677" version="1" lon="-6.2386723" visible="true" /><node changeset="1" timestamp="2026-05-15T09:34:42Z" user="OSMnx" lat="53.3291413" uid="1" id="13801945253" version="1" lon="-6.2375601" visible="true" /><node changeset="1" timestamp="2026-05-15T09:34:42Z" user="OSMnx" lat="53.3291772" uid="1" id="13801945256" version="1" lon="-6.2374262" visible="true" /><node changeset="1" timestamp="2026-05-15T09:34:42Z" user="OSMnx" lat="53.3288733" uid="1" id="13801945269" version="1" lon="-6.2384944" visible="true" /><node changeset="1" timestamp="2026-05-15T09:34:42Z" user="OSMnx" lat="53.3289338" uid="1" id="13801945271" version="1" lon="-6.2382757" visible="true" /><node changeset="1" timestamp="2026-05-15T09:34:42Z" user="OSMnx" lat="53.3292223" uid="1" id="13801948029" version="1" lon="-6.2372569" visible="true" /><node changeset="1" timestamp="2026-05-15T09:34:42Z" user="OSMnx" lat="53.3292907" uid="1" id="13801948032" version="1" lon="-6.2370104" visible="true" /><node changeset="1" timestamp="2026-05-15T09:34:42Z" user="OSMnx" lat="53.3298431" uid="1" id="13801948034" version="1" lon="-6.235073" visible="true" /><node changeset="1" timestamp="2026-05-15T09:34:42Z" user="OSMnx" lat="53.3298213" uid="1" id="13801948037" version="1" lon="-6.2351449" visible="true" /><node changeset="1" timestamp="2026-05-15T09:34:42Z" user="OSMnx" lat="53.3289798" uid="1" id="13801968813" version="1" lon="-6.2381168" visible="true" /><node changeset="1" timestamp="2026-05-15T09:34:42Z" user="OSMnx" lat="53.3290604" uid="1" id="13801968816" version="1" lon="-6.2378386" visible="true" /><node changeset="1" timestamp="2026-05-15T09:34:42Z" user="OSMnx" lat="53.3318875" uid="1" id="13802694169" version="1" lon="-6.2646296" visible="true" /><node changeset="1" timestamp="2026-05-15T09:34:42Z" user="OSMnx" lat="53.3319562" uid="1" id="13802694170" version="1" lon="-6.2645612" visible="true"><tag k="highway" v="traffic_signals" /></node><node changeset="1" timestamp="2026-05-15T09:34:42Z" user="OSMnx" lat="53.3319313" uid="1" id="13802694171" version="1" lon="-6.264586" visible="true"><tag k="highway" v="crossing" /></node><node changeset="1" timestamp="2026-05-15T09:34:42Z" user="OSMnx" lat="53.3320574" uid="1" id="13802694172" version="1" lon="-6.2644947" visible="true" /><node changeset="1" timestamp="2026-05-15T09:34:42Z" user="OSMnx" lat="53.3318708" uid="1" id="13802694173" version="1" lon="-6.2647147" visible="true" /><node changeset="1" timestamp="2026-05-15T09:34:42Z" user="OSMnx" lat="53.332005" uid="1" id="13802694174" version="1" lon="-6.2647426" visible="true" /><way changeset="1" id="2110728" uid="1" timestamp="2026-05-15T09:34:42Z" version="1" visible="true" user="OSMnx"><nd ref="130782425" /><nd ref="6395926039" /><nd ref="9100955" /><nd ref="686613612" /><nd ref="5347215732" /><nd ref="9971009196" /><nd ref="658464" /><tag k="ref" v="R138" /><tag k="maxspeed" v="30" /><tag k="highway" v="secondary" /><tag k="lanes" v="3" /><tag k="name" v="Leeson Street Lower" /><tag k="oneway" v="no" /></way><way changeset="1" id="2110756" uid="1" timestamp="2026-05-15T09:34:42Z" version="1" visible="true" user="OSMnx"><nd ref="389703" /><nd ref="12165570501" /><nd ref="2465416030" /><nd ref="6372471649" /><nd ref="317726060" /><nd ref="6372471671" /><nd ref="686611634" /><nd ref="658466" /><nd ref="10969295448" /><nd ref="3404167525" /><nd ref="686611632" /><nd ref="444579622" /><nd ref="9100860" /><nd ref="686611621" /><nd ref="12165565888" /><nd ref="5345902460" /><nd ref="9100861" /><tag k="ref" v="R138" /><tag k="maxspeed" v="50" /><tag k="highway" v="secondary" /><tag k="lanes" v="3" /><tag k="name" v="Leeson Street Upper" /><tag k="oneway" v="yes" /></way><way changeset="1" id="2110757" uid="1" timestamp="2026-05-15T09:34:42Z" version="1" visible="true" user="OSMnx"><nd ref="9100863" /><nd ref="2623599984" /><nd ref="2623599987" /><nd ref="2623599989" /><nd ref="5116069559" /><nd ref="444579646" /><tag k="ref" v="R138" /><tag k="maxspeed" v="50" /><tag k="highway" v="secondary" /><tag k="lanes" v="1" /><tag k="name" v="Leeson Street Upper" /><tag k="oneway" v="yes" /></way><way changeset="1" id="2294384" uid="1" timestamp="2026-05-15T09:34:42Z" version="1" visible="true" user="OSMnx"><nd ref="133399172" /><nd ref="9100957" /><nd ref="11472616472" /><nd ref="130246570" /><nd ref="130249448" /><nd ref="1998326291" /><nd ref="658464" /><tag k="ref" v="R138" /><tag k="maxspeed" v="30" /><tag k="highway" v="secondary" /><tag k="lanes" v="2" /><tag k="name" v="Pembroke Street Upper" /><tag k="oneway" v="yes" /></way><way changeset="1" id="2294449" uid="1" timestamp="2026-05-15T09:34:42Z" version="1" visible="true" user="OSMnx"><nd ref="9100863" /><nd ref="6395926038" /><nd ref="12165565881" /><nd ref="1998326263" /><nd ref="9100868" /><tag k="ref" v="R138" /><tag k="maxspeed" v="50" /><tag k="highway" v="secondary" /><tag k="lanes" v="3" /><tag k="name" v="Leeson Street Upper" /><tag k="oneway" v="yes" /></way><way changeset="1" id="2294450" uid="1" timestamp="2026-05-15T09:34:42Z" version="1" visible="true" user="OSMnx"><nd ref="9100869" /><nd ref="11107968442" /><nd ref="6088928433" /><nd ref="5872328243" /><nd ref="5303873952" /><nd ref="2461937034" /><tag k="maxspeed" v="30" /><tag k="highway" v="tertiary" /><tag k="lanes" v="2" /><tag k="name" v="Sussex Terrace" /><tag k="oneway" v="no" /></way><way changeset="1" id="2294451" uid="1" timestamp="2026-05-15T09:34:42Z" version="1" visible="true" user="OSMnx"><nd ref="9100868" /><nd ref="799719061" /><nd ref="12165565883" /><nd ref="12165565882" /><nd ref="5433932406" /><tag k="ref" v="R111" /><tag k="maxspeed" v="50" /><tag k="highway" v="secondary" /><tag k="lanes" v="3" /><tag k="name" v="Sussex Terrace" /><tag k="oneway" v="no" /></way><way changeset="1" id="4074526" uid="1" timestamp="2026-05-15T09:34:42Z" version="1" visible="true" user="OSMnx"><nd ref="21620584" /><nd ref="9101556" /><nd ref="2421354304" /><tag k="maxspeed" v="30" /><tag k="highway" v="tertiary" /><tag k="lanes" v="1" /><tag k="name" v="Harcourt Street" /><tag k="oneway" v="yes" /></way><way changeset="1" id="4078065" uid="1" timestamp="2026-05-15T09:34:42Z" version="1" visible="true" user="OSMnx"><nd ref="5966992449" /><nd ref="2875168330" /><nd ref="4403233714" /><nd ref="12862454983" /><nd ref="3044819961" /><nd ref="12862454982" /><nd ref="9971009193" /><nd ref="4836679335" /><tag k="ref" v="R811" /><tag k="maxspeed" v="30" /><tag k="highway" v="secondary" /><tag k="lanes" v="2" /><tag k="name" v="Hatch Street Upper" /><tag k="oneway" v="no" /></way><way changeset="1" id="4078067" uid="1" timestamp="2026-05-15T09:34:42Z" version="1" visible="true" user="OSMnx"><nd ref="4836679335" /><nd ref="9971009192" /><nd ref="12862454990" /><nd ref="12862454988" /><nd ref="12862454987" /><nd ref="12862454986" /><nd ref="12862454985" /><nd ref="3042292888" /><nd ref="12862454984" /><nd ref="11913165874" /><nd ref="130253622" /><nd ref="9102898133" /><nd ref="130253626" /><nd ref="130253621" /><tag k="maxspeed" v="30" /><tag k="highway" v="tertiary" /><tag k="lanes" v="2" /><tag k="name" v="Hatch Street Lower" /><tag k="oneway" v="no" /></way><way changeset="1" id="4215695" uid="1" timestamp="2026-05-15T09:34:42Z" version="1" visible="true" user="OSMnx"><nd ref="389701" /><nd ref="4379627650" /><nd ref="13461899836" /><nd ref="5116069560" /><nd ref="13461899835" /><nd ref="444579628" /><nd ref="3724987042" /><tag k="ref" v="R138" /><tag k="maxspeed" v="50" /><tag k="highway" v="secondary" /><tag k="lanes" v="3" /><tag k="name" v="Sussex Road" /><tag k="oneway" v="yes" /></way><way changeset="1" id="4287254" uid="1" timestamp="2026-05-15T09:34:42Z" version="1" visible="true" user="OSMnx"><nd ref="50881047" /><nd ref="538043842" /><nd ref="324380108" /><nd ref="8569950556" /><nd ref="5155938425" /><nd ref="5485503786" /><nd ref="324380103" /><nd ref="389710" /><tag k="ref" v="R138" /><tag k="maxspeed" v="50" /><tag k="highway" v="secondary" /><tag k="lanes" v="4" /><tag k="name" v="Main Street" /><tag k="oneway" v="no" /></way><way changeset="1" id="4287256" uid="1" timestamp="2026-05-15T09:34:42Z" version="1" visible="true" user="OSMnx"><nd ref="389706" /><nd ref="3723639130" /><tag k="ref" v="R138" /><tag k="maxspeed" v="50" /><tag k="highway" v="secondary" /><tag k="lanes" v="4" /><tag k="name" v="Morehampton Road" /><tag k="oneway" v="no" /></way><way changeset="1" id="4287285" uid="1" timestamp="2026-05-15T09:34:42Z" version="1" visible="true" user="OSMnx"><nd ref="666725" /><nd ref="11599466548" /><nd ref="4211638780" /><nd ref="2375609795" /><nd ref="60955845" /><nd ref="2375609797" /><nd ref="564965441" /><nd ref="8604189357" /><nd ref="5369422484" /><nd ref="65078354" /><nd ref="8604260595" /><nd ref="8604260597" /><nd ref="564965456" /><nd ref="2582451906" /><nd ref="4211592587" /><nd ref="8866482024" /><nd ref="666739" /><tag k="maxspeed" v="30" /><tag k="highway" v="residential" /><tag k="lanes" v="2" /><tag k="name" v="Cowper Road" /><tag k="oneway" v="no" /></way><way changeset="1" id="4287287" uid="1" timestamp="2026-05-15T09:34:42Z" version="1" visible="true" user="OSMnx"><nd ref="665856" /><nd ref="8390553560" /><nd ref="3725140791" /><tag k="maxspeed" v="50" /><tag k="highway" v="tertiary" /><tag k="lanes" v="2" /><tag k="name" v="Palmerston Road" /><tag k="oneway" v="no" /></way><way changeset="1" id="4287295" uid="1" timestamp="2026-05-15T09:34:42Z" version="1" visible="true" user="OSMnx"><nd ref="4897796309" /><nd ref="12108766523" /><nd ref="252311731" /><nd ref="3724987030" /><tag k="ref" v="R114" /><tag k="maxspeed" v="50" /><tag k="highway" v="secondary" /><tag k="lanes" v="3" /><tag k="name" v="Rathmines Road Lower" /><tag k="oneway" v="no" /></way><way changeset="1" id="4287348" uid="1" timestamp="2026-05-15T09:34:42Z" version="1" visible="true" user="OSMnx"><nd ref="9101069" /><nd ref="1998326269" /><nd ref="9101070" /><nd ref="10445469388" /><nd ref="277500288" /><tag k="ref" v="R811" /><tag k="maxspeed" v="50" /><tag k="highway" v="secondary" /><tag k="lanes" v="1" /><tag k="name" v="Adelaide Road" /><tag k="oneway" v="yes" /></way><way changeset="1" id="4287395" uid="1" timestamp="2026-05-15T09:34:42Z" version="1" visible="true" user="OSMnx"><nd ref="658463" /><nd ref="2401038592" /><nd ref="12530202297" /><nd ref="450711424" /><nd ref="13629501255" /><nd ref="922484441" /><nd ref="565578635" /><nd ref="658460" /><nd ref="565578637" /><nd ref="4689354119" /><nd ref="5434512915" /><nd ref="658458" /><nd ref="1426821215" /><tag k="maxspeed" v="50" /><tag k="highway" v="tertiary" /><tag k="lanes" v="2" /><tag k="name" v="Appian Way" /><tag k="oneway" v="no" /></way><way changeset="1" id="4315737" uid="1" timestamp="2026-05-15T09:34:42Z" version="1" visible="true" user="OSMnx"><nd ref="658432" /><nd ref="29400040" /><tag k="ref" v="R117" /><tag k="maxspeed" v="50" /><tag k="highway" v="secondary" /><tag k="lanes" v="3" /><tag k="name" v="Charlemont Bridge" /><tag k="oneway" v="no" /></way><way changeset="1" id="4475730" uid="1" timestamp="2026-05-15T09:34:42Z" version="1" visible="true" user="OSMnx"><nd ref="9923288447" /><nd ref="10261384448" /><nd ref="27434874" /><tag k="ref" v="L1239" /><tag k="maxspeed" v="30" /><tag k="highway" v="tertiary" /><tag k="lanes" v="2" /><tag k="name" v="Fitzwilliam Square South" /><tag k="oneway" v="no" /></way><way changeset="1" id="4628790" uid="1" timestamp="2026-05-15T09:34:42Z" version="1" visible="true" user="OSMnx"><nd ref="389685" /><nd ref="12198097416" /><nd ref="3311136961" /><tag k="ref" v="R114" /><tag k="maxspeed" v="30" /><tag k="highway" v="secondary" /><tag k="lanes" v="2" /><tag k="name" v="Charlotte Way" /><tag k="oneway" v="yes" /></way><way changeset="1" id="4628791" uid="1" timestamp="2026-05-15T09:34:42Z" version="1" visible="true" user="OSMnx"><nd ref="2383668122" /><nd ref="3041274689" /><nd ref="247702720" /><nd ref="6503455526" /><nd ref="6503455525" /><nd ref="247702715" /><nd ref="6503455527" /><nd ref="12198104723" /><nd ref="2776327485" /><nd ref="26164989" /><tag k="ref" v="R114" /><tag k="maxspeed" v="30" /><tag k="highway" v="secondary" /><tag k="lanes" v="2" /><tag k="name" v="Harcourt Street" /><tag k="oneway" v="yes" /></way><way changeset="1" id="4628792" uid="1" timestamp="2026-05-15T09:34:42Z" version="1" visible="true" user="OSMnx"><nd ref="133287045" /><nd ref="12287207209" /><nd ref="3893881531" /><nd ref="12287207208" /><nd ref="12108766525" /><nd ref="2421668775" /><nd ref="2995007504" /><nd ref="130157168" /><tag k="ref" v="R114" /><tag k="maxspeed" v="30" /><tag k="highway" v="secondary" /><tag k="lanes" v="4" /><tag k="name" v="Camden Street Lower" /><tag k="oneway" v="no" /></way><way changeset="1" id="4628793" uid="1" timestamp="2026-05-15T09:34:42Z" version="1" visible="true" user="OSMnx"><nd ref="13031174691" /><nd ref="340862535" /><tag k="ref" v="R114" /><tag k="maxspeed" v="30" /><tag k="highway" v="secondary" /><tag k="lanes" v="3" /><tag k="name" v="Camden Street Upper" /><tag k="oneway" v="yes" /></way><way changeset="1" id="4628794" uid="1" timestamp="2026-05-15T09:34:42Z" version="1" visible="true" user="OSMnx"><nd ref="9101161" /><nd ref="13724146579" /><nd ref="12342326563" /><nd ref="12342326509" /><nd ref="3044819950" /><nd ref="9101163" /><nd ref="2874229207" /><nd ref="12287207214" /><nd ref="1250409670" /><nd ref="247702713" /><nd ref="3546742575" /><tag k="ref" v="R811" /><tag k="maxspeed" v="50" /><tag k="highway" v="secondary" /><tag k="lanes" v="2" /><tag k="name" v="Adelaide Road" /><tag k="oneway" v="yes" /></way><way changeset="1" id="4628795" uid="1" timestamp="2026-05-15T09:34:42Z" version="1" visible="true" user="OSMnx"><nd ref="389681" /><nd ref="2421354278" /><nd ref="12862482996" /><nd ref="2776327470" /><tag k="ref" v="R811" /><tag k="maxspeed" v="30" /><tag k="highway" v="secondary" /><tag k="lanes" v="2" /><tag k="name" v="Harcourt Street" /><tag k="oneway" v="yes" /></way><way changeset="1" id="4628796" uid="1" timestamp="2026-05-15T09:34:42Z" version="1" visible="true" user="OSMnx"><nd ref="658428" /><nd ref="3042292884" /><nd ref="2614998017" /><nd ref="12862454981" /><nd ref="9971009194" /><nd ref="4836679335" /><tag k="ref" v="R840" /><tag k="maxspeed" v="30" /><tag k="highway" v="secondary" /><tag k="lanes" v="2" /><tag k="name" v="Earlsfort Terrace" /><tag k="oneway" v="yes" /></way><way changeset="1" id="4628797" uid="1" timestamp="2026-05-15T09:34:42Z" version="1" visible="true" user="OSMnx"><nd ref="2370573226" /><nd ref="12177557935" /><nd ref="5109926402" /><nd ref="389680" /><tag k="ref" v="R114" /><tag k="maxspeed" v="50" /><tag k="highway" v="secondary" /><tag k="lanes" v="3" /><tag k="name" v="Harcourt Road" /><tag k="oneway" v="yes" /></way><way changeset="1" id="4628799" uid="1" timestamp="2026-05-15T09:34:42Z" version="1" visible="true" user="OSMnx"><nd ref="11638206721" /><nd ref="11638206720" /><tag k="ref" v="R114" /><tag k="maxspeed" v="50" /><tag k="highway" v="secondary" /><tag k="lanes" v="3" /><tag k="bridge" v="yes" /><tag k="name" v="La Touche Bridge" /><tag k="oneway" v="no" /></way><way changeset="1" id="4629237" uid="1" timestamp="2026-05-15T09:34:42Z" version="1" visible="true" user="OSMnx"><nd ref="2370573191" /><nd ref="7015698998" /><tag k="ref" v="R117" /><tag k="maxspeed" v="50" /><tag k="highway" v="secondary" /><tag k="lanes" v="2" /><tag k="name" v="Charlemont Street" /><tag k="oneway" v="yes" /></way><way changeset="1" id="4629238" uid="1" timestamp="2026-05-15T09:34:42Z" version="1" visible="true" user="OSMnx"><nd ref="29400039" /><nd ref="3232427098" /><tag k="ref" v="R117" /><tag k="maxspeed" v="50" /><tag k="highway" v="secondary" /><tag k="lanes" v="3" /><tag k="bridge" v="yes" /><tag k="name" v="Charlemont Bridge" /><tag k="oneway" v="no" /></way><way changeset="1" id="4847328" uid="1" timestamp="2026-05-15T09:34:42Z" version="1" visible="true" user="OSMnx"><nd ref="11408762018" /><nd ref="8415574207" /><nd ref="32335694" /><tag k="ref" v="L1313" /><tag k="maxspeed" v="50" /><tag k="highway" v="tertiary" /><tag k="lanes" v="2" /><tag k="name" v="Fitzwilliam Place" /><tag k="oneway" v="no" /></way><way changeset="1" id="4926044" uid="1" timestamp="2026-05-15T09:34:42Z" version="1" visible="true" user="OSMnx"><nd ref="32335006" /><nd ref="582364827" /><nd ref="5167712497" /><nd ref="3814442115" /><nd ref="32335269" /><tag k="ref" v="R816" /><tag k="maxspeed" v="30" /><tag k="highway" v="secondary" /><tag k="lanes" v="1" /><tag k="name" v="Baggot Street Lower" /><tag k="oneway" v="yes" /></way><way changeset="1" id="4926119" uid="1" timestamp="2026-05-15T09:34:42Z" version="1" visible="true" user="OSMnx"><nd ref="2473982679" /><nd ref="12752970872" /><nd ref="2473982548" /><nd ref="2473982685" /><nd ref="13521326900" /><nd ref="13300595389" /><nd ref="4077343936" /><nd ref="130268861" /><nd ref="2473982643" /><nd ref="2473982538" /><nd ref="13300595393" /><nd ref="32335689" /><nd ref="11789771000" /><nd ref="11789771007" /><nd ref="13241277996" /><nd ref="2473982575" /><nd ref="2473982530" /><nd ref="2876012532" /><tag k="maxspeed" v="30" /><tag k="highway" v="unclassified" /><tag k="name" v="Wilton Place" /><tag k="oneway" v="no" /></way><way changeset="1" id="4926120" uid="1" timestamp="2026-05-15T09:34:42Z" version="1" visible="true" user="OSMnx"><nd ref="32335694" /><nd ref="10261384463" /><nd ref="6041611727" /><nd ref="32335779" /><nd ref="4077343915" /><nd ref="1345315819" /><tag k="maxspeed" v="30" /><tag k="highway" v="unclassified" /><tag k="name" v="Cumberland Road" /><tag k="oneway" v="no" /></way><way changeset="1" id="4926189" uid="1" timestamp="2026-05-15T09:34:42Z" version="1" visible="true" user="OSMnx"><nd ref="32335902" /><nd ref="32335903" /><nd ref="32335904" /><nd ref="6167117803" /><nd ref="32335905" /><nd ref="3810569075" /><nd ref="59702517" /><nd ref="4951768340" /><nd ref="29400040" /><tag k="ref" v="R111" /><tag k="maxspeed" v="50" /><tag k="highway" v="secondary" /><tag k="lanes" v="2" /><tag k="name" v="Grand Parade" /><tag k="oneway" v="no" /></way><way changeset="1" id="4926209" uid="1" timestamp="2026-05-15T09:34:42Z" version="1" visible="true" user="OSMnx"><nd ref="29400040" /><nd ref="4951768339" /><nd ref="32335992" /><tag k="ref" v="R111" /><tag k="maxspeed" v="50" /><tag k="highway" v="secondary" /><tag k="lanes" v="3" /><tag k="name" v="Canal Road" /><tag k="oneway" v="no" /></way><way changeset="1" id="4934444" uid="1" timestamp="2026-05-15T09:34:42Z" version="1" visible="true" user="OSMnx"><nd ref="32335290" /><nd ref="12569473387" /><nd ref="7465142083" /><nd ref="54840478" /><nd ref="461626137" /><nd ref="13013917422" /><nd ref="461626139" /><nd ref="1240273785" /><tag k="ref" v="R111" /><tag k="maxspeed" v="50" /><tag k="highway" v="secondary" /><tag k="lanes" v="2" /><tag k="name" v="Haddington Road" /><tag k="oneway" v="no" /></way><way changeset="1" id="4934501" uid="1" timestamp="2026-05-15T09:34:42Z" version="1" visible="true" user="OSMnx"><nd ref="11638206749" /><nd ref="11638206735" /><nd ref="262343018" /><nd ref="3066520361" /><tag k="ref" v="R111" /><tag k="maxspeed" v="50" /><tag k="highway" v="secondary" /><tag k="lanes" v="2" /><tag k="name" v="Grove Road" /><tag k="oneway" v="no" /></way><way changeset="1" id="4934590" uid="1" timestamp="2026-05-15T09:34:42Z" version="1" visible="true" user="OSMnx"><nd ref="32475145" /><nd ref="12165565879" /><nd ref="5433932403" /><tag k="ref" v="R138" /><tag k="maxspeed" v="50" /><tag k="highway" v="secondary" /><tag k="lanes" v="4" /><tag k="bridge" v="yes" /><tag k="name" v="Leeson Street Lower" /><tag k="oneway" v="no" /></way><way changeset="1" id="4934591" uid="1" timestamp="2026-05-15T09:34:42Z" version="1" visible="true" user="OSMnx"><nd ref="32475144" /><nd ref="10445469384" /><nd ref="389688" /><tag k="ref" v="R138" /><tag k="maxspeed" v="50" /><tag k="highway" v="secondary" /><tag k="lanes" v="4" /><tag k="name" v="Leeson Street Lower" /><tag k="oneway" v="no" /></way><way changeset="1" id="4934592" uid="1" timestamp="2026-05-15T09:34:42Z" version="1" visible="true" user="OSMnx"><nd ref="32335289" /><nd ref="32475146" /><tag k="ref" v="R816" /><tag k="maxspeed" v="30" /><tag k="highway" v="secondary" /><tag k="lanes" v="3" /><tag k="bridge" v="yes" /><tag k="name" v="Baggot Street Lower" /><tag k="oneway" v="no" /></way><way changeset="1" id="4934593" uid="1" timestamp="2026-05-15T09:34:42Z" version="1" visible="true" user="OSMnx"><nd ref="32475146" /><nd ref="32335290" /><tag k="ref" v="R816" /><tag k="maxspeed" v="30" /><tag k="highway" v="secondary" /><tag k="lanes" v="3" /><tag k="name" v="Baggot Street Lower" /><tag k="oneway" v="no" /></way><way changeset="1" id="5577560" uid="1" timestamp="2026-05-15T09:34:42Z" version="1" visible="true" user="OSMnx"><nd ref="2403995925" /><nd ref="3586229247" /><nd ref="3586229255" /><nd ref="3586229244" /><tag k="ref" v="R820" /><tag k="maxspeed" v="50" /><tag k="highway" v="secondary" /><tag k="lanes" v="2" /><tag k="name" v="Rathmines Road Upper" /><tag k="oneway" v="yes" /></way><way changeset="1" id="5726207" uid="1" timestamp="2026-05-15T09:34:42Z" version="1" visible="true" user="OSMnx"><nd ref="665777" /><nd ref="12871478512" /><tag k="ref" v="R825" /><tag k="maxspeed" v="50" /><tag k="highway" v="secondary" /><tag k="lanes" v="2" /><tag k="name" v="Clonskeagh Road" /><tag k="oneway" v="no" /></way><way changeset="1" id="5726508" uid="1" timestamp="2026-05-15T09:34:42Z" version="1" visible="true" user="OSMnx"><nd ref="665777" /><nd ref="12264668068" /><nd ref="5247319190" /><nd ref="12264668084" /><nd ref="12264668070" /><nd ref="2473982582" /><nd ref="2473982646" /><tag k="ref" v="R117" /><tag k="maxspeed" v="50" /><tag k="highway" v="secondary" /><tag k="lanes" v="2" /><tag k="name" v="Milltown Road" /><tag k="oneway" v="no" /></way><way changeset="1" id="5745433" uid="1" timestamp="2026-05-15T09:34:42Z" version="1" visible="true" user="OSMnx"><nd ref="43551305" /><nd ref="43551310" /><nd ref="8604189618" /><nd ref="8604189605" /><nd ref="8604189661" /><nd ref="11837841571" /><nd ref="666740" /><tag k="maxspeed" v="30" /><tag k="highway" v="residential" /><tag k="lanes" v="2" /><tag k="name" v="Temple Gardens" /><tag k="oneway" v="no" /></way><way changeset="1" id="5745507" uid="1" timestamp="2026-05-15T09:34:42Z" version="1" visible="true" user="OSMnx"><nd ref="665777" /><nd ref="12264668085" /><nd ref="2473982629" /><nd ref="12264668069" /><nd ref="43326173" /><nd ref="565672558" /><tag k="ref" v="R824" /><tag k="maxspeed" v="50" /><tag k="highway" v="secondary" /><tag k="lanes" v="2" /><tag k="name" v="Eglinton Road" /><tag k="oneway" v="no" /></way><way changeset="1" id="5745509" uid="1" timestamp="2026-05-15T09:34:42Z" version="1" visible="true" user="OSMnx"><nd ref="313713115" /><nd ref="43326227" /><tag k="maxspeed" v="30" /><tag k="highway" v="unclassified" /><tag k="lanes" v="1" /><tag k="name" v="Brookvale Road" /><tag k="oneway" v="yes" /></way><way changeset="1" id="5825195" uid="1" timestamp="2026-05-15T09:34:42Z" version="1" visible="true" user="OSMnx"><nd ref="658443" /><nd ref="564133509" /><nd ref="11838810071" /><nd ref="12286983936" /><nd ref="658444" /><nd ref="12286983935" /><nd ref="665809" /><nd ref="12286983933" /><nd ref="564118850" /><nd ref="564502659" /><nd ref="450657663" /><tag k="ref" v="R117" /><tag k="maxspeed" v="50" /><tag k="highway" v="secondary" /><tag k="lanes" v="2" /><tag k="name" v="Ranelagh" /><tag k="oneway" v="no" /></way><way changeset="1" id="5856249" uid="1" timestamp="2026-05-15T09:34:42Z" version="1" visible="true" user="OSMnx"><nd ref="389711" /><nd ref="12165570519" /><nd ref="5476989740" /><nd ref="12165570520" /><nd ref="324380070" /><tag k="ref" v="R138" /><tag k="maxspeed" v="50" /><tag k="highway" v="secondary" /><tag k="lanes" v="4" /><tag k="name" v="Donnybrook Road" /><tag k="oneway" v="no" /></way><way changeset="1" id="5976025" uid="1" timestamp="2026-05-15T09:34:42Z" version="1" visible="true" user="OSMnx"><nd ref="130253642" /><nd ref="13802694173" /><nd ref="13802694174" /><nd ref="8013969187" /><tag k="ref" v="R114" /><tag k="maxspeed" v="50" /><tag k="highway" v="secondary" /><tag k="lanes" v="2" /><tag k="name" v="Richmond Street South" /><tag k="oneway" v="yes" /></way><way changeset="1" id="5976027" uid="1" timestamp="2026-05-15T09:34:42Z" version="1" visible="true" user="OSMnx"><nd ref="49245967" /><nd ref="9921387548" /><nd ref="130253640" /><nd ref="130253641" /><nd ref="13802694172" /><nd ref="2370573197" /><nd ref="13802694170" /><nd ref="13802694171" /><nd ref="13802694169" /><tag k="ref" v="R114" /><tag k="maxspeed" v="50" /><tag k="highway" v="secondary" /><tag k="lanes" v="1" /><tag k="name" v="Richmond Street South" /><tag k="oneway" v="yes" /></way><way changeset="1" id="6145832" uid="1" timestamp="2026-05-15T09:34:42Z" version="1" visible="true" user="OSMnx"><nd ref="50881047" /><nd ref="10264714099" /><nd ref="11772359930" /><nd ref="5167802434" /><nd ref="5485561303" /><nd ref="5167802437" /><nd ref="50881063" /><nd ref="11776377920" /><nd ref="5485561298" /><nd ref="50881066" /><nd ref="466179733" /><nd ref="5167802454" /><nd ref="465505034" /><nd ref="8724313115" /><nd ref="8724359217" /><nd ref="8724359219" /><nd ref="8724359221" /><nd ref="8724384884" /><nd ref="8724384882" /><nd ref="8724384880" /><nd ref="5167802438" /><nd ref="3756259173" /><tag k="maxspeed" v="30" /><tag k="highway" v="tertiary" /><tag k="lanes" v="2" /><tag k="name" v="Belmont Avenue" /><tag k="oneway" v="no" /></way><way changeset="1" id="6145835" uid="1" timestamp="2026-05-15T09:34:42Z" version="1" visible="true" user="OSMnx"><nd ref="389708" /><nd ref="8586085417" /><nd ref="12066345900" /><nd ref="2465416159" /><nd ref="9631320527" /><nd ref="9631320528" /><nd ref="9631320529" /><nd ref="11599466558" /><nd ref="324343695" /><nd ref="9631320530" /><nd ref="1426821213" /><nd ref="4906768916" /><nd ref="4906768917" /><nd ref="201994090" /><tag k="maxspeed" v="50" /><tag k="highway" v="tertiary" /><tag k="lanes" v="2" /><tag k="name" v="Herbert Park" /><tag k="oneway" v="no" /></way><way changeset="1" id="6145837" uid="1" timestamp="2026-05-15T09:34:42Z" version="1" visible="true" user="OSMnx"><nd ref="665794" /><nd ref="8303276379" /><nd ref="8376389469" /><nd ref="3731553138" /><nd ref="2617479230" /><nd ref="12871547924" /><nd ref="6394058388" /><nd ref="665866" /><nd ref="6395926036" /><nd ref="5440663761" /><nd ref="564502838" /><nd ref="3724596685" /><tag k="maxspeed" v="50" /><tag k="highway" v="tertiary" /><tag k="lanes" v="2" /><tag k="name" v="Chelmsford Road" /><tag k="oneway" v="no" /></way><way changeset="1" id="6146001" uid="1" timestamp="2026-05-15T09:34:42Z" version="1" visible="true" user="OSMnx"><nd ref="56570286" /><nd ref="75666579" /><nd ref="1638709165" /><nd ref="932266186" /><nd ref="75666630" /><nd ref="657358" /><nd ref="1575698484" /><nd ref="1638709161" /><nd ref="5393962138" /><nd ref="5393962137" /><nd ref="5393962160" /><nd ref="373358304" /><tag k="maxspeed" v="50" /><tag k="highway" v="tertiary" /><tag k="lanes" v="2" /><tag k="name" v="Castlewood Avenue" /><tag k="oneway" v="no" /></way><way changeset="1" id="6167535" uid="1" timestamp="2026-05-15T09:34:42Z" version="1" visible="true" user="OSMnx"><nd ref="657360" /><nd ref="1575698474" /><nd ref="1638709158" /><nd ref="5245064864" /><nd ref="2371748438" /><nd ref="56570286" /><tag k="maxspeed" v="50" /><tag k="highway" v="tertiary" /><tag k="lanes" v="2" /><tag k="name" v="Belgrave Square North" /><tag k="oneway" v="no" /></way><way changeset="1" id="6653000" uid="1" timestamp="2026-05-15T09:34:42Z" version="1" visible="true" user="OSMnx"><nd ref="32335995" /><nd ref="4897796301" /><nd ref="53457974" /><nd ref="344666513" /><nd ref="564323268" /><nd ref="564323269" /><nd ref="2764492276" /><nd ref="53457971" /><nd ref="228644154" /><nd ref="2764492274" /><nd ref="564323271" /><nd ref="11599466554" /><nd ref="564399655" /><nd ref="366910023" /><tag k="maxspeed" v="30" /><tag k="highway" v="tertiary" /><tag k="lanes" v="1" /><tag k="name" v="Mountpleasant Avenue Lower" /><tag k="oneway" v="no" /></way><way changeset="1" id="7410342" uid="1" timestamp="2026-05-15T09:34:42Z" version="1" visible="true" user="OSMnx"><nd ref="54829923" /><nd ref="2403995921" /><nd ref="54829927" /><nd ref="54829928" /><nd ref="8552255052" /><nd ref="54829933" /><nd ref="54829935" /><nd ref="54829937" /><nd ref="54829907" /><tag k="maxspeed" v="30" /><tag k="highway" v="residential" /><tag k="name" v="Cambridge Villas" /><tag k="oneway" v="yes" /></way><way changeset="1" id="7410344" uid="1" timestamp="2026-05-15T09:34:42Z" version="1" visible="true" user="OSMnx"><nd ref="665856" /><nd ref="8390553631" /><nd ref="560602933" /><nd ref="54829923" /><tag k="maxspeed" v="30" /><tag k="highway" v="residential" /><tag k="lanes" v="2" /><tag k="name" v="Belgrave Road" /><tag k="oneway" v="no" /></way><way changeset="1" id="7410346" uid="1" timestamp="2026-05-15T09:34:42Z" version="1" visible="true" user="OSMnx"><nd ref="54829947" /><nd ref="373358298" /><nd ref="8633429859" /><nd ref="75666706" /><nd ref="75666703" /><nd ref="10830539867" /><nd ref="75666630" /><tag k="maxspeed" v="30" /><tag k="highway" v="residential" /><tag k="lanes" v="1" /><tag k="name" v="Castlewood Park" /><tag k="oneway" v="yes" /></way><way changeset="1" id="7411984" uid="1" timestamp="2026-05-15T09:34:42Z" version="1" visible="true" user="OSMnx"><nd ref="666355" /><nd ref="5245029554" /><nd ref="4366818295" /><nd ref="228644165" /><nd ref="666336" /><nd ref="228644199" /><nd ref="563887702" /><nd ref="666335" /><nd ref="228644201" /><nd ref="3733126226" /><nd ref="563884238" /><nd ref="3733126217" /><nd ref="666334" /><nd ref="228644206" /><nd ref="563884218" /><nd ref="8390553273" /><nd ref="4010014238" /><nd ref="666333" /><tag k="maxspeed" v="30" /><tag k="highway" v="residential" /><tag k="lanes" v="1" /><tag k="name" v="Beechwood Avenue Lower" /><tag k="oneway" v="yes" /></way><way changeset="1" id="7415907" uid="1" timestamp="2026-05-15T09:34:42Z" version="1" visible="true" user="OSMnx"><nd ref="13013917422" /><nd ref="54840480" /><nd ref="13013917423" /><nd ref="54840482" /><nd ref="13013917424" /><nd ref="54840484" /><nd ref="54840487" /><tag k="maxspeed" v="30" /><tag k="highway" v="residential" /><tag k="lanes" v="2" /><tag k="name" v="Percy Place" /><tag k="oneway" v="no" /></way><way changeset="1" id="7418581" uid="1" timestamp="2026-05-15T09:34:42Z" version="1" visible="true" user="OSMnx"><nd ref="473415970" /><nd ref="8740712533" /><nd ref="8740712543" /><nd ref="13505127097" /><nd ref="13523589418" /><nd ref="5245011926" /><nd ref="450659125" /><nd ref="8740712516" /><nd ref="8740712492" /><nd ref="2430413262" /><nd ref="12519320704" /><nd ref="4633673189" /><nd ref="2430413211" /><nd ref="8376389468" /><nd ref="54845154" /><tag k="maxspeed" v="30" /><tag k="highway" v="residential" /><tag k="lanes" v="1" /><tag k="name" v="Sallymount Avenue" /><tag k="oneway" v="no" /></way><way changeset="1" id="7428201" uid="1" timestamp="2026-05-15T09:34:42Z" version="1" visible="true" user="OSMnx"><nd ref="54859709" /><nd ref="564162097" /><nd ref="7678736969" /><nd ref="564162098" /><nd ref="54859711" /><nd ref="54859712" /><tag k="maxspeed" v="30" /><tag k="highway" v="residential" /><tag k="lanes" v="1" /><tag k="name" v="Garville Road" /><tag k="oneway" v="no" /></way><way changeset="1" id="7759457" uid="1" timestamp="2026-05-15T09:34:42Z" version="1" visible="true" user="OSMnx"><nd ref="665849" /><nd ref="56570271" /><nd ref="56570274" /><tag k="maxspeed" v="30" /><tag k="highway" v="residential" /><tag k="lanes" v="1" /><tag k="name" v="Belgrave Square South" /><tag k="oneway" v="no" /></way><way changeset="1" id="7759460" uid="1" timestamp="2026-05-15T09:34:42Z" version="1" visible="true" user="OSMnx"><nd ref="56570274" /><nd ref="9588688399" /><nd ref="56570281" /><nd ref="56570284" /><nd ref="5245064877" /><nd ref="2371748435" /><nd ref="2371748438" /><tag k="maxspeed" v="30" /><tag k="highway" v="residential" /><tag k="lanes" v="1" /><tag k="name" v="Belgrave Square West" /><tag k="oneway" v="no" /></way><way changeset="1" id="7759463" uid="1" timestamp="2026-05-15T09:34:42Z" version="1" visible="true" user="OSMnx"><nd ref="657360" /><nd ref="11599466552" /><nd ref="559828183" /><nd ref="11599466553" /><nd ref="559828184" /><nd ref="665849" /><tag k="maxspeed" v="50" /><tag k="highway" v="tertiary" /><tag k="lanes" v="2" /><tag k="name" v="Belgrave Square East" /><tag k="oneway" v="no" /></way><way changeset="1" id="7919275" uid="1" timestamp="2026-05-15T09:34:42Z" version="1" visible="true" user="OSMnx"><nd ref="58675538" /><nd ref="4222297183" /><nd ref="473210181" /><nd ref="2587403731" /><nd ref="2587403732" /><nd ref="2587403733" /><nd ref="58675528" /><nd ref="473210182" /><nd ref="2587403734" /><nd ref="2587403735" /><nd ref="2587403736" /><nd ref="58675530" /><tag k="maxspeed" v="30" /><tag k="highway" v="tertiary" /><tag k="lanes" v="1" /><tag k="junction" v="roundabout" /><tag k="name" v="Dartmouth Road" /><tag k="oneway" v="yes" /></way><way changeset="1" id="7919276" uid="1" timestamp="2026-05-15T09:34:42Z" version="1" visible="true" user="OSMnx"><nd ref="58675492" /><nd ref="2766848598" /><nd ref="13461878198" /><nd ref="2985466265" /><nd ref="58675488" /><nd ref="614407067" /><nd ref="564503127" /><nd ref="450711419" /><nd ref="13480009403" /><nd ref="13480009401" /><nd ref="13478560280" /><nd ref="564503124" /><nd ref="13478560261" /><nd ref="13478560263" /><nd ref="13478551548" /><nd ref="2988758785" /><nd ref="13478551546" /><nd ref="13480009410" /><nd ref="12525167832" /><nd ref="13468928262" /><nd ref="13468955450" /><nd ref="13468955448" /><nd ref="13468955439" /><nd ref="13468955437" /><nd ref="5434529717" /><nd ref="13468955435" /><nd ref="658463" /><tag k="maxspeed" v="30" /><tag k="highway" v="residential" /><tag k="lanes" v="2" /><tag k="name" v="Leeson Park" /><tag k="oneway" v="no" /></way><way changeset="1" id="7919278" uid="1" timestamp="2026-05-15T09:34:42Z" version="1" visible="true" user="OSMnx"><nd ref="58675544" /><nd ref="1250706385" /><nd ref="58675543" /><tag k="maxspeed" v="30" /><tag k="highway" v="residential" /><tag k="lanes" v="1" /><tag k="name" v="Dartmouth Square North" /><tag k="oneway" v="yes" /></way><way changeset="1" id="7919280" uid="1" timestamp="2026-05-15T09:34:42Z" version="1" visible="true" user="OSMnx"><nd ref="59687466" /><nd ref="4936898541" /><nd ref="6177182948" /><nd ref="58675543" /><tag k="maxspeed" v="30" /><tag k="highway" v="residential" /><tag k="lanes" v="2" /><tag k="name" v="Dartmouth Square East" /><tag k="oneway" v="no" /></way><way changeset="1" id="7919282" uid="1" timestamp="2026-05-15T09:34:42Z" version="1" visible="true" user="OSMnx"><nd ref="58675530" /><nd ref="1250706375" /><nd ref="58675524" /><tag k="maxspeed" v="30" /><tag k="highway" v="tertiary" /><tag k="lanes" v="2" /><tag k="name" v="Dartmouth Square South" /><tag k="oneway" v="no" /></way><way changeset="1" id="7919283" uid="1" timestamp="2026-05-15T09:34:42Z" version="1" visible="true" user="OSMnx"><nd ref="58675528" /><nd ref="8287924199" /><nd ref="1250706374" /><nd ref="58675544" /><tag k="maxspeed" v="30" /><tag k="highway" v="residential" /><tag k="lanes" v="1" /><tag k="name" v="Dartmouth Square West" /><tag k="oneway" v="yes" /></way><way changeset="1" id="7919284" uid="1" timestamp="2026-05-15T09:34:42Z" version="1" visible="true" user="OSMnx"><nd ref="58675496" /><nd ref="2764492273" /><nd ref="10688470795" /><nd ref="564503038" /><nd ref="59687462" /><nd ref="564503069" /><nd ref="564824161" /><nd ref="58675520" /><nd ref="12572478609" /><nd ref="564503072" /><nd ref="2988063318" /><nd ref="2989572394" /><nd ref="3071906715" /><nd ref="59687468" /><nd ref="58675488" /><tag k="maxspeed" v="30" /><tag k="highway" v="residential" /><tag k="lanes" v="2" /><tag k="name" v="Northbrook Road" /><tag k="oneway" v="no" /></way><way changeset="1" id="7919285" uid="1" timestamp="2026-05-15T09:34:42Z" version="1" visible="true" user="OSMnx"><nd ref="58675524" /><nd ref="11645407319" /><nd ref="11645407317" /><nd ref="11645407324" /><nd ref="11645407327" /><nd ref="58675492" /><tag k="maxspeed" v="30" /><tag k="highway" v="tertiary" /><tag k="lanes" v="2" /><tag k="name" v="Dartmouth Road" /><tag k="oneway" v="no" /></way><way changeset="1" id="7919286" uid="1" timestamp="2026-05-15T09:34:42Z" version="1" visible="true" user="OSMnx"><nd ref="58675532" /><nd ref="12572478608" /><nd ref="59687472" /><nd ref="12572478609" /><tag k="maxspeed" v="30" /><tag k="highway" v="residential" /><tag k="lanes" v="2" /><tag k="name" v="Cambridge Terrace" /><tag k="oneway" v="no" /></way><way changeset="1" id="7919287" uid="1" timestamp="2026-05-15T09:34:42Z" version="1" visible="true" user="OSMnx"><nd ref="658435" /><nd ref="2766848596" /><nd ref="5272691741" /><nd ref="59687461" /><nd ref="2766848597" /><nd ref="1279596213" /><nd ref="6167117806" /><nd ref="5345902437" /><nd ref="58675538" /><tag k="maxspeed" v="30" /><tag k="highway" v="tertiary" /><tag k="lanes" v="2" /><tag k="name" v="Dartmouth Road" /><tag k="oneway" v="no" /></way><way changeset="1" id="7977023" uid="1" timestamp="2026-05-15T09:34:42Z" version="1" visible="true" user="OSMnx"><nd ref="59687461" /><nd ref="5272691742" /><nd ref="4222394790" /><nd ref="5467311867" /><nd ref="4897386656" /><nd ref="59687462" /><tag k="maxspeed" v="30" /><tag k="highway" v="residential" /><tag k="lanes" v="1" /><tag k="name" v="Dartmouth Terrace" /><tag k="oneway" v="no" /></way><way changeset="1" id="7977077" uid="1" timestamp="2026-05-15T09:34:42Z" version="1" visible="true" user="OSMnx"><nd ref="3126965060" /><nd ref="11750966508" /><nd ref="2764492254" /><nd ref="2764492256" /><tag k="maxspeed" v="30" /><tag k="highway" v="residential" /><tag k="lanes" v="1" /><tag k="name" v="Mountpleasant Place" /><tag k="oneway" v="yes" /></way><way changeset="1" id="7977078" uid="1" timestamp="2026-05-15T09:34:42Z" version="1" visible="true" user="OSMnx"><nd ref="59694679" /><nd ref="568804278" /><nd ref="565054903" /><nd ref="368409012" /><tag k="maxspeed" v="30" /><tag k="highway" v="residential" /><tag k="lanes" v="1" /><tag k="name" v="Oxford Road" /><tag k="oneway" v="no" /></way><way changeset="1" id="7977647" uid="1" timestamp="2026-05-15T09:34:42Z" version="1" visible="true" user="OSMnx"><nd ref="582364829" /><nd ref="32335006" /><tag k="ref" v="L1594" /><tag k="maxspeed" v="30" /><tag k="highway" v="tertiary" /><tag k="lanes" v="2" /><tag k="name" v="Herbert Place" /><tag k="oneway" v="no" /></way><way changeset="1" id="7988516" uid="1" timestamp="2026-05-15T09:34:42Z" version="1" visible="true" user="OSMnx"><nd ref="60790654" /><nd ref="8390553686" /><nd ref="666337" /><nd ref="666333" /><tag k="maxspeed" v="30" /><tag k="highway" v="tertiary" /><tag k="lanes" v="2" /><tag k="name" v="Beechwood Road" /><tag k="oneway" v="no" /></way><way changeset="1" id="7988564" uid="1" timestamp="2026-05-15T09:34:42Z" version="1" visible="true" user="OSMnx"><nd ref="1426821214" /><nd ref="5497801962" /><nd ref="12165570505" /><nd ref="12165570504" /><nd ref="658457" /><nd ref="1623861436" /><nd ref="1623861472" /><nd ref="5167763825" /><nd ref="282422518" /><nd ref="9732065934" /><nd ref="8669542127" /><nd ref="13462905334" /><nd ref="8669542145" /><nd ref="444579611" /><nd ref="8669542143" /><nd ref="8669542124" /><nd ref="8669542141" /><nd ref="5167763824" /><nd ref="8669542130" /><nd ref="8669542137" /><nd ref="8669542132" /><nd ref="8669542135" /><nd ref="8669542147" /><nd ref="444579610" /><nd ref="8669542151" /><nd ref="5167763823" /><nd ref="8669542154" /><nd ref="1589614776" /><nd ref="8665899670" /><nd ref="8665851983" /><nd ref="8665899674" /><nd ref="1589614789" /><nd ref="8665851985" /><nd ref="8665899678" /><nd ref="8665851987" /><nd ref="12177699347" /><nd ref="444579614" /><nd ref="12177699346" /><nd ref="254510279" /><tag k="maxspeed" v="30" /><tag k="highway" v="tertiary" /><tag k="lanes" v="3" /><tag k="name" v="Waterloo Road" /><tag k="oneway" v="no" /></way><way changeset="1" id="7996296" uid="1" timestamp="2026-05-15T09:34:42Z" version="1" visible="true" user="OSMnx"><nd ref="665849" /><nd ref="563895143" /><tag k="maxspeed" v="50" /><tag k="highway" v="tertiary" /><tag k="lanes" v="2" /><tag k="name" v="Belgrave Avenue" /><tag k="oneway" v="no" /></way><way changeset="1" id="8023824" uid="1" timestamp="2026-05-15T09:34:42Z" version="1" visible="true" user="OSMnx"><nd ref="389679" /><nd ref="4933985149" /><nd ref="2403995916" /><nd ref="12552029780" /><nd ref="2403995917" /><nd ref="564323049" /><nd ref="2984127867" /><nd ref="3071935400" /><nd ref="2984127866" /><nd ref="8685983549" /><nd ref="59979737" /><tag k="maxspeed" v="30" /><tag k="highway" v="residential" /><tag k="lanes" v="2" /><tag k="name" v="Richmond Hill" /><tag k="oneway" v="no" /></way><way changeset="1" id="8111020" uid="1" timestamp="2026-05-15T09:34:42Z" version="1" visible="true" user="OSMnx"><nd ref="666337" /><nd ref="2617479193" /><nd ref="8390553682" /><nd ref="563884223" /><tag k="maxspeed" v="30" /><tag k="highway" v="residential" /><tag k="lanes" v="2" /><tag k="name" v="Ashfield Road" /><tag k="oneway" v="no" /></way><way changeset="1" id="8111021" uid="1" timestamp="2026-05-15T09:34:42Z" version="1" visible="true" user="OSMnx"><nd ref="60790654" /><nd ref="259594857" /><nd ref="60790655" /><nd ref="259594860" /><nd ref="1927735766" /><nd ref="259594859" /><tag k="maxspeed" v="30" /><tag k="highway" v="residential" /><tag k="lanes" v="1" /><tag k="name" v="Mountain View Road" /><tag k="oneway" v="no" /></way><way changeset="1" id="8111022" uid="1" timestamp="2026-05-15T09:34:42Z" version="1" visible="true" user="OSMnx"><nd ref="60790655" /><nd ref="8390553685" /><nd ref="3733330348" /><nd ref="3733330349" /><nd ref="3733330350" /><nd ref="60790656" /><nd ref="3733330351" /><nd ref="3733330352" /><nd ref="260032897" /><nd ref="3733330353" /><nd ref="3733330356" /><nd ref="3733330358" /><nd ref="3733330357" /><nd ref="3733330355" /><nd ref="3733330354" /><nd ref="9631320520" /><tag k="maxspeed" v="30" /><tag k="highway" v="residential" /><tag k="name" v="Cullenswood Gardens" /><tag k="oneway" v="no" /></way><way changeset="1" id="8111025" uid="1" timestamp="2026-05-15T09:34:42Z" version="1" visible="true" user="OSMnx"><nd ref="32335290" /><nd ref="4463711429" /><nd ref="1589634473" /><nd ref="32335401" /><nd ref="1589634472" /><nd ref="32335402" /><nd ref="13199990637" /><nd ref="13199990636" /><nd ref="32335403" /><tag k="ref" v="R816" /><tag k="maxspeed" v="50" /><tag k="highway" v="secondary" /><tag k="lanes" v="4" /><tag k="name" v="Baggot Street Upper" /><tag k="oneway" v="no" /></way><way changeset="1" id="8111191" uid="1" timestamp="2026-05-15T09:34:42Z" version="1" visible="true" user="OSMnx"><nd ref="666333" /><nd ref="564133491" /><tag k="maxspeed" v="30" /><tag k="highway" v="tertiary" /><tag k="lanes" v="2" /><tag k="name" v="Dunville Avenue" /><tag k="oneway" v="no" /></way><way changeset="1" id="8111193" uid="1" timestamp="2026-05-15T09:34:42Z" version="1" visible="true" user="OSMnx"><nd ref="12177679235" /><nd ref="8376389490" /><nd ref="3733330420" /><nd ref="11599466556" /><nd ref="13705050607" /><nd ref="2617479198" /><nd ref="60793453" /><nd ref="3733330410" /><nd ref="260032899" /><nd ref="2617479194" /><nd ref="60790654" /><tag k="maxspeed" v="30" /><tag k="highway" v="residential" /><tag k="name" v="Anna Villa" /><tag k="oneway" v="yes" /></way><way changeset="1" id="8166824" uid="1" timestamp="2026-05-15T09:34:42Z" version="1" visible="true" user="OSMnx"><nd ref="58675544" /><nd ref="4936898542" /><nd ref="59687464" /><tag k="maxspeed" v="30" /><tag k="highway" v="residential" /><tag k="lanes" v="2" /><tag k="name" v="Dartmouth Square West" /><tag k="oneway" v="no" /></way><way changeset="1" id="8384431" uid="1" timestamp="2026-05-15T09:34:42Z" version="1" visible="true" user="OSMnx"><nd ref="26166036" /><nd ref="4854172410" /><nd ref="4853907725" /><nd ref="4616094654" /><nd ref="6654648241" /><nd ref="32475585" /><tag k="maxspeed" v="30" /><tag k="highway" v="residential" /><tag k="lanes" v="2" /><tag k="name" v="Synge Street" /><tag k="oneway" v="no" /></way><way changeset="1" id="8568389" uid="1" timestamp="2026-05-15T09:34:42Z" version="1" visible="true" user="OSMnx"><nd ref="59687461" /><nd ref="4897386630" /><nd ref="5345889958" /><nd ref="5345889966" /><nd ref="59702513" /><nd ref="3821966538" /><nd ref="59702515" /><nd ref="4265843783" /><nd ref="59702517" /><tag k="maxspeed" v="30" /><tag k="highway" v="residential" /><tag k="lanes" v="1" /><tag k="name" v="Dartmouth Place" /><tag k="oneway" v="no" /></way><way changeset="1" id="8589648" uid="1" timestamp="2026-05-15T09:34:42Z" version="1" visible="true" user="OSMnx"><nd ref="60955836" /><nd ref="6412468109" /><nd ref="6412468108" /><nd ref="6412468110" /><tag k="maxspeed" v="30" /><tag k="highway" v="residential" /><tag k="lanes" v="1" /><tag k="name" v="Templemore Avenue" /><tag k="oneway" v="no" /></way><way changeset="1" id="8589676" uid="1" timestamp="2026-05-15T09:34:42Z" version="1" visible="true" user="OSMnx"><nd ref="60955956" /><nd ref="4211614827" /><nd ref="564125928" /><nd ref="564125930" /><nd ref="60955840" /><nd ref="4211614826" /><nd ref="564574138" /><nd ref="13207022477" /><nd ref="2968909897" /><nd ref="60955839" /><nd ref="2968909896" /><nd ref="564574106" /><nd ref="60955838" /><nd ref="12195594020" /><nd ref="564574104" /><nd ref="60955837" /><tag k="maxspeed" v="30" /><tag k="highway" v="residential" /><tag k="lanes" v="1" /><tag k="name" v="Maxwell Road" /><tag k="oneway" v="yes" /></way><way changeset="1" id="8672508" uid="1" timestamp="2026-05-15T09:34:42Z" version="1" visible="true" user="OSMnx"><nd ref="255425852" /><nd ref="11094187932" /><nd ref="6412468111" /><nd ref="61910982" /><tag k="maxspeed" v="30" /><tag k="highway" v="residential" /><tag k="lanes" v="1" /><tag k="name" v="Neville Road" /><tag k="oneway" v="no" /></way><way changeset="1" id="8672509" uid="1" timestamp="2026-05-15T09:34:42Z" version="1" visible="true" user="OSMnx"><nd ref="255425868" /><nd ref="255425855" /><nd ref="6412468106" /><nd ref="255425859" /><nd ref="6412468107" /><nd ref="61910987" /><tag k="maxspeed" v="30" /><tag k="highway" v="residential" /><tag k="name" v="Villiers Road" /><tag k="oneway" v="no" /></way><way changeset="1" id="8898621" uid="1" timestamp="2026-05-15T09:34:42Z" version="1" visible="true" user="OSMnx"><nd ref="3095396676" /><nd ref="65078348" /><nd ref="3095396673" /><nd ref="3095396672" /><nd ref="65078347" /><nd ref="3095396675" /><nd ref="65078354" /><tag k="maxspeed" v="30" /><tag k="highway" v="residential" /><tag k="lanes" v="2" /><tag k="name" v="Palmerston Gardens" /><tag k="oneway" v="no" /></way><way changeset="1" id="8898623" uid="1" timestamp="2026-05-15T09:34:42Z" version="1" visible="true" user="OSMnx"><nd ref="65078356" /><nd ref="2375609784" /><nd ref="8612396092" /><nd ref="5162023586" /><nd ref="65078352" /><tag k="maxspeed" v="30" /><tag k="highway" v="residential" /><tag k="lanes" v="1" /><tag k="name" v="Palmerston Villas" /><tag k="oneway" v="no" /></way><way changeset="1" id="8898813" uid="1" timestamp="2026-05-15T09:34:42Z" version="1" visible="true" user="OSMnx"><nd ref="65084681" /><nd ref="13355699481" /><nd ref="13355699480" /><nd ref="13355710591" /><nd ref="13355710595" /><nd ref="11599466547" /><nd ref="4212316976" /><nd ref="65084684" /><nd ref="8699583806" /><nd ref="8703221646" /><nd ref="4212320954" /><nd ref="4212320955" /><tag k="maxspeed" v="30" /><tag k="highway" v="residential" /><tag k="lanes" v="2" /><tag k="name" v="Merton Road" /><tag k="oneway" v="no" /></way><way changeset="1" id="9084588" uid="1" timestamp="2026-05-15T09:34:42Z" version="1" visible="true" user="OSMnx"><nd ref="32335409" /><nd ref="13189821566" /><nd ref="2895628313" /><nd ref="355146346" /><nd ref="13248834245" /><nd ref="97886038" /><nd ref="13248834233" /><nd ref="67071213" /><nd ref="4906770126" /><nd ref="1420144374" /><nd ref="4906770125" /><nd ref="1420144373" /><tag k="maxspeed" v="30" /><tag k="highway" v="residential" /><tag k="lanes" v="2" /><tag k="name" v="Raglan Road" /><tag k="oneway" v="no" /></way><way changeset="1" id="9658859" uid="1" timestamp="2026-05-15T09:34:42Z" version="1" visible="true" user="OSMnx"><nd ref="75666579" /><nd ref="10830539866" /><nd ref="5288561582" /><nd ref="3084491466" /><nd ref="75666694" /><nd ref="8390553585" /><nd ref="560602934" /><nd ref="560602932" /><nd ref="8390553586" /><nd ref="75666696" /><nd ref="8880970825" /><nd ref="75666701" /><nd ref="8390553623" /><nd ref="54829917" /><tag k="maxspeed" v="30" /><tag k="highway" v="residential" /><tag k="lanes" v="2" /><tag k="name" v="Cambridge Road" /><tag k="oneway" v="no" /></way><way changeset="1" id="9658867" uid="1" timestamp="2026-05-15T09:34:42Z" version="1" visible="true" user="OSMnx"><nd ref="54829907" /><nd ref="54829947" /><nd ref="373358305" /><nd ref="537203668" /><nd ref="5371575822" /><nd ref="8633616538" /><nd ref="54829952" /><tag k="maxspeed" v="30" /><tag k="highway" v="residential" /><tag k="lanes" v="2" /><tag k="name" v="Church Avenue" /><tag k="oneway" v="no" /></way><way changeset="1" id="9722138" uid="1" timestamp="2026-05-15T09:34:42Z" version="1" visible="true" user="OSMnx"><nd ref="665863" /><nd ref="564094364" /><nd ref="564090181" /><nd ref="2473982565" /><nd ref="2473982672" /><nd ref="2473982513" /><nd ref="564094376" /><nd ref="8390553442" /><nd ref="76854552" /><tag k="maxspeed" v="30" /><tag k="highway" v="residential" /><tag k="lanes" v="1" /><tag k="name" v="Windsor Road" /><tag k="oneway" v="no" /></way><way changeset="1" id="9722140" uid="1" timestamp="2026-05-15T09:34:42Z" version="1" visible="true" user="OSMnx"><nd ref="243643614" /><nd ref="8390553466" /><nd ref="652232934" /><nd ref="4368838038" /><nd ref="243643613" /><nd ref="11837813767" /><nd ref="563887685" /><nd ref="76854556" /><nd ref="11837841572" /><nd ref="76854552" /><nd ref="11794873162" /><nd ref="243643612" /><tag k="maxspeed" v="30" /><tag k="highway" v="residential" /><tag k="lanes" v="1" /><tag k="name" v="Moyne Road" /><tag k="oneway" v="no" /></way><way changeset="1" id="9722141" uid="1" timestamp="2026-05-15T09:34:42Z" version="1" visible="true" user="OSMnx"><nd ref="665862" /><nd ref="8633322776" /><nd ref="11837841570" /><nd ref="564078488" /><nd ref="11837841569" /><nd ref="564078491" /><nd ref="564078541" /><nd ref="564078540" /><nd ref="11837813768" /><nd ref="8390553465" /><nd ref="76854556" /><tag k="maxspeed" v="30" /><tag k="highway" v="residential" /><tag k="lanes" v="1" /><tag k="name" v="Ormond Road" /><tag k="oneway" v="no" /></way><way changeset="1" id="9729964" uid="1" timestamp="2026-05-15T09:34:42Z" version="1" visible="true" user="OSMnx"><nd ref="77002043" /><nd ref="77002012" /><nd ref="77002017" /><nd ref="77002022" /><nd ref="4337913236" /><nd ref="564914484" /><nd ref="77002028" /><nd ref="77002031" /><tag k="maxspeed" v="30" /><tag k="highway" v="residential" /><tag k="lanes" v="2" /><tag k="name" v="Rathmines Close" /><tag k="oneway" v="no" /></way><way changeset="1" id="10063801" uid="1" timestamp="2026-05-15T09:34:42Z" version="1" visible="true" user="OSMnx"><nd ref="82704335" /><nd ref="5167802467" /><nd ref="2402403034" /><nd ref="13087625274" /><nd ref="13087625273" /><nd ref="82704354" /><nd ref="5167802469" /><nd ref="13087625276" /><nd ref="13087625275" /><nd ref="11956605763" /><nd ref="13087625277" /><nd ref="5167802468" /><nd ref="13087625278" /><nd ref="82704355" /><nd ref="389711" /><tag k="maxspeed" v="30" /><tag k="highway" v="residential" /><tag k="lanes" v="1" /><tag k="name" v="Rampart Lane" /><tag k="oneway" v="no" /></way><way changeset="1" id="13866265" uid="1" timestamp="2026-05-15T09:34:42Z" version="1" visible="true" user="OSMnx"><nd ref="32475584" /><nd ref="5114071656" /><nd ref="8391868074" /><nd ref="12031268476" /><nd ref="130157149" /><tag k="maxspeed" v="30" /><tag k="highway" v="residential" /><tag k="name" v="Stamer Street" /><tag k="oneway" v="no" /></way><way changeset="1" id="13866268" uid="1" timestamp="2026-05-15T09:34:42Z" version="1" visible="true" user="OSMnx"><nd ref="26166033" /><nd ref="9216803671" /><nd ref="4854172411" /><nd ref="26166036" /><nd ref="4854172412" /><nd ref="12832454625" /><nd ref="130157167" /><nd ref="6225777650" /><nd ref="9216803679" /><nd ref="130157168" /><tag k="maxspeed" v="30" /><tag k="highway" v="residential" /><tag k="lanes" v="2" /><tag k="name" v="Grantham Street" /><tag k="oneway" v="no" /></way><way changeset="1" id="13866327" uid="1" timestamp="2026-05-15T09:34:42Z" version="1" visible="true" user="OSMnx"><nd ref="130157163" /><nd ref="12031268475" /><nd ref="13525132112" /><nd ref="279464427" /><nd ref="130158423" /><nd ref="4987541731" /><nd ref="130157157" /><tag k="maxspeed" v="30" /><tag k="highway" v="residential" /><tag k="name" v="Kingsland Parade" /><tag k="oneway" v="no" /></way><way changeset="1" id="13866328" uid="1" timestamp="2026-05-15T09:34:42Z" version="1" visible="true" user="OSMnx"><nd ref="130157164" /><nd ref="12696444233" /><nd ref="7061578426" /><nd ref="4987541726" /><nd ref="130157158" /><tag k="maxspeed" v="30" /><tag k="highway" v="residential" /><tag k="name" v="Martin Street" /><tag k="oneway" v="no" /></way><way changeset="1" id="13866329" uid="1" timestamp="2026-05-15T09:34:42Z" version="1" visible="true" user="OSMnx"><nd ref="130157165" /><nd ref="8391868060" /><nd ref="4987541728" /><nd ref="130157159" /><tag k="maxspeed" v="30" /><tag k="highway" v="residential" /><tag k="name" v="Warren Street" /><tag k="oneway" v="no" /></way><way changeset="1" id="13866330" uid="1" timestamp="2026-05-15T09:34:42Z" version="1" visible="true" user="OSMnx"><nd ref="130157166" /><nd ref="8391868061" /><nd ref="13525120099" /><nd ref="2421668715" /><nd ref="2421668713" /><nd ref="2421668712" /><nd ref="130158807" /><nd ref="2421668709" /><nd ref="2421668708" /><nd ref="130157160" /><tag k="maxspeed" v="30" /><tag k="highway" v="residential" /><tag k="lanes" v="1" /><tag k="name" v="Lennox Place" /><tag k="oneway" v="no" /></way><way changeset="1" id="13866341" uid="1" timestamp="2026-05-15T09:34:42Z" version="1" visible="true" user="OSMnx"><nd ref="130158807" /><nd ref="2421668710" /><nd ref="2421668711" /><nd ref="130158808" /><nd ref="4452043652" /><nd ref="2421685248" /><nd ref="2421685251" /><nd ref="130158809" /><tag k="maxspeed" v="30" /><tag k="highway" v="residential" /><tag k="name" v="Portobello Harbour" /><tag k="oneway" v="no" /></way><way changeset="1" id="13866342" uid="1" timestamp="2026-05-15T09:34:42Z" version="1" visible="true" user="OSMnx"><nd ref="130158419" /><nd ref="8391868045" /><nd ref="4494907228" /><nd ref="13525120091" /><nd ref="130158809" /><tag k="maxspeed" v="30" /><tag k="highway" v="residential" /><tag k="name" v="Richmond Row" /><tag k="oneway" v="no" /></way><way changeset="1" id="13866343" uid="1" timestamp="2026-05-15T09:34:42Z" version="1" visible="true" user="OSMnx"><nd ref="32475585" /><nd ref="8356783892" /><nd ref="2370573208" /><nd ref="2370573239" /><nd ref="8391868075" /><nd ref="130158418" /><tag k="maxspeed" v="30" /><tag k="highway" v="residential" /><tag k="lanes" v="1" /><tag k="name" v="Synge Street" /><tag k="oneway" v="no" /></way><way changeset="1" id="13866344" uid="1" timestamp="2026-05-15T09:34:42Z" version="1" visible="true" user="OSMnx"><nd ref="130158815" /><nd ref="8391868073" /><nd ref="2421668729" /><nd ref="3162664038" /><nd ref="2370573129" /><nd ref="2371613132" /><nd ref="2421668720" /><nd ref="746020037" /><nd ref="12834833828" /><nd ref="8391868072" /><nd ref="130157162" /><tag k="maxspeed" v="30" /><tag k="highway" v="residential" /><tag k="lanes" v="1" /><tag k="name" v="Kingsland Park Avenue" /><tag k="oneway" v="no" /></way><way changeset="1" id="13866426" uid="1" timestamp="2026-05-15T09:34:42Z" version="1" visible="true" user="OSMnx"><nd ref="130159628" /><nd ref="29396438" /><tag k="ref" v="R114" /><tag k="maxspeed" v="50" /><tag k="highway" v="secondary" /><tag k="lanes" v="3" /><tag k="name" v="La Touche Bridge" /><tag k="oneway" v="no" /></way><way changeset="1" id="13872468" uid="1" timestamp="2026-05-15T09:34:42Z" version="1" visible="true" user="OSMnx"><nd ref="130245808" /><nd ref="8392300534" /><nd ref="130245809" /><nd ref="4739239731" /><nd ref="130249419" /><nd ref="10587489547" /><nd ref="11108056771" /><nd ref="3634435785" /><nd ref="3451017461" /><tag k="maxspeed" v="30" /><tag k="highway" v="residential" /><tag k="lanes" v="1" /><tag k="name" v="Albert Place West" /><tag k="oneway" v="no" /></way><way changeset="1" id="13872815" uid="1" timestamp="2026-05-15T09:34:42Z" version="1" visible="true" user="OSMnx"><nd ref="9101081" /><nd ref="2001070348" /><nd ref="10585038238" /><nd ref="10585017345" /><nd ref="2874426127" /><nd ref="130249414" /><tag k="maxspeed" v="30" /><tag k="highway" v="residential" /><tag k="lanes" v="2" /><tag k="name" v="Harcourt Terrace" /><tag k="oneway" v="no" /></way><way changeset="1" id="13872816" uid="1" timestamp="2026-05-15T09:34:42Z" version="1" visible="true" user="OSMnx"><nd ref="29400038" /><nd ref="4951768342" /><nd ref="2380664124" /><nd ref="5083218974" /><nd ref="2380664151" /><nd ref="4122516147" /><nd ref="1215854501" /><nd ref="130249415" /><tag k="maxspeed" v="30" /><tag k="highway" v="unclassified" /><tag k="lanes" v="2" /><tag k="name" v="Charlemont Place" /><tag k="oneway" v="no" /></way><way changeset="1" id="13872818" uid="1" timestamp="2026-05-15T09:34:42Z" version="1" visible="true" user="OSMnx"><nd ref="130249417" /><nd ref="8392300529" /><nd ref="130249415" /><tag k="maxspeed" v="30" /><tag k="highway" v="unclassified" /><tag k="lanes" v="2" /><tag k="name" v="Harcourt Terrace" /><tag k="oneway" v="no" /></way><way changeset="1" id="13872819" uid="1" timestamp="2026-05-15T09:34:42Z" version="1" visible="true" user="OSMnx"><nd ref="130249418" /><nd ref="2875168315" /><nd ref="2875168317" /><nd ref="2875168316" /><nd ref="11108056765" /><nd ref="130249419" /><tag k="maxspeed" v="30" /><tag k="highway" v="residential" /><tag k="lanes" v="1" /><tag k="name" v="Albert Terrace" /><tag k="oneway" v="no" /></way><way changeset="1" id="13872821" uid="1" timestamp="2026-05-15T09:34:42Z" version="1" visible="true" user="OSMnx"><nd ref="3451017465" /><nd ref="3451058084" /><nd ref="2370573149" /><nd ref="11780949519" /><nd ref="2370573169" /><nd ref="11780949520" /><nd ref="11780949521" /><nd ref="2370573176" /><nd ref="2370573161" /><nd ref="130249447" /><tag k="maxspeed" v="30" /><tag k="highway" v="residential" /><tag k="lanes" v="2" /><tag k="name" v="Peter Place" /><tag k="oneway" v="no" /></way><way changeset="1" id="13873180" uid="1" timestamp="2026-05-15T09:34:42Z" version="1" visible="true" user="OSMnx"><nd ref="389677" /><nd ref="746020053" /><nd ref="130158421" /><tag k="ref" v="R114" /><tag k="maxspeed" v="50" /><tag k="highway" v="secondary" /><tag k="lanes" v="1" /><tag k="name" v="Richmond Street South" /><tag k="oneway" v="yes" /></way><way changeset="1" id="13873181" uid="1" timestamp="2026-05-15T09:34:42Z" version="1" visible="true" user="OSMnx"><nd ref="389677" /><nd ref="130253647" /><nd ref="12170916274" /><nd ref="2461822979" /><nd ref="12170916275" /><nd ref="12551247046" /><nd ref="11638206724" /><nd ref="2370573144" /><nd ref="389678" /><tag k="ref" v="R114" /><tag k="maxspeed" v="50" /><tag k="highway" v="secondary" /><tag k="lanes" v="3" /><tag k="name" v="Richmond Street South" /><tag k="oneway" v="no" /></way><way changeset="1" id="13873182" uid="1" timestamp="2026-05-15T09:34:42Z" version="1" visible="true" user="OSMnx"><nd ref="130253642" /><nd ref="9921387547" /><nd ref="130253646" /><tag k="ref" v="R114" /><tag k="maxspeed" v="50" /><tag k="highway" v="secondary" /><tag k="lanes" v="2" /><tag k="name" v="Richmond Street South" /><tag k="oneway" v="no" /></way><way changeset="1" id="13873184" uid="1" timestamp="2026-05-15T09:34:42Z" version="1" visible="true" user="OSMnx"><nd ref="130253645" /><nd ref="2370573245" /><nd ref="4897326204" /><nd ref="2370573154" /><tag k="maxspeed" v="30" /><tag k="highway" v="residential" /><tag k="name" v="Gordon Place" /><tag k="oneway" v="no" /></way><way changeset="1" id="13873188" uid="1" timestamp="2026-05-15T09:34:42Z" version="1" visible="true" user="OSMnx"><nd ref="29400038" /><nd ref="10699763490" /><nd ref="130253661" /><nd ref="130253660" /><nd ref="130253659" /><nd ref="130253658" /><nd ref="2435830509" /><nd ref="130253656" /><nd ref="3645616993" /><nd ref="130253654" /><nd ref="130253653" /><nd ref="11638206723" /><nd ref="11638206728" /><nd ref="389678" /><tag k="maxspeed" v="30" /><tag k="highway" v="residential" /><tag k="lanes" v="1" /><tag k="name" v="Charlemont Mall" /><tag k="oneway" v="yes" /></way><way changeset="1" id="13894939" uid="1" timestamp="2026-05-15T09:34:42Z" version="1" visible="true" user="OSMnx"><nd ref="32475584" /><nd ref="5114071654" /><nd ref="32475585" /><nd ref="369213150" /><nd ref="340862530" /><nd ref="13031174692" /><nd ref="5407237263" /><nd ref="389676" /><tag k="ref" v="R811" /><tag k="maxspeed" v="50" /><tag k="highway" v="secondary" /><tag k="lanes" v="4" /><tag k="name" v="Harrington Street" /><tag k="oneway" v="no" /></way><way changeset="1" id="13983801" uid="1" timestamp="2026-05-15T09:34:42Z" version="1" visible="true" user="OSMnx"><nd ref="132490139" /><nd ref="2895525585" /><nd ref="2895525586" /><nd ref="132490146" /><nd ref="3025261616" /><nd ref="8658920605" /><nd ref="461626084" /><nd ref="8659051360" /><nd ref="2896327061" /><nd ref="13147442290" /><nd ref="8659020348" /><nd ref="11845621098" /><nd ref="8659020351" /><nd ref="461626102" /><nd ref="2896327062" /><nd ref="2896327063" /><nd ref="2896327064" /><tag k="maxspeed" v="30" /><tag k="highway" v="residential" /><tag k="name" v="Baggot Lane" /><tag k="oneway" v="no" /></way><way changeset="1" id="14041596" uid="1" timestamp="2026-05-15T09:34:42Z" version="1" visible="true" user="OSMnx"><nd ref="32335006" /><nd ref="2876012550" /><nd ref="130268843" /><nd ref="32335289" /><tag k="ref" v="R816" /><tag k="maxspeed" v="30" /><tag k="highway" v="secondary" /><tag k="lanes" v="3" /><tag k="name" v="Baggot Street Lower" /><tag k="oneway" v="no" /></way><way changeset="1" id="14048509" uid="1" timestamp="2026-05-15T09:34:42Z" version="1" visible="true" user="OSMnx"><nd ref="9101070" /><nd ref="95646537" /><tag k="ref" v="R811" /><tag k="maxspeed" v="50" /><tag k="highway" v="secondary" /><tag k="lanes" v="1" /><tag k="name" v="Adelaide Road" /><tag k="oneway" v="yes" /></way><way changeset="1" id="19423908" uid="1" timestamp="2026-05-15T09:34:42Z" version="1" visible="true" user="OSMnx"><nd ref="389708" /><nd ref="12066259326" /><nd ref="9631320525" /><nd ref="9631320524" /><nd ref="9631320523" /><nd ref="13763083990" /><nd ref="13782475316" /><nd ref="13763083991" /><nd ref="13782475319" /><nd ref="2465416108" /><nd ref="13782475322" /><nd ref="13763083989" /><nd ref="13763083983" /><nd ref="13763083980" /><nd ref="50881084" /><nd ref="13763130716" /><nd ref="13763130710" /><nd ref="13763117133" /><nd ref="2465416052" /><nd ref="13763126695" /><nd ref="13763126697" /><nd ref="13763117126" /><nd ref="13763117123" /><nd ref="9836579981" /><tag k="maxspeed" v="50" /><tag k="highway" v="tertiary" /><tag k="lanes" v="2" /><tag k="name" v="Marlborough Road" /><tag k="oneway" v="no" /></way><way changeset="1" id="19830315" uid="1" timestamp="2026-05-15T09:34:42Z" version="1" visible="true" user="OSMnx"><nd ref="59694670" /><nd ref="207100180" /><nd ref="207100181" /><nd ref="564122691" /><nd ref="564323163" /><nd ref="207100183" /><nd ref="2473982636" /><nd ref="207100184" /><nd ref="344665747" /><tag k="maxspeed" v="30" /><tag k="highway" v="residential" /><tag k="lanes" v="1" /><tag k="name" v="Mountpleasant Square" /><tag k="oneway" v="no" /></way><way changeset="1" id="20834534" uid="1" timestamp="2026-05-15T09:34:42Z" version="1" visible="true" user="OSMnx"><nd ref="799719204" /><nd ref="1420144545" /><tag k="ref" v="R816" /><tag k="maxspeed" v="50" /><tag k="highway" v="secondary" /><tag k="lanes" v="1" /><tag k="name" v="Pembroke Road" /><tag k="oneway" v="yes" /></way><way changeset="1" id="20834536" uid="1" timestamp="2026-05-15T09:34:42Z" version="1" visible="true" user="OSMnx"><nd ref="60790663" /><nd ref="2895593253" /><nd ref="2895593254" /><nd ref="12093418139" /><nd ref="2895593255" /><nd ref="1261227677" /><tag k="ref" v="R816" /><tag k="maxspeed" v="50" /><tag k="highway" v="secondary" /><tag k="lanes" v="2" /><tag k="name" v="Pembroke Road" /><tag k="oneway" v="yes" /></way><way changeset="1" id="21254313" uid="1" timestamp="2026-05-15T09:34:42Z" version="1" visible="true" user="OSMnx"><nd ref="228644158" /><nd ref="228644163" /><nd ref="12871547923" /><nd ref="3731553136" /><nd ref="665794" /><tag k="maxspeed" v="30" /><tag k="highway" v="residential" /><tag k="lanes" v="2" /><tag k="name" v="Elmpark Avenue" /><tag k="oneway" v="no" /></way><way changeset="1" id="21254315" uid="1" timestamp="2026-05-15T09:34:42Z" version="1" visible="true" user="OSMnx"><nd ref="9631320518" /><nd ref="228644170" /><tag k="maxspeed" v="30" /><tag k="highway" v="residential" /><tag k="name" v="Cowper Drive" /><tag k="oneway" v="no" /></way><way changeset="1" id="21254316" uid="1" timestamp="2026-05-15T09:34:42Z" version="1" visible="true" user="OSMnx"><nd ref="228644174" /><nd ref="228644175" /><nd ref="259594862" /><nd ref="8592508620" /><nd ref="7522860831" /><nd ref="228644179" /><tag k="maxspeed" v="30" /><tag k="highway" v="residential" /><tag k="lanes" v="2" /><tag k="name" v="Park Drive" /><tag k="oneway" v="no" /></way><way changeset="1" id="21254317" uid="1" timestamp="2026-05-15T09:34:42Z" version="1" visible="true" user="OSMnx"><nd ref="228644174" /><nd ref="228644170" /><tag k="maxspeed" v="30" /><tag k="highway" v="residential" /><tag k="name" v="Cowper Gardens" /><tag k="oneway" v="no" /></way><way changeset="1" id="21254319" uid="1" timestamp="2026-05-15T09:34:42Z" version="1" visible="true" user="OSMnx"><nd ref="666337" /><nd ref="8390553681" /><nd ref="3729342050" /><nd ref="228644181" /><nd ref="228644182" /><nd ref="228644184" /><nd ref="228644192" /><nd ref="228644195" /><nd ref="8390553709" /><nd ref="228644198" /><tag k="maxspeed" v="30" /><tag k="highway" v="residential" /><tag k="name" v="Edenvale Road" /><tag k="oneway" v="yes" /></way><way changeset="1" id="21254320" uid="1" timestamp="2026-05-15T09:34:42Z" version="1" visible="true" user="OSMnx"><nd ref="243643620" /><nd ref="13355583307" /><nd ref="243643615" /><nd ref="243643619" /><nd ref="228644198" /><nd ref="228644179" /><tag k="maxspeed" v="30" /><tag k="highway" v="residential" /><tag k="lanes" v="2" /><tag k="name" v="Albany Road" /><tag k="oneway" v="no" /></way><way changeset="1" id="22716630" uid="1" timestamp="2026-05-15T09:34:42Z" version="1" visible="true" user="OSMnx"><nd ref="32335038" /><nd ref="6011053538" /><nd ref="243643592" /><nd ref="243643593" /><nd ref="8661849729" /><nd ref="8661849727" /><nd ref="1240273773" /><nd ref="2896327066" /><nd ref="2896327065" /><nd ref="2896327064" /><tag k="maxspeed" v="30" /><tag k="highway" v="tertiary" /><tag k="lanes" v="2" /><tag k="name" v="Saint Mary's Road" /><tag k="oneway" v="no" /></way><way changeset="1" id="22716631" uid="1" timestamp="2026-05-15T09:34:42Z" version="1" visible="true" user="OSMnx"><nd ref="243643595" /><nd ref="4995430193" /><nd ref="4995430180" /><nd ref="2896327064" /><tag k="maxspeed" v="30" /><tag k="highway" v="residential" /><tag k="lanes" v="2" /><tag k="name" v="Eastmoreland Place" /><tag k="oneway" v="no" /></way><way changeset="1" id="22716633" uid="1" timestamp="2026-05-15T09:34:42Z" version="1" visible="true" user="OSMnx"><nd ref="243643615" /><nd ref="8390553706" /><nd ref="565086606" /><nd ref="563893119" /><nd ref="243643616" /><nd ref="13378177045" /><nd ref="8390553689" /><nd ref="666333" /><tag k="maxspeed" v="30" /><tag k="highway" v="residential" /><tag k="lanes" v="1" /><tag k="name" v="Beechwood Avenue Upper" /><tag k="oneway" v="yes" /></way><way changeset="1" id="22716635" uid="1" timestamp="2026-05-15T09:34:42Z" version="1" visible="true" user="OSMnx"><nd ref="243643622" /><nd ref="5164168625" /><nd ref="243643623" /><nd ref="243643624" /><nd ref="243643625" /><nd ref="243643626" /><nd ref="243643627" /><nd ref="243643612" /><tag k="maxspeed" v="30" /><tag k="highway" v="residential" /><tag k="lanes" v="2" /><tag k="name" v="Moyne Court" /><tag k="oneway" v="no" /></way><way changeset="1" id="22716636" uid="1" timestamp="2026-05-15T09:34:42Z" version="1" visible="true" user="OSMnx"><nd ref="2479778639" /><nd ref="11794873168" /><nd ref="243643632" /><nd ref="243643633" /><nd ref="2479778647" /><nd ref="243643634" /><nd ref="8376356206" /><nd ref="3733330359" /><nd ref="8376341650" /><nd ref="243643635" /><nd ref="2479778643" /><nd ref="8376341623" /><nd ref="243643636" /><nd ref="2479778737" /><nd ref="8376341736" /><nd ref="243643637" /><nd ref="2479778777" /><nd ref="8376341738" /><nd ref="243643638" /><nd ref="2479778697" /><nd ref="243643639" /><nd ref="2479778666" /><nd ref="11794948671" /><nd ref="243643640" /><tag k="maxspeed" v="30" /><tag k="highway" v="residential" /><tag k="lanes" v="2" /><tag k="name" v="Sandford Close" /><tag k="oneway" v="no" /></way><way changeset="1" id="22716638" uid="1" timestamp="2026-05-15T09:34:42Z" version="1" visible="true" user="OSMnx"><nd ref="243643649" /><nd ref="8828316299" /><nd ref="8828316296" /><nd ref="790132216" /><nd ref="243643651" /><nd ref="243643650" /><tag k="maxspeed" v="30" /><tag k="highway" v="residential" /><tag k="name" v="Sandford Close" /><tag k="oneway" v="no" /></way><way changeset="1" id="22770490" uid="1" timestamp="2026-05-15T09:34:42Z" version="1" visible="true" user="OSMnx"><nd ref="244448522" /><nd ref="13794020146" /><nd ref="2401038588" /><nd ref="13794052293" /><nd ref="244448523" /><nd ref="11702256477" /><nd ref="244448578" /><nd ref="2401038573" /><nd ref="2401038570" /><nd ref="8585649207" /><nd ref="244448576" /><nd ref="244448577" /><tag k="maxspeed" v="30" /><tag k="highway" v="residential" /><tag k="lanes" v="2" /><tag k="name" v="Bloomfield Avenue" /><tag k="oneway" v="no" /></way><way changeset="1" id="22770500" uid="1" timestamp="2026-05-15T09:34:42Z" version="1" visible="true" user="OSMnx"><nd ref="10294050009" /><nd ref="5417187897" /><nd ref="2784755838" /><nd ref="475352444" /><nd ref="13794020141" /><nd ref="244448589" /><tag k="maxspeed" v="30" /><tag k="highway" v="residential" /><tag k="lanes" v="1" /><tag k="name" v="Bloomfield Park" /><tag k="oneway" v="no" /></way><way changeset="1" id="22962975" uid="1" timestamp="2026-05-15T09:34:42Z" version="1" visible="true" user="OSMnx"><nd ref="2421668790" /><nd ref="2421668782" /><nd ref="26166033" /><nd ref="2421668769" /><nd ref="2421668756" /><nd ref="5353352885" /><nd ref="11817245740" /><tag k="maxspeed" v="30" /><tag k="highway" v="tertiary" /><tag k="lanes" v="2" /><tag k="name" v="Heytesbury Street" /><tag k="oneway" v="no" /></way><way changeset="1" id="22979006" uid="1" timestamp="2026-05-15T09:34:42Z" version="1" visible="true" user="OSMnx"><nd ref="132124408" /><nd ref="2628941967" /><nd ref="6654490664" /><nd ref="12198104724" /><nd ref="11786733000" /><nd ref="11786733003" /><nd ref="26164989" /><tag k="ref" v="R811" /><tag k="maxspeed" v="50" /><tag k="highway" v="secondary" /><tag k="lanes" v="2" /><tag k="name" v="Harcourt Road" /><tag k="oneway" v="yes" /></way><way changeset="1" id="23009015" uid="1" timestamp="2026-05-15T09:34:42Z" version="1" visible="true" user="OSMnx"><nd ref="3451017457" /><nd ref="3451017459" /><nd ref="13353374944" /><nd ref="13353374945" /><nd ref="3451017460" /><nd ref="13353374946" /><nd ref="3451017461" /><nd ref="3451017463" /><nd ref="13353374956" /><nd ref="13353374955" /><nd ref="3451017464" /><nd ref="13353374954" /><nd ref="13353374953" /><nd ref="3451017465" /><tag k="maxspeed" v="30" /><tag k="highway" v="residential" /><tag k="lanes" v="2" /><tag k="name" v="Peter Place" /><tag k="oneway" v="no" /></way><way changeset="1" id="23307145" uid="1" timestamp="2026-05-15T09:34:42Z" version="1" visible="true" user="OSMnx"><nd ref="252311731" /><nd ref="5057760200" /><nd ref="252311732" /><nd ref="3169195642" /><nd ref="4855282916" /><nd ref="252311734" /><nd ref="4855282917" /><nd ref="252311736" /><nd ref="4855282919" /><nd ref="4855282918" /><nd ref="252311737" /><nd ref="252311738" /><nd ref="4855282920" /><nd ref="252311740" /><nd ref="4855284621" /><nd ref="252311741" /><nd ref="252311742" /><tag k="maxspeed" v="30" /><tag k="highway" v="residential" /><tag k="lanes" v="1" /><tag k="name" v="Grove Park" /><tag k="oneway" v="yes" /></way><way changeset="1" id="23501248" uid="1" timestamp="2026-05-15T09:34:42Z" version="1" visible="true" user="OSMnx"><nd ref="389703" /><nd ref="6167135563" /><nd ref="12165570502" /><nd ref="254510273" /><nd ref="728380875" /><nd ref="5501988943" /><nd ref="254510274" /><nd ref="462353482" /><nd ref="6010638902" /><nd ref="254510275" /><nd ref="6089168327" /><nd ref="254510276" /><nd ref="6167135564" /><nd ref="2382833257" /><nd ref="254510277" /><nd ref="6010638921" /><nd ref="6089140916" /><nd ref="32335861" /><tag k="maxspeed" v="30" /><tag k="highway" v="residential" /><tag k="lanes" v="2" /><tag k="name" v="Burlington Road" /><tag k="oneway" v="no" /></way><way changeset="1" id="23501249" uid="1" timestamp="2026-05-15T09:34:42Z" version="1" visible="true" user="OSMnx"><nd ref="254510275" /><nd ref="6089168320" /><nd ref="6167135566" /><nd ref="257944592" /><tag k="maxspeed" v="30" /><tag k="highway" v="residential" /><tag k="lanes" v="2" /><tag k="name" v="Burlington Road" /><tag k="oneway" v="no" /></way><way changeset="1" id="23587831" uid="1" timestamp="2026-05-15T09:34:42Z" version="1" visible="true" user="OSMnx"><nd ref="255425857" /><nd ref="3061375079" /><nd ref="2380638506" /><nd ref="2380638507" /><nd ref="60955842" /><nd ref="2380638494" /><nd ref="61910987" /><nd ref="255425862" /><nd ref="61910982" /><nd ref="255425861" /><nd ref="60955836" /><tag k="maxspeed" v="30" /><tag k="highway" v="residential" /><tag k="lanes" v="1" /><tag k="name" v="Vernon Grove" /><tag k="oneway" v="no" /></way><way changeset="1" id="23719580" uid="1" timestamp="2026-05-15T09:34:42Z" version="1" visible="true" user="OSMnx"><nd ref="4836679335" /><nd ref="11107934213" /><nd ref="12862454996" /><nd ref="4403257260" /><nd ref="12862454997" /><nd ref="5109926403" /><nd ref="11108144073" /><nd ref="9101161" /><tag k="ref" v="R811" /><tag k="maxspeed" v="30" /><tag k="highway" v="secondary" /><tag k="lanes" v="2" /><tag k="name" v="Earlsfort Terrace" /><tag k="oneway" v="yes" /></way><way changeset="1" id="23793478" uid="1" timestamp="2026-05-15T09:34:42Z" version="1" visible="true" user="OSMnx"><nd ref="257819049" /><nd ref="8612387391" /><nd ref="257819050" /><tag k="maxspeed" v="30" /><tag k="highway" v="residential" /><tag k="lanes" v="1" /><tag k="name" v="Palmerston Lane" /><tag k="oneway" v="no" /></way><way changeset="1" id="23860457" uid="1" timestamp="2026-05-15T09:34:42Z" version="1" visible="true" user="OSMnx"><nd ref="258599289" /><nd ref="564952545" /><nd ref="258599290" /><nd ref="258599291" /><nd ref="258599292" /><tag k="maxspeed" v="30" /><tag k="highway" v="residential" /><tag k="name" v="Cowper Downs" /><tag k="oneway" v="no" /></way><way changeset="1" id="23860476" uid="1" timestamp="2026-05-15T09:34:42Z" version="1" visible="true" user="OSMnx"><nd ref="60955845" /><nd ref="258599303" /><tag k="maxspeed" v="30" /><tag k="highway" v="residential" /><tag k="name" v="Cowper Downs" /><tag k="oneway" v="no" /></way><way changeset="1" id="23909117" uid="1" timestamp="2026-05-15T09:34:42Z" version="1" visible="true" user="OSMnx"><nd ref="259151611" /><nd ref="259151612" /><nd ref="259151613" /><tag k="maxspeed" v="30" /><tag k="highway" v="residential" /><tag k="lanes" v="2" /><tag k="name" v="Glenmalure Square" /><tag k="oneway" v="no" /></way><way changeset="1" id="23909118" uid="1" timestamp="2026-05-15T09:34:42Z" version="1" visible="true" user="OSMnx"><nd ref="259151617" /><nd ref="2479778589" /><nd ref="4842287906" /><nd ref="259151616" /><nd ref="2479778660" /><nd ref="2479778593" /><nd ref="259151613" /><nd ref="4842287905" /><nd ref="2479778570" /><nd ref="259151614" /><nd ref="2479778763" /><nd ref="4842287907" /><nd ref="2479778562" /><nd ref="259151615" /><tag k="maxspeed" v="30" /><tag k="highway" v="residential" /><tag k="lanes" v="2" /><tag k="name" v="Glenmalure Square" /><tag k="oneway" v="no" /></way><way changeset="1" id="23909119" uid="1" timestamp="2026-05-15T09:34:42Z" version="1" visible="true" user="OSMnx"><nd ref="259151618" /><nd ref="259151615" /><nd ref="2479778739" /><nd ref="4842287904" /><nd ref="2479778672" /><nd ref="259151617" /><nd ref="2479778653" /><nd ref="2479778759" /><nd ref="259151619" /><tag k="maxspeed" v="30" /><tag k="highway" v="residential" /><tag k="lanes" v="2" /><tag k="name" v="Glenmalure Square" /><tag k="oneway" v="no" /></way><way changeset="1" id="23909120" uid="1" timestamp="2026-05-15T09:34:42Z" version="1" visible="true" user="OSMnx"><nd ref="259151620" /><nd ref="259151612" /><nd ref="259151621" /><nd ref="8762813379" /><nd ref="8762813380" /><tag k="maxspeed" v="30" /><tag k="highway" v="residential" /><tag k="lanes" v="2" /><tag k="name" v="Glenmalure Square" /><tag k="oneway" v="no" /></way><way changeset="1" id="23909123" uid="1" timestamp="2026-05-15T09:34:42Z" version="1" visible="true" user="OSMnx"><nd ref="259151625" /><nd ref="259151632" /><nd ref="259151640" /><nd ref="259151637" /><nd ref="259151634" /><nd ref="259151626" /><nd ref="259151627" /><nd ref="259151628" /><nd ref="259151629" /><nd ref="259151630" /><nd ref="2496300580" /><tag k="maxspeed" v="30" /><tag k="highway" v="residential" /><tag k="lanes" v="2" /><tag k="access" v="permissive" /><tag k="name" v="Abbeyfield" /><tag k="oneway" v="no" /></way><way changeset="1" id="23909124" uid="1" timestamp="2026-05-15T09:34:42Z" version="1" visible="true" user="OSMnx"><nd ref="259151642" /><nd ref="259151632" /><tag k="maxspeed" v="30" /><tag k="highway" v="residential" /><tag k="lanes" v="2" /><tag k="access" v="permissive" /><tag k="name" v="Abbeyfield" /><tag k="oneway" v="no" /></way><way changeset="1" id="23909125" uid="1" timestamp="2026-05-15T09:34:42Z" version="1" visible="true" user="OSMnx"><nd ref="259151634" /><nd ref="259151635" /><tag k="maxspeed" v="30" /><tag k="highway" v="residential" /><tag k="lanes" v="2" /><tag k="access" v="permissive" /><tag k="name" v="Abbeyfield" /><tag k="oneway" v="no" /></way><way changeset="1" id="23909126" uid="1" timestamp="2026-05-15T09:34:42Z" version="1" visible="true" user="OSMnx"><nd ref="259151636" /><nd ref="8766416200" /><nd ref="259151637" /><nd ref="259151638" /><tag k="maxspeed" v="30" /><tag k="highway" v="residential" /><tag k="lanes" v="2" /><tag k="access" v="permissive" /><tag k="name" v="Abbeyfield" /><tag k="oneway" v="no" /></way><way changeset="1" id="23909127" uid="1" timestamp="2026-05-15T09:34:42Z" version="1" visible="true" user="OSMnx"><nd ref="259151639" /><nd ref="259151640" /><nd ref="259151641" /><tag k="maxspeed" v="30" /><tag k="highway" v="residential" /><tag k="lanes" v="2" /><tag k="access" v="permissive" /><tag k="name" v="Abbeyfield" /><tag k="oneway" v="no" /></way><way changeset="1" id="23948175" uid="1" timestamp="2026-05-15T09:34:42Z" version="1" visible="true" user="OSMnx"><nd ref="259594799" /><nd ref="8592288749" /><nd ref="259594800" /><nd ref="259594801" /><nd ref="259594802" /><nd ref="259594803" /><nd ref="8653244217" /><nd ref="259594804" /><tag k="maxspeed" v="30" /><tag k="highway" v="residential" /><tag k="lanes" v="1" /><tag k="name" v="Vergemount Hall" /><tag k="oneway" v="no" /></way><way changeset="1" id="23948176" uid="1" timestamp="2026-05-15T09:34:42Z" version="1" visible="true" user="OSMnx"><nd ref="259594805" /><nd ref="259594806" /><tag k="maxspeed" v="30" /><tag k="highway" v="residential" /><tag k="lanes" v="2" /><tag k="name" v="Mount Sandford" /><tag k="oneway" v="no" /></way><way changeset="1" id="23948178" uid="1" timestamp="2026-05-15T09:34:42Z" version="1" visible="true" user="OSMnx"><nd ref="259594812" /><nd ref="5659457199" /><tag k="maxspeed" v="30" /><tag k="highway" v="residential" /><tag k="lanes" v="2" /><tag k="name" v="Palmerston Grove" /><tag k="oneway" v="no" /></way><way changeset="1" id="23948180" uid="1" timestamp="2026-05-15T09:34:42Z" version="1" visible="true" user="OSMnx"><nd ref="259594814" /><nd ref="259594815" /><nd ref="259594816" /><nd ref="259594817" /><nd ref="2496300148" /><nd ref="259594818" /><tag k="maxspeed" v="30" /><tag k="highway" v="residential" /><tag k="lanes" v="2" /><tag k="name" v="Ramleh Close" /><tag k="oneway" v="no" /></way><way changeset="1" id="23948181" uid="1" timestamp="2026-05-15T09:34:42Z" version="1" visible="true" user="OSMnx"><nd ref="259594819" /><nd ref="2496300136" /><nd ref="259594820" /><nd ref="259594821" /><nd ref="2496300138" /><nd ref="2496300140" /><nd ref="259594822" /><nd ref="259594823" /><nd ref="259594818" /><nd ref="259594813" /><tag k="maxspeed" v="30" /><tag k="highway" v="residential" /><tag k="lanes" v="2" /><tag k="name" v="Ramleh Park" /><tag k="oneway" v="no" /></way><way changeset="1" id="23948182" uid="1" timestamp="2026-05-15T09:34:42Z" version="1" visible="true" user="OSMnx"><nd ref="259594824" /><nd ref="2496300143" /><nd ref="2474002682" /><nd ref="2474002644" /><nd ref="2496300141" /><nd ref="259594825" /><tag k="maxspeed" v="30" /><tag k="highway" v="residential" /><tag k="lanes" v="2" /><tag k="name" v="Ramleh Park" /><tag k="oneway" v="no" /></way><way changeset="1" id="23948183" uid="1" timestamp="2026-05-15T09:34:42Z" version="1" visible="true" user="OSMnx"><nd ref="259594823" /><nd ref="2496300146" /><nd ref="259594826" /><nd ref="2496300147" /><nd ref="259594827" /><nd ref="2496300144" /><nd ref="259594828" /><nd ref="259594829" /><nd ref="259594825" /><nd ref="259594830" /><nd ref="259594831" /><nd ref="2496300139" /><nd ref="259594837" /><nd ref="2496300137" /><nd ref="259594819" /><tag k="maxspeed" v="30" /><tag k="highway" v="residential" /><tag k="lanes" v="2" /><tag k="name" v="Ramleh Park" /><tag k="oneway" v="no" /></way><way changeset="1" id="23948186" uid="1" timestamp="2026-05-15T09:34:42Z" version="1" visible="true" user="OSMnx"><nd ref="5659457200" /><nd ref="5659457197" /><nd ref="5659457202" /><nd ref="259594843" /><nd ref="259594844" /><nd ref="259594845" /><tag k="maxspeed" v="30" /><tag k="highway" v="residential" /><tag k="lanes" v="2" /><tag k="name" v="Millbrook Village" /><tag k="oneway" v="no" /></way><way changeset="1" id="23948190" uid="1" timestamp="2026-05-15T09:34:42Z" version="1" visible="true" user="OSMnx"><nd ref="5659457194" /><nd ref="5659457198" /><nd ref="2496300149" /><nd ref="259594846" /><tag k="maxspeed" v="30" /><tag k="highway" v="residential" /><tag k="lanes" v="2" /><tag k="name" v="Millbrook Village" /><tag k="oneway" v="no" /></way><way changeset="1" id="23948192" uid="1" timestamp="2026-05-15T09:34:42Z" version="1" visible="true" user="OSMnx"><nd ref="5659457202" /><nd ref="259594851" /><nd ref="259594853" /><nd ref="259594852" /><tag k="highway" v="residential" /><tag k="lanes" v="2" /><tag k="oneway" v="no" /></way><way changeset="1" id="23948193" uid="1" timestamp="2026-05-15T09:34:42Z" version="1" visible="true" user="OSMnx"><nd ref="259594843" /><nd ref="259594853" /><tag k="highway" v="residential" /><tag k="lanes" v="2" /><tag k="name" v="Cedar Hall" /><tag k="oneway" v="no" /></way><way changeset="1" id="23948194" uid="1" timestamp="2026-05-15T09:34:42Z" version="1" visible="true" user="OSMnx"><nd ref="8390553193" /><nd ref="8390553188" /><nd ref="243643606" /><tag k="maxspeed" v="30" /><tag k="highway" v="residential" /><tag k="lanes" v="2" /><tag k="name" v="Merton Drive" /><tag k="oneway" v="no" /></way><way changeset="1" id="23948195" uid="1" timestamp="2026-05-15T09:34:42Z" version="1" visible="true" user="OSMnx"><nd ref="8390553214" /><nd ref="3250109956" /><nd ref="259594856" /><tag k="maxspeed" v="30" /><tag k="highway" v="residential" /><tag k="lanes" v="2" /><tag k="name" v="Merton Drive" /><tag k="oneway" v="no" /></way><way changeset="1" id="23948198" uid="1" timestamp="2026-05-15T09:34:42Z" version="1" visible="true" user="OSMnx"><nd ref="259594862" /><nd ref="259594863" /><nd ref="8699569694" /><nd ref="259594864" /><nd ref="259594875" /><nd ref="259594865" /><nd ref="259594866" /><nd ref="259594867" /><nd ref="2464758367" /><nd ref="228644170" /><tag k="maxspeed" v="30" /><tag k="highway" v="residential" /><tag k="lanes" v="1" /><tag k="name" v="Tudor Road" /><tag k="oneway" v="no" /></way><way changeset="1" id="23948202" uid="1" timestamp="2026-05-15T09:34:42Z" version="1" visible="true" user="OSMnx"><nd ref="259594885" /><nd ref="259594887" /><nd ref="3734242257" /><nd ref="260032900" /><nd ref="7235752733" /><nd ref="2784717512" /><tag k="maxspeed" v="30" /><tag k="highway" v="residential" /><tag k="name" v="Colliers Avenue" /><tag k="oneway" v="no" /></way><way changeset="1" id="23948203" uid="1" timestamp="2026-05-15T09:34:42Z" version="1" visible="true" user="OSMnx"><nd ref="259594889" /><nd ref="3734610398" /><nd ref="3734610396" /><nd ref="259594890" /><nd ref="3734610397" /><nd ref="259594891" /><nd ref="3734610399" /><nd ref="3734610400" /><nd ref="8851389438" /><nd ref="2479778645" /><nd ref="8384777247" /><nd ref="259594888" /><tag k="maxspeed" v="30" /><tag k="highway" v="residential" /><tag k="lanes" v="1" /><tag k="name" v="Norwood Road" /><tag k="oneway" v="no" /></way><way changeset="1" id="23948205" uid="1" timestamp="2026-05-15T09:34:42Z" version="1" visible="true" user="OSMnx"><nd ref="665776" /><nd ref="8384777269" /><nd ref="259594894" /><nd ref="3734610401" /><nd ref="259594896" /><tag k="maxspeed" v="30" /><tag k="highway" v="residential" /><tag k="lanes" v="2" /><tag k="name" v="Cherryfield Avenue Lower" /><tag k="oneway" v="no" /></way><way changeset="1" id="23948206" uid="1" timestamp="2026-05-15T09:34:42Z" version="1" visible="true" user="OSMnx"><nd ref="259594897" /><nd ref="8384777268" /><nd ref="2479778652" /><nd ref="259594893" /><nd ref="259594898" /><tag k="maxspeed" v="30" /><tag k="highway" v="residential" /><tag k="name" v="Hollybank Avenue Lower" /><tag k="oneway" v="no" /></way><way changeset="1" id="23948207" uid="1" timestamp="2026-05-15T09:34:42Z" version="1" visible="true" user="OSMnx"><nd ref="2479778632" /><nd ref="11555419010" /><nd ref="259594900" /><nd ref="259594898" /><tag k="maxspeed" v="30" /><tag k="highway" v="residential" /><tag k="lanes" v="2" /><tag k="name" v="Hollybank Avenue Upper" /><tag k="oneway" v="no" /></way><way changeset="1" id="23948208" uid="1" timestamp="2026-05-15T09:34:42Z" version="1" visible="true" user="OSMnx"><nd ref="259594902" /><nd ref="3734610395" /><nd ref="259594903" /><nd ref="259594896" /><tag k="maxspeed" v="30" /><tag k="highway" v="residential" /><tag k="name" v="Cherryfield Avenue Upper" /><tag k="oneway" v="no" /></way><way changeset="1" id="23948209" uid="1" timestamp="2026-05-15T09:34:42Z" version="1" visible="true" user="OSMnx"><nd ref="259594900" /><nd ref="8384777276" /><nd ref="2479778670" /><nd ref="2479778793" /><nd ref="2479778671" /><nd ref="8384777270" /><nd ref="2479778665" /><nd ref="2479778736" /><nd ref="259594904" /><tag k="maxspeed" v="30" /><tag k="highway" v="residential" /><tag k="lanes" v="2" /><tag k="name" v="Courtyard" /><tag k="oneway" v="no" /></way><way changeset="1" id="23948210" uid="1" timestamp="2026-05-15T09:34:42Z" version="1" visible="true" user="OSMnx"><nd ref="259594903" /><nd ref="2479778683" /><nd ref="259594905" /><nd ref="259594906" /><tag k="maxspeed" v="30" /><tag k="highway" v="residential" /><tag k="lanes" v="2" /><tag k="name" v="The Orchard" /><tag k="oneway" v="no" /></way><way changeset="1" id="25466631" uid="1" timestamp="2026-05-15T09:34:42Z" version="1" visible="true" user="OSMnx"><nd ref="5799372896" /><nd ref="935524867" /><nd ref="6088993107" /><nd ref="6089052495" /><nd ref="2001070381" /><nd ref="32335861" /><nd ref="255016336" /><nd ref="32335862" /><nd ref="2461936971" /><nd ref="12569473405" /><nd ref="32335290" /><tag k="ref" v="R111" /><tag k="maxspeed" v="50" /><tag k="highway" v="secondary" /><tag k="lanes" v="2" /><tag k="name" v="Mespil Road" /><tag k="oneway" v="no" /></way><way changeset="1" id="25638749" uid="1" timestamp="2026-05-15T09:34:42Z" version="1" visible="true" user="OSMnx"><nd ref="2421668692" /><nd ref="130157157" /><nd ref="2421668694" /><nd ref="2421668696" /><nd ref="130157158" /><nd ref="130157159" /><nd ref="130157160" /><tag k="maxspeed" v="30" /><tag k="highway" v="residential" /><tag k="name" v="Portobello Road" /><tag k="width" v="5.5" /><tag k="oneway" v="no" /></way><way changeset="1" id="25638780" uid="1" timestamp="2026-05-15T09:34:42Z" version="1" visible="true" user="OSMnx"><nd ref="130157162" /><nd ref="130157163" /><tag k="maxspeed" v="30" /><tag k="highway" v="residential" /><tag k="name" v="Lennox Street" /><tag k="oneway" v="no" /></way><way changeset="1" id="25840096" uid="1" timestamp="2026-05-15T09:34:42Z" version="1" visible="true" user="OSMnx"><nd ref="130253646" /><nd ref="130253639" /><nd ref="2370573154" /><tag k="ref" v="R114" /><tag k="maxspeed" v="50" /><tag k="highway" v="secondary" /><tag k="lanes" v="1" /><tag k="name" v="Richmond Street South" /><tag k="oneway" v="yes" /></way><way changeset="1" id="25890783" uid="1" timestamp="2026-05-15T09:34:42Z" version="1" visible="true" user="OSMnx"><nd ref="282422520" /><nd ref="9732059036" /><nd ref="2895628303" /><nd ref="8668930701" /><nd ref="8668930681" /><nd ref="2895628302" /><nd ref="13199971064" /><nd ref="1420144368" /><tag k="maxspeed" v="30" /><tag k="highway" v="residential" /><tag k="lanes" v="1" /><tag k="name" v="Wellington Lane" /><tag k="oneway" v="no" /></way><way changeset="1" id="25890784" uid="1" timestamp="2026-05-15T09:34:42Z" version="1" visible="true" user="OSMnx"><nd ref="282422520" /><nd ref="9732065937" /><nd ref="8668956180" /><nd ref="8668956178" /><nd ref="9729789124" /><nd ref="8668956182" /><nd ref="8668956184" /><nd ref="8668956176" /><nd ref="9729806736" /><nd ref="8668956174" /><nd ref="8668956186" /><nd ref="9729806733" /><nd ref="9730201046" /><nd ref="9729806730" /><nd ref="9730201043" /><nd ref="9729806727" /><nd ref="9730178885" /><nd ref="8669561248" /><nd ref="9730178888" /><nd ref="9729806721" /><nd ref="9730178869" /><nd ref="8669561250" /><nd ref="9730178872" /><nd ref="9730178877" /><nd ref="8669561258" /><nd ref="8668687585" /><nd ref="9729789729" /><nd ref="8669551199" /><nd ref="8668687583" /><nd ref="8668687581" /><nd ref="8668679983" /><nd ref="9728823879" /><nd ref="2895628305" /><nd ref="8668679985" /><nd ref="8668679987" /><nd ref="8668679977" /><nd ref="8668681891" /><nd ref="8668679979" /><nd ref="8668681893" /><nd ref="8668679981" /><nd ref="8668681895" /><nd ref="8668687579" /><nd ref="8668687577" /><nd ref="8668681897" /><nd ref="8668687575" /><nd ref="8668687573" /><nd ref="9730174815" /><nd ref="8694162806" /><nd ref="8664279643" /><nd ref="8694162804" /><nd ref="8694162805" /><nd ref="8664279638" /><nd ref="8664232685" /><nd ref="8664279640" /><nd ref="8694162803" /><nd ref="8664232683" /><nd ref="8664279624" /><nd ref="8664232668" /><nd ref="8664243821" /><nd ref="8664255605" /><nd ref="8664243817" /><nd ref="8664243819" /><nd ref="8664223115" /><nd ref="8664255598" /><nd ref="8664255596" /><nd ref="13200008101" /><nd ref="282422521" /><tag k="maxspeed" v="30" /><tag k="highway" v="residential" /><tag k="name" v="Heytesbury Lane" /><tag k="oneway" v="no" /></way><way changeset="1" id="26452026" uid="1" timestamp="2026-05-15T09:34:42Z" version="1" visible="true" user="OSMnx"><nd ref="289889588" /><nd ref="8752945090" /><nd ref="8752976441" /><nd ref="8752945092" /><nd ref="8752945094" /><nd ref="8752976439" /><nd ref="8752945096" /><nd ref="8752976437" /><nd ref="8752926299" /><nd ref="8752926297" /><nd ref="8752976434" /><nd ref="8752926305" /><nd ref="8752926307" /><nd ref="8659082071" /><nd ref="8752926315" /><nd ref="8752955417" /><nd ref="289889582" /><nd ref="8659462740" /><nd ref="8659462738" /><nd ref="8659082083" /><nd ref="8659082081" /><nd ref="2895525588" /><nd ref="13629500160" /><nd ref="2895525587" /><nd ref="289889581" /><tag k="maxspeed" v="30" /><tag k="highway" v="residential" /><tag k="lanes" v="2" /><tag k="name" v="Lansdowne Park" /><tag k="oneway" v="no" /></way><way changeset="1" id="26452027" uid="1" timestamp="2026-05-15T09:34:42Z" version="1" visible="true" user="OSMnx"><nd ref="289889582" /><nd ref="2895525590" /><nd ref="2895525591" /><nd ref="2895525592" /><nd ref="8659082068" /><nd ref="6167185283" /><nd ref="8659081528" /><nd ref="8659081526" /><nd ref="8659050777" /><nd ref="8659081536" /><nd ref="2895525595" /><nd ref="8659081533" /><nd ref="6167185280" /><nd ref="289889605" /><nd ref="977565817" /><nd ref="289889606" /><nd ref="977565854" /><tag k="maxspeed" v="30" /><tag k="highway" v="residential" /><tag k="name" v="Lansdowne Park" /><tag k="oneway" v="no" /></way><way changeset="1" id="26452028" uid="1" timestamp="2026-05-15T09:34:42Z" version="1" visible="true" user="OSMnx"><nd ref="289889588" /><nd ref="2895525596" /><nd ref="289889589" /><nd ref="289889591" /><nd ref="289889602" /><nd ref="289889592" /><nd ref="289889601" /><nd ref="289889593" /><nd ref="289889594" /><nd ref="289889595" /><nd ref="289889596" /><nd ref="8676721881" /><nd ref="8676721879" /><nd ref="289889597" /><nd ref="289889598" /><nd ref="289889599" /><nd ref="289889603" /><nd ref="289889600" /><nd ref="289889589" /><tag k="maxspeed" v="30" /><tag k="highway" v="residential" /><tag k="name" v="Lansdowne Park" /><tag k="oneway" v="no" /></way><way changeset="1" id="27557731" uid="1" timestamp="2026-05-15T09:34:42Z" version="1" visible="true" user="OSMnx"><nd ref="254510279" /><nd ref="8665851993" /><nd ref="8665897224" /><nd ref="8665897226" /><nd ref="8665851995" /><nd ref="8665897228" /><nd ref="8665851997" /><nd ref="8665897233" /><nd ref="8665872074" /><nd ref="8665872076" /><nd ref="5872388193" /><nd ref="257944587" /><nd ref="444692199" /><nd ref="1589614793" /><tag k="maxspeed" v="30" /><tag k="highway" v="tertiary" /><tag k="lanes" v="3" /><tag k="name" v="Waterloo Road" /><tag k="oneway" v="no" /></way><way changeset="1" id="28556726" uid="1" timestamp="2026-05-15T09:34:42Z" version="1" visible="true" user="OSMnx"><nd ref="43326227" /><nd ref="13087609847" /><nd ref="5167802470" /><nd ref="13087609846" /><nd ref="371031020" /><nd ref="43326219" /><nd ref="5476899999" /><nd ref="5167945460" /><nd ref="5448655793" /><nd ref="1281368027" /><nd ref="2496354330" /><nd ref="2496354329" /><nd ref="2496354328" /><nd ref="43326203" /><tag k="maxspeed" v="30" /><tag k="highway" v="unclassified" /><tag k="lanes" v="1" /><tag k="name" v="Brookvale Road" /><tag k="width" v="3.9" /><tag k="oneway" v="no" /></way><way changeset="1" id="28904876" uid="1" timestamp="2026-05-15T09:34:42Z" version="1" visible="true" user="OSMnx"><nd ref="317726057" /><nd ref="6372471616" /><nd ref="2465416121" /><nd ref="317726060" /><tag k="ref" v="R138" /><tag k="maxspeed" v="50" /><tag k="highway" v="secondary_link" /><tag k="lanes" v="1" /><tag k="name" v="Leeson Street Upper" /><tag k="oneway" v="yes" /></way><way changeset="1" id="29429209" uid="1" timestamp="2026-05-15T09:34:42Z" version="1" visible="true" user="OSMnx"><nd ref="324343706" /><nd ref="324343697" /><nd ref="5485452785" /><nd ref="5485452780" /><nd ref="324343692" /><tag k="maxspeed" v="30" /><tag k="highway" v="residential" /><tag k="lanes" v="1" /><tag k="name" v="Brendan Road" /><tag k="oneway" v="no" /></way><way changeset="1" id="29429210" uid="1" timestamp="2026-05-15T09:34:42Z" version="1" visible="true" user="OSMnx"><nd ref="324343697" /><nd ref="13186759399" /><nd ref="9631320527" /><tag k="maxspeed" v="30" /><tag k="highway" v="residential" /><tag k="lanes" v="1" /><tag k="name" v="Arranmore Road" /><tag k="oneway" v="no" /></way><way changeset="1" id="29429213" uid="1" timestamp="2026-05-15T09:34:42Z" version="1" visible="true" user="OSMnx"><nd ref="324343692" /><nd ref="13270515360" /><nd ref="13186759396" /><nd ref="324343695" /><tag k="maxspeed" v="30" /><tag k="highway" v="residential" /><tag k="lanes" v="1" /><tag k="name" v="Argyle Road" /><tag k="oneway" v="no" /></way><way changeset="1" id="29429214" uid="1" timestamp="2026-05-15T09:34:42Z" version="1" visible="true" user="OSMnx"><nd ref="324343708" /><nd ref="11961652220" /><nd ref="12066345911" /><nd ref="5167802432" /><nd ref="12066334968" /><nd ref="324343706" /><tag k="maxspeed" v="30" /><tag k="highway" v="residential" /><tag k="lanes" v="1" /><tag k="name" v="Brendan Road" /><tag k="oneway" v="yes" /></way><way changeset="1" id="29429548" uid="1" timestamp="2026-05-15T09:34:42Z" version="1" visible="true" user="OSMnx"><nd ref="324380110" /><nd ref="324380095" /><nd ref="324380119" /><nd ref="2397232601" /><nd ref="324345972" /><tag k="maxspeed" v="30" /><tag k="highway" v="residential" /><tag k="lanes" v="1" /><tag k="name" v="Auburn Road" /><tag k="oneway" v="no" /></way><way changeset="1" id="29432714" uid="1" timestamp="2026-05-15T09:34:42Z" version="1" visible="true" user="OSMnx"><nd ref="324380070" /><nd ref="324380071" /><nd ref="2465416078" /><nd ref="11772737729" /><nd ref="2465416032" /><nd ref="324380072" /><nd ref="2465416119" /><nd ref="2465416142" /><nd ref="11772737809" /><nd ref="324380073" /><nd ref="2465416069" /><nd ref="82704335" /><tag k="maxspeed" v="30" /><tag k="highway" v="residential" /><tag k="lanes" v="1" /><tag k="name" v="Eglinton Terrace" /><tag k="width" v="6" /><tag k="oneway" v="no" /></way><way changeset="1" id="29432715" uid="1" timestamp="2026-05-15T09:34:42Z" version="1" visible="true" user="OSMnx"><nd ref="324380075" /><nd ref="324380080" /><nd ref="324380081" /><nd ref="324380082" /><tag k="maxspeed" v="30" /><tag k="highway" v="residential" /><tag k="lanes" v="1" /><tag k="name" v="Saint Brocs Cottages" /><tag k="oneway" v="no" /></way><way changeset="1" id="29432717" uid="1" timestamp="2026-05-15T09:34:42Z" version="1" visible="true" user="OSMnx"><nd ref="50881053" /><nd ref="8569950559" /><nd ref="11956716794" /><nd ref="5167802460" /><tag k="maxspeed" v="30" /><tag k="highway" v="residential" /><tag k="lanes" v="2" /><tag k="name" v="Pembroke Cottages" /><tag k="oneway" v="no" /></way><way changeset="1" id="29432720" uid="1" timestamp="2026-05-15T09:34:42Z" version="1" visible="true" user="OSMnx"><nd ref="324380095" /><nd ref="324345977" /><nd ref="324380101" /><nd ref="50881047" /><tag k="maxspeed" v="30" /><tag k="highway" v="residential" /><tag k="lanes" v="1" /><tag k="name" v="Victoria Avenue" /><tag k="oneway" v="no" /></way><way changeset="1" id="29432724" uid="1" timestamp="2026-05-15T09:34:42Z" version="1" visible="true" user="OSMnx"><nd ref="324345972" /><nd ref="8725192266" /><nd ref="8728121983" /><nd ref="8728121981" /><nd ref="472227259" /><nd ref="324345974" /><tag k="maxspeed" v="30" /><tag k="highway" v="residential" /><tag k="lanes" v="1" /><tag k="name" v="Auburn Avenue" /><tag k="oneway" v="no" /></way><way changeset="1" id="29432725" uid="1" timestamp="2026-05-15T09:34:42Z" version="1" visible="true" user="OSMnx"><nd ref="324345972" /><nd ref="324380112" /><nd ref="324380115" /><nd ref="2397232696" /><nd ref="324380117" /><nd ref="324380121" /><nd ref="2397232601" /><tag k="maxspeed" v="30" /><tag k="highway" v="residential" /><tag k="lanes" v="1" /><tag k="name" v="Home Villas" /><tag k="oneway" v="no" /></way><way changeset="1" id="29432726" uid="1" timestamp="2026-05-15T09:34:42Z" version="1" visible="true" user="OSMnx"><nd ref="324380081" /><nd ref="799719074" /><nd ref="324380096" /><nd ref="8725222095" /><nd ref="8725222097" /><nd ref="324380121" /><tag k="maxspeed" v="30" /><tag k="highway" v="residential" /><tag k="lanes" v="1" /><tag k="oneway" v="no" /></way><way changeset="1" id="30540273" uid="1" timestamp="2026-05-15T09:34:42Z" version="1" visible="true" user="OSMnx"><nd ref="5283972949" /><nd ref="3596719777" /><tag k="maxspeed" v="30" /><tag k="highway" v="residential" /><tag k="lanes" v="2" /><tag k="access" v="permissive" /><tag k="name" v="Military Road" /><tag k="oneway" v="no" /></way><way changeset="1" id="30795888" uid="1" timestamp="2026-05-15T09:34:42Z" version="1" visible="true" user="OSMnx"><nd ref="340862535" /><nd ref="12198097424" /><nd ref="12198097426" /><nd ref="12198097425" /><nd ref="340862536" /><tag k="ref" v="R114" /><tag k="maxspeed" v="30" /><tag k="highway" v="secondary" /><tag k="lanes" v="2" /><tag k="name" v="Charlotte Way" /><tag k="oneway" v="yes" /></way><way changeset="1" id="30844648" uid="1" timestamp="2026-05-15T09:34:42Z" version="1" visible="true" user="OSMnx"><nd ref="466179731" /><nd ref="8896032544" /><nd ref="11702322858" /><nd ref="5417320749" /><nd ref="343103105" /><nd ref="466179728" /><nd ref="11702489405" /><nd ref="343103106" /><nd ref="343103107" /><tag k="maxspeed" v="30" /><tag k="highway" v="residential" /><tag k="lanes" v="2" /><tag k="name" v="Mount Eden Road" /><tag k="oneway" v="no" /></way><way changeset="1" id="30999666" uid="1" timestamp="2026-05-15T09:34:42Z" version="1" visible="true" user="OSMnx"><nd ref="344665747" /><nd ref="564323138" /><nd ref="344665746" /><nd ref="565054904" /><nd ref="565054905" /><nd ref="344665745" /><nd ref="344665744" /><nd ref="565054906" /><nd ref="2776808113" /><nd ref="4379776296" /><nd ref="8392313738" /><nd ref="344665742" /><tag k="maxspeed" v="30" /><tag k="highway" v="residential" /><tag k="lanes" v="1" /><tag k="name" v="Mountpleasant Square" /><tag k="oneway" v="yes" /></way><way changeset="1" id="30999712" uid="1" timestamp="2026-05-15T09:34:42Z" version="1" visible="true" user="OSMnx"><nd ref="344666364" /><nd ref="8392313779" /><nd ref="344666352" /><tag k="maxspeed" v="30" /><tag k="highway" v="residential" /><tag k="lanes" v="1" /><tag k="name" v="Old Mountpleasant" /><tag k="oneway" v="no" /></way><way changeset="1" id="30999718" uid="1" timestamp="2026-05-15T09:34:42Z" version="1" visible="true" user="OSMnx"><nd ref="344666366" /><nd ref="5083314647" /><nd ref="368409949" /><nd ref="344666455" /><tag k="maxspeed" v="30" /><tag k="highway" v="residential" /><tag k="lanes" v="1" /><tag k="name" v="Rugby Road" /><tag k="oneway" v="no" /></way><way changeset="1" id="30999741" uid="1" timestamp="2026-05-15T09:34:42Z" version="1" visible="true" user="OSMnx"><nd ref="344666513" /><nd ref="4897796300" /><nd ref="2766836326" /><nd ref="2766836327" /><nd ref="344666523" /><tag k="maxspeed" v="30" /><tag k="highway" v="residential" /><tag k="lanes" v="1" /><tag k="name" v="Ontario Terrace" /><tag k="oneway" v="no" /></way><way changeset="1" id="30999758" uid="1" timestamp="2026-05-15T09:34:42Z" version="1" visible="true" user="OSMnx"><nd ref="344666352" /><nd ref="11750966506" /><nd ref="344666760" /><tag k="maxspeed" v="30" /><tag k="highway" v="residential" /><tag k="lanes" v="2" /><tag k="name" v="Mountpleasant Place" /><tag k="oneway" v="no" /></way><way changeset="1" id="31561867" uid="1" timestamp="2026-05-15T09:34:42Z" version="1" visible="true" user="OSMnx"><nd ref="257944592" /><nd ref="6167135565" /><nd ref="254510279" /><tag k="maxspeed" v="30" /><tag k="highway" v="residential" /><tag k="lanes" v="2" /><tag k="name" v="Burlington Road" /><tag k="oneway" v="no" /></way><way changeset="1" id="31561868" uid="1" timestamp="2026-05-15T09:34:42Z" version="1" visible="true" user="OSMnx"><nd ref="257944592" /><nd ref="13248308190" /><nd ref="6667937949" /><nd ref="8665898767" /><nd ref="8665898769" /><nd ref="8665898771" /><nd ref="8665898773" /><nd ref="8665898775" /><nd ref="8665898777" /><nd ref="10097083075" /><nd ref="257944593" /><tag k="maxspeed" v="30" /><tag k="highway" v="residential" /><tag k="name" v="Waterloo Lane" /><tag k="oneway" v="no" /></way><way changeset="1" id="31736592" uid="1" timestamp="2026-05-15T09:34:42Z" version="1" visible="true" user="OSMnx"><nd ref="8697761162" /><nd ref="5789931888" /><nd ref="5789931887" /><nd ref="13087629208" /><nd ref="13087629209" /><nd ref="355146342" /><nd ref="13246855121" /><nd ref="3647213449" /><nd ref="13246855122" /><nd ref="7636764542" /><nd ref="13246821992" /><nd ref="804644263" /><nd ref="8562043223" /><nd ref="13246935067" /><tag k="maxspeed" v="30" /><tag k="highway" v="residential" /><tag k="name" v="Clyde Lane" /><tag k="oneway" v="no" /></way><way changeset="1" id="31736594" uid="1" timestamp="2026-05-15T09:34:42Z" version="1" visible="true" user="OSMnx"><nd ref="355146344" /><nd ref="13199971072" /><nd ref="355146351" /><nd ref="13248834226" /><nd ref="355146352" /><nd ref="13248834262" /><nd ref="13201802838" /><nd ref="355146353" /><tag k="maxspeed" v="30" /><tag k="highway" v="residential" /><tag k="name" v="Raglan Lane" /><tag k="oneway" v="no" /></way><way changeset="1" id="32631306" uid="1" timestamp="2026-05-15T09:34:42Z" version="1" visible="true" user="OSMnx"><nd ref="228644154" /><nd ref="4946911465" /><nd ref="366910526" /><tag k="maxspeed" v="30" /><tag k="highway" v="residential" /><tag k="lanes" v="1" /><tag k="name" v="Bannaville" /><tag k="oneway" v="no" /></way><way changeset="1" id="32631389" uid="1" timestamp="2026-05-15T09:34:42Z" version="1" visible="true" user="OSMnx"><nd ref="11555613765" /><nd ref="366910848" /><nd ref="11783256216" /><nd ref="564323280" /><nd ref="366910526" /><nd ref="564323277" /><nd ref="11776541421" /><nd ref="11779157303" /><nd ref="366910529" /><tag k="maxspeed" v="30" /><tag k="highway" v="residential" /><tag k="lanes" v="1" /><tag k="name" v="Mountpleasant Terrace" /><tag k="oneway" v="no" /></way><way changeset="1" id="32631503" uid="1" timestamp="2026-05-15T09:34:42Z" version="1" visible="true" user="OSMnx"><nd ref="366910936" /><nd ref="9216803670" /><nd ref="564399686" /><tag k="maxspeed" v="30" /><tag k="highway" v="residential" /><tag k="lanes" v="1" /><tag k="name" v="Athlumney Villas" /><tag k="oneway" v="no" /></way><way changeset="1" id="32744354" uid="1" timestamp="2026-05-15T09:34:42Z" version="1" visible="true" user="OSMnx"><nd ref="368409290" /><nd ref="8390553678" /><nd ref="368409490" /><nd ref="12549062042" /><nd ref="368409492" /><tag k="maxspeed" v="30" /><tag k="highway" v="residential" /><tag k="lanes" v="1" /><tag k="name" v="Chester Road" /><tag k="oneway" v="no" /></way><way changeset="1" id="32744356" uid="1" timestamp="2026-05-15T09:34:42Z" version="1" visible="true" user="OSMnx"><nd ref="368409490" /><nd ref="8866643823" /><nd ref="8685983423" /><nd ref="8685983424" /><nd ref="11776497241" /><nd ref="368409494" /><tag k="maxspeed" v="30" /><tag k="highway" v="residential" /><tag k="lanes" v="1" /><tag k="name" v="Chester Gardens" /><tag k="oneway" v="no" /></way><way changeset="1" id="32744360" uid="1" timestamp="2026-05-15T09:34:42Z" version="1" visible="true" user="OSMnx"><nd ref="368409949" /><nd ref="368410106" /><nd ref="2473982684" /><nd ref="368410107" /><nd ref="5362165215" /><nd ref="368410109" /><tag k="maxspeed" v="30" /><tag k="highway" v="residential" /><tag k="lanes" v="1" /><tag k="name" v="Rugby Villas" /><tag k="oneway" v="no" /></way><way changeset="1" id="32744362" uid="1" timestamp="2026-05-15T09:34:42Z" version="1" visible="true" user="OSMnx"><nd ref="368410445" /><nd ref="368410447" /><nd ref="12547678304" /><nd ref="368410451" /><nd ref="368410454" /><nd ref="368410456" /><tag k="maxspeed" v="30" /><tag k="highway" v="residential" /><tag k="lanes" v="1" /><tag k="name" v="Walker's Cottages" /><tag k="oneway" v="no" /></way><way changeset="1" id="32744380" uid="1" timestamp="2026-05-15T09:34:42Z" version="1" visible="true" user="OSMnx"><nd ref="368410149" /><nd ref="2473982514" /><nd ref="368410733" /><nd ref="4222251484" /><nd ref="3079127657" /><nd ref="368412506" /><nd ref="368410445" /><tag k="maxspeed" v="30" /><tag k="highway" v="residential" /><tag k="lanes" v="2" /><tag k="name" v="Mountpleasant Place" /><tag k="oneway" v="no" /></way><way changeset="1" id="32744391" uid="1" timestamp="2026-05-15T09:34:42Z" version="1" visible="true" user="OSMnx"><nd ref="368410447" /><nd ref="368411619" /><nd ref="2473982545" /><nd ref="2473982527" /><nd ref="4242269938" /><nd ref="2965981848" /><nd ref="2965981850" /><nd ref="368411620" /><tag k="maxspeed" v="30" /><tag k="highway" v="residential" /><tag k="lanes" v="1" /><tag k="name" v="Alma Court" /><tag k="oneway" v="no" /></way><way changeset="1" id="32744393" uid="1" timestamp="2026-05-15T09:34:42Z" version="1" visible="true" user="OSMnx"><nd ref="368411976" /><nd ref="368411620" /><nd ref="368410109" /><tag k="maxspeed" v="30" /><tag k="highway" v="residential" /><tag k="lanes" v="1" /><tag k="name" v="Rugby Villas" /><tag k="oneway" v="no" /></way><way changeset="1" id="32744453" uid="1" timestamp="2026-05-15T09:34:42Z" version="1" visible="true" user="OSMnx"><nd ref="368412503" /><nd ref="2965981847" /><nd ref="5083314645" /><nd ref="368412506" /><tag k="maxspeed" v="30" /><tag k="highway" v="residential" /><tag k="lanes" v="2" /><tag k="name" v="Swan Grove" /><tag k="oneway" v="no" /></way><way changeset="1" id="32779407" uid="1" timestamp="2026-05-15T09:34:42Z" version="1" visible="true" user="OSMnx"><nd ref="2421668722" /><nd ref="369213148" /><nd ref="2435024229" /><tag k="maxspeed" v="30" /><tag k="highway" v="residential" /><tag k="lanes" v="1" /><tag k="name" v="Synge Place" /><tag k="oneway" v="no" /></way><way changeset="1" id="33084428" uid="1" timestamp="2026-05-15T09:34:42Z" version="1" visible="true" user="OSMnx"><nd ref="373358305" /><nd ref="3063184053" /><nd ref="373358308" /><nd ref="560602862" /><nd ref="12194172713" /><nd ref="12194172705" /><nd ref="3063184091" /><nd ref="8881076285" /><nd ref="2772876330" /><nd ref="560602860" /><nd ref="373358309" /><nd ref="8881130713" /><nd ref="373358302" /><tag k="maxspeed" v="30" /><tag k="highway" v="residential" /><tag k="lanes" v="2" /><tag k="name" v="Church Gardens" /><tag k="oneway" v="no" /></way><way changeset="1" id="33854575" uid="1" timestamp="2026-05-15T09:34:42Z" version="1" visible="true" user="OSMnx"><nd ref="29400040" /><nd ref="4951768338" /><nd ref="366910936" /><tag k="ref" v="R117" /><tag k="maxspeed" v="50" /><tag k="highway" v="secondary" /><tag k="lanes" v="2" /><tag k="name" v="Ranelagh Road" /><tag k="oneway" v="no" /></way><way changeset="1" id="33854576" uid="1" timestamp="2026-05-15T09:34:42Z" version="1" visible="true" user="OSMnx"><nd ref="9100868" /><nd ref="32475145" /><tag k="ref" v="R138" /><tag k="maxspeed" v="50" /><tag k="highway" v="secondary" /><tag k="lanes" v="4" /><tag k="name" v="Leeson Street Upper" /><tag k="oneway" v="no" /></way><way changeset="1" id="33856942" uid="1" timestamp="2026-05-15T09:34:42Z" version="1" visible="true" user="OSMnx"><nd ref="5109926404" /><nd ref="11108144076" /><nd ref="9101161" /><tag k="ref" v="R811" /><tag k="maxspeed" v="50" /><tag k="highway" v="secondary" /><tag k="lanes" v="2" /><tag k="name" v="Adelaide Road" /><tag k="oneway" v="yes" /></way><way changeset="1" id="33909888" uid="1" timestamp="2026-05-15T09:34:42Z" version="1" visible="true" user="OSMnx"><nd ref="11822855723" /><nd ref="244447242" /><nd ref="8569974121" /><nd ref="8728124467" /><nd ref="324343708" /><tag k="ref" v="R138" /><tag k="maxspeed" v="50" /><tag k="highway" v="secondary" /><tag k="lanes" v="4" /><tag k="name" v="Morehampton Road" /><tag k="oneway" v="no" /></way><way changeset="1" id="33909889" uid="1" timestamp="2026-05-15T09:34:42Z" version="1" visible="true" user="OSMnx"><nd ref="324343708" /><nd ref="343103107" /><nd ref="8291817812" /><nd ref="324345974" /><nd ref="50881047" /><tag k="ref" v="R138" /><tag k="maxspeed" v="50" /><tag k="highway" v="secondary" /><tag k="lanes" v="4" /><tag k="name" v="Morehampton Road" /><tag k="oneway" v="no" /></way><way changeset="1" id="36819763" uid="1" timestamp="2026-05-15T09:34:42Z" version="1" visible="true" user="OSMnx"><nd ref="32335992" /><nd ref="621906393" /><nd ref="3821966544" /><nd ref="32335994" /><nd ref="564323345" /><nd ref="32335995" /><tag k="ref" v="R111" /><tag k="maxspeed" v="50" /><tag k="highway" v="secondary" /><tag k="lanes" v="2" /><tag k="name" v="Canal Road" /><tag k="oneway" v="no" /></way><way changeset="1" id="36819764" uid="1" timestamp="2026-05-15T09:34:42Z" version="1" visible="true" user="OSMnx"><nd ref="366910936" /><nd ref="658433" /><nd ref="658434" /><nd ref="658435" /><tag k="ref" v="R117" /><tag k="maxspeed" v="50" /><tag k="highway" v="secondary" /><tag k="lanes" v="2" /><tag k="name" v="Ranelagh Road" /><tag k="oneway" v="no" /></way><way changeset="1" id="37308498" uid="1" timestamp="2026-05-15T09:34:42Z" version="1" visible="true" user="OSMnx"><nd ref="5167802459" /><nd ref="5167802461" /><nd ref="5167802462" /><nd ref="324380086" /><nd ref="1567845159" /><nd ref="324380082" /><tag k="maxspeed" v="30" /><tag k="highway" v="residential" /><tag k="lanes" v="1" /><tag k="name" v="Pembroke Cottages" /><tag k="oneway" v="no" /></way><way changeset="1" id="37308499" uid="1" timestamp="2026-05-15T09:34:42Z" version="1" visible="true" user="OSMnx"><nd ref="5485419419" /><nd ref="799719180" /><nd ref="13087629665" /><nd ref="13087629664" /><nd ref="5167802463" /><nd ref="13087629666" /><nd ref="13087629667" /><nd ref="324380089" /><nd ref="324380075" /><tag k="maxspeed" v="30" /><tag k="highway" v="residential" /><tag k="lanes" v="1" /><tag k="name" v="Pembroke Cottages" /><tag k="oneway" v="no" /></way><way changeset="1" id="37308500" uid="1" timestamp="2026-05-15T09:34:42Z" version="1" visible="true" user="OSMnx"><nd ref="5167802460" /><nd ref="5485419419" /><nd ref="5485419418" /><tag k="maxspeed" v="30" /><tag k="highway" v="residential" /><tag k="lanes" v="1" /><tag k="name" v="Pembroke Cottages" /><tag k="oneway" v="no" /></way><way changeset="1" id="37883349" uid="1" timestamp="2026-05-15T09:34:42Z" version="1" visible="true" user="OSMnx"><nd ref="9100868" /><nd ref="1998326264" /><nd ref="4971395668" /><nd ref="12287207219" /><nd ref="5272691746" /><nd ref="2623600000" /><nd ref="2623599996" /><nd ref="2623599992" /><nd ref="444579646" /><tag k="ref" v="R138" /><tag k="maxspeed" v="50" /><tag k="highway" v="secondary" /><tag k="lanes" v="3" /><tag k="name" v="Leeson Street Upper" /><tag k="oneway" v="yes" /></way><way changeset="1" id="37883350" uid="1" timestamp="2026-05-15T09:34:42Z" version="1" visible="true" user="OSMnx"><nd ref="444579646" /><nd ref="13461899832" /><nd ref="444579653" /><nd ref="13461899831" /><nd ref="2465416054" /><nd ref="13461899833" /><nd ref="2623599990" /><nd ref="13461899834" /><nd ref="389701" /><tag k="ref" v="R138" /><tag k="maxspeed" v="50" /><tag k="highway" v="secondary" /><tag k="lanes" v="3" /><tag k="name" v="Leeson Street Upper" /><tag k="oneway" v="yes" /></way><way changeset="1" id="38023640" uid="1" timestamp="2026-05-15T09:34:42Z" version="1" visible="true" user="OSMnx"><nd ref="9101069" /><nd ref="11408762023" /><nd ref="11408762021" /><nd ref="26189923" /><tag k="ref" v="R138" /><tag k="maxspeed" v="50" /><tag k="highway" v="secondary" /><tag k="lanes" v="5" /><tag k="name" v="Leeson Street Lower" /><tag k="oneway" v="no" /></way><way changeset="1" id="38236300" uid="1" timestamp="2026-05-15T09:34:42Z" version="1" visible="true" user="OSMnx"><nd ref="450656589" /><nd ref="2777899439" /><nd ref="8713380008" /><nd ref="8303276380" /><nd ref="8303276373" /><nd ref="450656588" /><tag k="maxspeed" v="30" /><tag k="highway" v="residential" /><tag k="lanes" v="1" /><tag k="name" v="Westmoreland Park" /><tag k="oneway" v="no" /></way><way changeset="1" id="38236328" uid="1" timestamp="2026-05-15T09:34:42Z" version="1" visible="true" user="OSMnx"><nd ref="450657019" /><nd ref="3731536602" /><nd ref="450656974" /><nd ref="3731536603" /><nd ref="563884240" /><tag k="maxspeed" v="30" /><tag k="highway" v="residential" /><tag k="lanes" v="1" /><tag k="name" v="Elmwood Avenue Upper" /><tag k="oneway" v="no" /></way><way changeset="1" id="38236346" uid="1" timestamp="2026-05-15T09:34:42Z" version="1" visible="true" user="OSMnx"><nd ref="8710972000" /><nd ref="8710971999" /><nd ref="450657682" /><nd ref="564502685" /><nd ref="5245029564" /><nd ref="450657663" /><tag k="maxspeed" v="30" /><tag k="highway" v="residential" /><tag k="lanes" v="1" /><tag k="name" v="Ranelagh Avenue" /><tag k="oneway" v="no" /></way><way changeset="1" id="38239418" uid="1" timestamp="2026-05-15T09:34:42Z" version="1" visible="true" user="OSMnx"><nd ref="450711424" /><nd ref="8740712323" /><nd ref="8740712328" /><nd ref="8740712324" /><nd ref="450711427" /><nd ref="13463764661" /><nd ref="8747552300" /><nd ref="13463764660" /><nd ref="13463764659" /><nd ref="1251205674" /><nd ref="2766848588" /><tag k="maxspeed" v="30" /><tag k="highway" v="residential" /><tag k="lanes" v="2" /><tag k="name" v="Winton Road" /><tag k="oneway" v="yes" /></way><way changeset="1" id="38864096" uid="1" timestamp="2026-05-15T09:34:42Z" version="1" visible="true" user="OSMnx"><nd ref="132490146" /><nd ref="3025261617" /><nd ref="8658983346" /><nd ref="8658983348" /><nd ref="8658983350" /><nd ref="8658983352" /><nd ref="8658983354" /><nd ref="8658983356" /><nd ref="8659009949" /><nd ref="8659009947" /><nd ref="8659009934" /><nd ref="461626114" /><nd ref="8659009952" /><nd ref="8659009956" /><nd ref="8659009954" /><nd ref="8659009958" /><nd ref="8659009960" /><nd ref="8659051349" /><nd ref="8659009116" /><nd ref="8659009108" /><nd ref="243643592" /><tag k="maxspeed" v="30" /><tag k="highway" v="residential" /><tag k="name" v="Pembroke Gardens" /><tag k="oneway" v="no" /></way><way changeset="1" id="38864097" uid="1" timestamp="2026-05-15T09:34:42Z" version="1" visible="true" user="OSMnx"><nd ref="461626084" /><nd ref="3025261618" /><nd ref="3025261619" /><nd ref="8659051355" /><nd ref="8659051353" /><nd ref="8659051351" /><nd ref="461626114" /><tag k="maxspeed" v="30" /><tag k="highway" v="residential" /><tag k="name" v="Pembroke Gardens" /><tag k="oneway" v="no" /></way><way changeset="1" id="38864098" uid="1" timestamp="2026-05-15T09:34:42Z" version="1" visible="true" user="OSMnx"><nd ref="243643592" /><nd ref="12490289102" /><nd ref="8676062343" /><tag k="maxspeed" v="30" /><tag k="highway" v="residential" /><tag k="name" v="Saint Mary's Lane" /><tag k="oneway" v="no" /></way><way changeset="1" id="38864099" uid="1" timestamp="2026-05-15T09:34:42Z" version="1" visible="true" user="OSMnx"><nd ref="461626122" /><nd ref="461626135" /><nd ref="243643593" /><tag k="maxspeed" v="30" /><tag k="highway" v="residential" /><tag k="name" v="Haddington Place" /><tag k="oneway" v="no" /></way><way changeset="1" id="38864100" uid="1" timestamp="2026-05-15T09:34:42Z" version="1" visible="true" user="OSMnx"><nd ref="8676059196" /><nd ref="8676059194" /><nd ref="8676059192" /><nd ref="8676059190" /><nd ref="8676059188" /><nd ref="461626122" /><tag k="maxspeed" v="30" /><tag k="highway" v="residential" /><tag k="name" v="Saint Mary's Lane" /><tag k="oneway" v="no" /></way><way changeset="1" id="38864101" uid="1" timestamp="2026-05-15T09:34:42Z" version="1" visible="true" user="OSMnx"><nd ref="461626126" /><nd ref="13480379824" /><nd ref="461626134" /><nd ref="461626135" /><tag k="maxspeed" v="30" /><tag k="highway" v="residential" /><tag k="lanes" v="1" /><tag k="name" v="Haddington Place" /><tag k="oneway" v="no" /></way><way changeset="1" id="38864102" uid="1" timestamp="2026-05-15T09:34:42Z" version="1" visible="true" user="OSMnx"><nd ref="1606823804" /><nd ref="243643594" /><tag k="maxspeed" v="30" /><tag k="highway" v="residential" /><tag k="lanes" v="1" /><tag k="name" v="Eastmoreland Lane" /><tag k="oneway" v="yes" /></way><way changeset="1" id="38864103" uid="1" timestamp="2026-05-15T09:34:42Z" version="1" visible="true" user="OSMnx"><nd ref="461626139" /><nd ref="2461936952" /><nd ref="13480379814" /><nd ref="461626140" /><nd ref="2461937025" /><nd ref="2461936993" /><nd ref="2461936980" /><nd ref="461626144" /><tag k="maxspeed" v="30" /><tag k="highway" v="residential" /><tag k="lanes" v="2" /><tag k="name" v="Haddington Lane" /><tag k="oneway" v="no" /></way><way changeset="1" id="38864104" uid="1" timestamp="2026-05-15T09:34:42Z" version="1" visible="true" user="OSMnx"><nd ref="243643594" /><nd ref="13189821568" /><nd ref="32335404" /><tag k="maxspeed" v="30" /><tag k="highway" v="tertiary" /><tag k="lanes" v="2" /><tag k="name" v="Eastmoreland Place" /><tag k="oneway" v="no" /></way><way changeset="1" id="38918794" uid="1" timestamp="2026-05-15T09:34:42Z" version="1" visible="true" user="OSMnx"><nd ref="462353482" /><nd ref="2001070298" /><nd ref="6089168347" /><nd ref="462353483" /><nd ref="6089052487" /><nd ref="462353494" /><nd ref="462353484" /><nd ref="462353497" /><nd ref="5167958432" /><nd ref="5167958433" /><nd ref="462353485" /><nd ref="462353486" /><nd ref="462353487" /><nd ref="6089052486" /><nd ref="462353488" /><nd ref="462353490" /><nd ref="462353491" /><tag k="maxspeed" v="30" /><tag k="highway" v="residential" /><tag k="lanes" v="2" /><tag k="name" v="Burleigh Court" /><tag k="oneway" v="no" /></way><way changeset="1" id="38918797" uid="1" timestamp="2026-05-15T09:34:42Z" version="1" visible="true" user="OSMnx"><nd ref="462353491" /><nd ref="462353492" /><tag k="maxspeed" v="30" /><tag k="highway" v="residential" /><tag k="lanes" v="2" /><tag k="name" v="Burlington Gardens" /><tag k="oneway" v="no" /></way><way changeset="1" id="39034924" uid="1" timestamp="2026-05-15T09:34:42Z" version="1" visible="true" user="OSMnx"><nd ref="50881063" /><nd ref="5485537158" /><nd ref="465505035" /><tag k="maxspeed" v="30" /><tag k="highway" v="residential" /><tag k="lanes" v="1" /><tag k="name" v="Belmont Park" /><tag k="oneway" v="no" /></way><way changeset="1" id="39034925" uid="1" timestamp="2026-05-15T09:34:42Z" version="1" visible="true" user="OSMnx"><nd ref="50881072" /><nd ref="8837012434" /><nd ref="5167802448" /><nd ref="465505037" /><nd ref="465505036" /><tag k="maxspeed" v="30" /><tag k="highway" v="residential" /><tag k="lanes" v="1" /><tag k="name" v="Belmont Villas" /><tag k="oneway" v="no" /></way><way changeset="1" id="39034927" uid="1" timestamp="2026-05-15T09:34:42Z" version="1" visible="true" user="OSMnx"><nd ref="50881078" /><nd ref="5167802441" /><nd ref="465505043" /><nd ref="465505041" /><tag k="maxspeed" v="30" /><tag k="highway" v="residential" /><tag k="lanes" v="1" /><tag k="name" v="Belmont Gardens" /><tag k="oneway" v="no" /></way><way changeset="1" id="39034928" uid="1" timestamp="2026-05-15T09:34:42Z" version="1" visible="true" user="OSMnx"><nd ref="465505042" /><nd ref="465505043" /><tag k="maxspeed" v="30" /><tag k="highway" v="residential" /><tag k="lanes" v="1" /><tag k="name" v="Belmont Gardens" /><tag k="oneway" v="no" /></way><way changeset="1" id="39034929" uid="1" timestamp="2026-05-15T09:34:42Z" version="1" visible="true" user="OSMnx"><nd ref="50881066" /><nd ref="465505044" /><nd ref="465505045" /><nd ref="2465416042" /><nd ref="465505046" /><nd ref="5155938431" /><nd ref="465505047" /><nd ref="5155938423" /><nd ref="465505049" /><nd ref="5155938428" /><nd ref="465505050" /><nd ref="465505051" /><nd ref="5155938430" /><nd ref="465505052" /><nd ref="465505053" /><nd ref="11772438001" /><nd ref="5155938427" /><nd ref="465505054" /><nd ref="465505070" /><nd ref="465505055" /><nd ref="465505056" /><nd ref="465505057" /><nd ref="465505068" /><nd ref="465505058" /><nd ref="465505060" /><nd ref="465505061" /><nd ref="6580308927" /><nd ref="465505062" /><nd ref="465505063" /><nd ref="465505067" /><nd ref="5167802446" /><nd ref="465505064" /><nd ref="465505065" /><nd ref="465505066" /><tag k="maxspeed" v="15" /><tag k="highway" v="residential" /><tag k="lanes" v="2" /><tag k="access" v="permissive" /><tag k="name" v="Donnybrook Manor" /><tag k="oneway" v="no" /></way><way changeset="1" id="39034930" uid="1" timestamp="2026-05-15T09:34:42Z" version="1" visible="true" user="OSMnx"><nd ref="465505050" /><nd ref="465505071" /><nd ref="465505072" /><tag k="maxspeed" v="15" /><tag k="highway" v="residential" /><tag k="lanes" v="2" /><tag k="access" v="permissive" /><tag k="name" v="Donnybrook Manor" /><tag k="oneway" v="no" /></way><way changeset="1" id="39034931" uid="1" timestamp="2026-05-15T09:34:42Z" version="1" visible="true" user="OSMnx"><nd ref="465505055" /><nd ref="465505073" /><tag k="maxspeed" v="15" /><tag k="highway" v="residential" /><tag k="lanes" v="2" /><tag k="access" v="permissive" /><tag k="name" v="Donnybrook Manor" /><tag k="oneway" v="no" /></way><way changeset="1" id="39034932" uid="1" timestamp="2026-05-15T09:34:42Z" version="1" visible="true" user="OSMnx"><nd ref="465505061" /><nd ref="465505074" /><tag k="maxspeed" v="15" /><tag k="highway" v="residential" /><tag k="lanes" v="2" /><tag k="access" v="permissive" /><tag k="name" v="Donnybrook Manor" /><tag k="oneway" v="no" /></way><way changeset="1" id="39034933" uid="1" timestamp="2026-05-15T09:34:42Z" version="1" visible="true" user="OSMnx"><nd ref="465505075" /><nd ref="465505074" /><nd ref="465505076" /><tag k="maxspeed" v="15" /><tag k="highway" v="residential" /><tag k="lanes" v="2" /><tag k="access" v="permissive" /><tag k="name" v="Donnybrook Manor" /><tag k="oneway" v="no" /></way><way changeset="1" id="39034934" uid="1" timestamp="2026-05-15T09:34:42Z" version="1" visible="true" user="OSMnx"><nd ref="465505058" /><nd ref="465505077" /><tag k="maxspeed" v="15" /><tag k="highway" v="residential" /><tag k="lanes" v="2" /><tag k="access" v="permissive" /><tag k="name" v="Donnybrook Manor" /><tag k="oneway" v="no" /></way><way changeset="1" id="39245033" uid="1" timestamp="2026-05-15T09:34:42Z" version="1" visible="true" user="OSMnx"><nd ref="470222757" /><nd ref="2496354320" /><nd ref="2496354318" /><nd ref="2760514506" /><nd ref="4633545123" /><nd ref="4633545124" /><nd ref="2760559802" /><nd ref="2760559800" /><nd ref="4592206956" /><tag k="highway" v="residential" /><tag k="lanes" v="2" /><tag k="access" v="permissive" /><tag k="name" v="Eglinton Court" /><tag k="oneway" v="no" /></way><way changeset="1" id="39245034" uid="1" timestamp="2026-05-15T09:34:42Z" version="1" visible="true" user="OSMnx"><nd ref="43326195" /><nd ref="2496353015" /><nd ref="470222760" /><nd ref="2496353013" /><nd ref="470222761" /><nd ref="470222762" /><nd ref="2496353011" /><nd ref="470222766" /><nd ref="2496353009" /><nd ref="470222763" /><nd ref="2496353007" /><nd ref="470222764" /><nd ref="4951624898" /><nd ref="4951624896" /><tag k="maxspeed" v="30" /><tag k="highway" v="residential" /><tag k="lanes" v="1" /><tag k="name" v="Eglinton Park" /><tag k="oneway" v="no" /></way><way changeset="1" id="39245036" uid="1" timestamp="2026-05-15T09:34:42Z" version="1" visible="true" user="OSMnx"><nd ref="414688663" /><nd ref="1686284409" /><nd ref="8815667175" /><nd ref="414688664" /><nd ref="414688666" /><nd ref="2400961359" /><nd ref="11772450312" /><nd ref="4905055703" /><nd ref="11772516873" /><nd ref="414688669" /><nd ref="2496354323" /><nd ref="2496354324" /><nd ref="2496354326" /><tag k="maxspeed" v="30" /><tag k="highway" v="residential" /><tag k="lanes" v="1" /><tag k="name" v="Brookvale Road" /><tag k="oneway" v="no" /></way><way changeset="1" id="39245037" uid="1" timestamp="2026-05-15T09:34:42Z" version="1" visible="true" user="OSMnx"><nd ref="414688669" /><nd ref="11772516906" /><nd ref="470222767" /><nd ref="470222768" /><tag k="maxspeed" v="30" /><tag k="highway" v="residential" /><tag k="lanes" v="1" /><tag k="name" v="Harmony Avenue" /><tag k="oneway" v="no" /></way><way changeset="1" id="39245038" uid="1" timestamp="2026-05-15T09:34:42Z" version="1" visible="true" user="OSMnx"><nd ref="43326199" /><nd ref="470222769" /><nd ref="470222771" /><nd ref="470222770" /><tag k="maxspeed" v="30" /><tag k="highway" v="residential" /><tag k="lanes" v="2" /><tag k="name" v="Eglinton Square" /><tag k="oneway" v="no" /></way><way changeset="1" id="39245039" uid="1" timestamp="2026-05-15T09:34:42Z" version="1" visible="true" user="OSMnx"><nd ref="470222771" /><nd ref="470222772" /><tag k="maxspeed" v="30" /><tag k="highway" v="residential" /><tag k="lanes" v="2" /><tag k="name" v="Eglinton Square" /><tag k="oneway" v="no" /></way><way changeset="1" id="39245040" uid="1" timestamp="2026-05-15T09:34:42Z" version="1" visible="true" user="OSMnx"><nd ref="470222769" /><nd ref="13087660817" /><nd ref="13087660818" /><nd ref="13087660816" /><nd ref="470222773" /><nd ref="470222774" /><tag k="maxspeed" v="30" /><tag k="highway" v="residential" /><tag k="lanes" v="2" /><tag k="name" v="Eglinton Square" /><tag k="oneway" v="no" /></way><way changeset="1" id="39371977" uid="1" timestamp="2026-05-15T09:34:42Z" version="1" visible="true" user="OSMnx"><nd ref="9631320528" /><nd ref="13199983763" /><nd ref="8584419618" /><nd ref="8584419603" /><nd ref="11935720403" /><nd ref="11935720393" /><nd ref="8668961618" /><tag k="maxspeed" v="30" /><tag k="highway" v="residential" /><tag k="lanes" v="2" /><tag k="name" v="Morehampton Lane" /><tag k="oneway" v="no" /></way><way changeset="1" id="39406421" uid="1" timestamp="2026-05-15T09:34:42Z" version="1" visible="true" user="OSMnx"><nd ref="389710" /><nd ref="472134564" /><nd ref="599217707" /><nd ref="11535178181" /><nd ref="4299733641" /><nd ref="11771182651" /><nd ref="2397232514" /><nd ref="5486199693" /><nd ref="665785" /><tag k="maxspeed" v="30" /><tag k="highway" v="residential" /><tag k="lanes" v="1" /><tag k="name" v="The Crescent" /><tag k="oneway" v="no" /></way><way changeset="1" id="39406423" uid="1" timestamp="2026-05-15T09:34:42Z" version="1" visible="true" user="OSMnx"><nd ref="472134567" /><nd ref="472134570" /><tag k="maxspeed" v="30" /><tag k="highway" v="residential" /><tag k="lanes" v="1" /><tag k="name" v="Morehampton Terrace" /><tag k="oneway" v="no" /></way><way changeset="1" id="39499714" uid="1" timestamp="2026-05-15T09:34:42Z" version="1" visible="true" user="OSMnx"><nd ref="472134570" /><nd ref="5417187894" /><nd ref="472134568" /><nd ref="5494136508" /><nd ref="472134569" /><tag k="maxspeed" v="30" /><tag k="highway" v="residential" /><tag k="lanes" v="1" /><tag k="name" v="Morehampton Terrace" /><tag k="oneway" v="no" /></way><way changeset="1" id="39540888" uid="1" timestamp="2026-05-15T09:34:42Z" version="1" visible="true" user="OSMnx"><nd ref="473746696" /><nd ref="5167772734" /><tag k="ref" v="R138" /><tag k="maxspeed" v="50" /><tag k="highway" v="secondary" /><tag k="lanes" v="4" /><tag k="name" v="Morehampton Road" /><tag k="oneway" v="no" /></way><way changeset="1" id="39653561" uid="1" timestamp="2026-05-15T09:34:42Z" version="1" visible="true" user="OSMnx"><nd ref="389707" /><nd ref="2465416105" /><nd ref="475352443" /><nd ref="5817986262" /><nd ref="2465416097" /><nd ref="475352444" /><tag k="maxspeed" v="30" /><tag k="highway" v="residential" /><tag k="lanes" v="2" /><tag k="oneway" v="no" /></way><way changeset="1" id="40387490" uid="1" timestamp="2026-05-15T09:34:42Z" version="1" visible="true" user="OSMnx"><nd ref="488189819" /><nd ref="2496354319" /><nd ref="488189822" /><nd ref="488189824" /><nd ref="5155929182" /><nd ref="488189827" /><nd ref="11709382372" /><nd ref="488189828" /><nd ref="2760559814" /><nd ref="11709382371" /><nd ref="488189830" /><nd ref="2760559810" /><tag k="maxspeed" v="30" /><tag k="highway" v="residential" /><tag k="lanes" v="1" /><tag k="name" v="Eglinton Wood" /><tag k="oneway" v="no" /></way><way changeset="1" id="40817626" uid="1" timestamp="2026-05-15T09:34:42Z" version="1" visible="true" user="OSMnx"><nd ref="496282465" /><nd ref="496282462" /><tag k="maxspeed" v="30" /><tag k="highway" v="residential" /><tag k="lanes" v="1" /><tag k="name" v="Carlisle Avenue" /><tag k="oneway" v="no" /></way><way changeset="1" id="40817627" uid="1" timestamp="2026-05-15T09:34:42Z" version="1" visible="true" user="OSMnx"><nd ref="496282462" /><nd ref="8414671881" /><nd ref="8414671901" /><nd ref="496282463" /><nd ref="496282467" /><nd ref="8414671880" /><nd ref="496282465" /><tag k="maxspeed" v="30" /><tag k="highway" v="residential" /><tag k="lanes" v="1" /><tag k="name" v="Carlisle Avenue" /><tag k="oneway" v="no" /></way><way changeset="1" id="40988793" uid="1" timestamp="2026-05-15T09:34:42Z" version="1" visible="true" user="OSMnx"><nd ref="499551717" /><nd ref="8384777266" /><nd ref="499551727" /><nd ref="13714475662" /><nd ref="13714475660" /><nd ref="13714531717" /><nd ref="13714476625" /><nd ref="13714476627" /><nd ref="13714475665" /><nd ref="13714475667" /><nd ref="13714475670" /><nd ref="499551723" /><nd ref="13711728530" /><nd ref="13711728528" /><nd ref="13711728526" /><nd ref="13711727485" /><nd ref="13714535214" /><nd ref="11702489487" /><tag k="maxspeed" v="30" /><tag k="highway" v="residential" /><tag k="lanes" v="1" /><tag k="name" v="Sandford Avenue" /><tag k="oneway" v="no" /></way><way changeset="1" id="40988794" uid="1" timestamp="2026-05-15T09:34:42Z" version="1" visible="true" user="OSMnx"><nd ref="499551723" /><nd ref="13714535203" /><nd ref="499551725" /><tag k="maxspeed" v="30" /><tag k="highway" v="residential" /><tag k="name" v="Ransford" /><tag k="oneway" v="no" /></way><way changeset="1" id="40988799" uid="1" timestamp="2026-05-15T09:34:42Z" version="1" visible="true" user="OSMnx"><nd ref="50881093" /><nd ref="8384777267" /><nd ref="499551745" /><tag k="maxspeed" v="30" /><tag k="highway" v="residential" /><tag k="lanes" v="1" /><tag k="name" v="Bushfield Avenue" /><tag k="oneway" v="no" /></way><way changeset="1" id="40988800" uid="1" timestamp="2026-05-15T09:34:42Z" version="1" visible="true" user="OSMnx"><nd ref="499551743" /><nd ref="499551745" /><tag k="maxspeed" v="30" /><tag k="highway" v="residential" /><tag k="lanes" v="1" /><tag k="name" v="Hampton Court" /><tag k="oneway" v="no" /></way><way changeset="1" id="40988801" uid="1" timestamp="2026-05-15T09:34:42Z" version="1" visible="true" user="OSMnx"><nd ref="499551747" /><nd ref="13508212188" /><nd ref="13686096116" /><nd ref="499551749" /><tag k="maxspeed" v="30" /><tag k="highway" v="residential" /><tag k="lanes" v="1" /><tag k="name" v="Bushfield Place" /><tag k="oneway" v="no" /></way><way changeset="1" id="40988802" uid="1" timestamp="2026-05-15T09:34:42Z" version="1" visible="true" user="OSMnx"><nd ref="499551753" /><nd ref="13508185631" /><nd ref="13508185633" /><nd ref="13686093025" /><nd ref="13508185635" /><nd ref="13686093023" /><nd ref="13686093021" /><nd ref="13508185637" /><nd ref="13686095623" /><nd ref="13508185639" /><nd ref="13686095621" /><nd ref="13508185641" /><nd ref="13686095619" /><nd ref="13508185643" /><nd ref="13686022276" /><nd ref="499551747" /><nd ref="13686022278" /><nd ref="13686022268" /><nd ref="13686083859" /><nd ref="13686022264" /><nd ref="13686022266" /><nd ref="8828260409" /><tag k="maxspeed" v="30" /><tag k="highway" v="residential" /><tag k="lanes" v="2" /><tag k="name" v="Bushfield Terrace" /><tag k="oneway" v="no" /></way><way changeset="1" id="40988804" uid="1" timestamp="2026-05-15T09:34:42Z" version="1" visible="true" user="OSMnx"><nd ref="499551753" /><nd ref="13686024769" /><nd ref="499551762" /><nd ref="13686024751" /><nd ref="13686024752" /><nd ref="13686024750" /><nd ref="1342310033" /><tag k="maxspeed" v="30" /><tag k="highway" v="residential" /><tag k="lanes" v="1" /><tag k="name" v="Smith's Cottages" /><tag k="oneway" v="no" /></way><way changeset="1" id="40988807" uid="1" timestamp="2026-05-15T09:34:42Z" version="1" visible="true" user="OSMnx"><nd ref="9836579982" /><nd ref="9631320522" /><nd ref="9631320526" /><nd ref="1281327628" /><nd ref="12531622465" /><nd ref="11712084678" /><nd ref="3011045906" /><nd ref="496282459" /><nd ref="499551717" /><nd ref="3011045905" /><nd ref="50881093" /><nd ref="13686024768" /><nd ref="2784725492" /><nd ref="13505128340" /><nd ref="13505128337" /><nd ref="13505128334" /><nd ref="13505128330" /><nd ref="3011045903" /><nd ref="13505128328" /><nd ref="13505128325" /><nd ref="13505128322" /><nd ref="9130228835" /><nd ref="13505128319" /><nd ref="1342309889" /><nd ref="13505128316" /><nd ref="12871528275" /><nd ref="12177679237" /><nd ref="13686143252" /><nd ref="13686143251" /><nd ref="2784725491" /><tag k="maxspeed" v="50" /><tag k="highway" v="tertiary" /><tag k="lanes" v="2" /><tag k="name" v="Marlborough Road" /><tag k="oneway" v="no" /></way><way changeset="1" id="41052576" uid="1" timestamp="2026-05-15T09:34:42Z" version="1" visible="true" user="OSMnx"><nd ref="12647824286" /><nd ref="500277492" /><nd ref="500277499" /><nd ref="12647824284" /><nd ref="12647824283" /><nd ref="12647824285" /><nd ref="500277502" /><nd ref="500277508" /><nd ref="560602854" /><tag k="maxspeed" v="30" /><tag k="highway" v="residential" /><tag k="lanes" v="2" /><tag k="name" v="Charleville Road" /><tag k="oneway" v="no" /></way><way changeset="1" id="42902482" uid="1" timestamp="2026-05-15T09:34:42Z" version="1" visible="true" user="OSMnx"><nd ref="8636741196" /><nd ref="8300951956" /><nd ref="8636741197" /><nd ref="537203676" /><nd ref="3063184653" /><nd ref="537203668" /><tag k="maxspeed" v="30" /><tag k="highway" v="residential" /><tag k="lanes" v="1" /><tag k="name" v="Church Lane" /><tag k="oneway" v="no" /></way><way changeset="1" id="44006458" uid="1" timestamp="2026-05-15T09:34:42Z" version="1" visible="true" user="OSMnx"><nd ref="559558171" /><nd ref="4897386672" /><nd ref="12552029769" /><nd ref="564908535" /><nd ref="3001681186" /><nd ref="3001681184" /><nd ref="3597709698" /><tag k="maxspeed" v="30" /><tag k="highway" v="residential" /><tag k="lanes" v="2" /><tag k="name" v="Observatory Lane" /><tag k="oneway" v="no" /></way><way changeset="1" id="44007601" uid="1" timestamp="2026-05-15T09:34:42Z" version="1" visible="true" user="OSMnx"><nd ref="559572093" /><nd ref="5057760199" /><nd ref="2425181805" /><nd ref="4022222476" /><nd ref="4022222472" /><nd ref="3169195638" /><nd ref="3169195644" /><tag k="maxspeed" v="30" /><tag k="highway" v="residential" /><tag k="lanes" v="2" /><tag k="name" v="Blackberry Lane" /><tag k="oneway" v="no" /></way><way changeset="1" id="44033282" uid="1" timestamp="2026-05-15T09:34:42Z" version="1" visible="true" user="OSMnx"><nd ref="559828162" /><nd ref="564453089" /><nd ref="3520960824" /><tag k="maxspeed" v="30" /><tag k="highway" v="residential" /><tag k="lanes" v="2" /><tag k="name" v="Rathmines Avenue" /><tag k="oneway" v="no" /></way><way changeset="1" id="44033283" uid="1" timestamp="2026-05-15T09:34:42Z" version="1" visible="true" user="OSMnx"><nd ref="657358" /><nd ref="8390553662" /><nd ref="12191242002" /><nd ref="559828166" /><nd ref="12191242001" /><nd ref="2371748417" /><nd ref="559828167" /><nd ref="2371748437" /><nd ref="559828168" /><nd ref="559828169" /><nd ref="559828170" /><tag k="maxspeed" v="30" /><tag k="highway" v="residential" /><tag k="lanes" v="2" /><tag k="name" v="Castlewood Terrace" /><tag k="oneway" v="no" /></way><way changeset="1" id="44033284" uid="1" timestamp="2026-05-15T09:34:42Z" version="1" visible="true" user="OSMnx"><nd ref="243643614" /><nd ref="8390553393" /><nd ref="3731545507" /><nd ref="8593649963" /><nd ref="3731545508" /><nd ref="11837813766" /><nd ref="8595984043" /><nd ref="559828182" /><nd ref="8593649783" /><nd ref="559828189" /><nd ref="559828190" /><nd ref="559828191" /><nd ref="11837813765" /><nd ref="559828192" /><nd ref="3731542127" /><nd ref="559828193" /><nd ref="11817429095" /><nd ref="559828194" /><nd ref="11837813764" /><nd ref="559828195" /><nd ref="8593649959" /><nd ref="8593649924" /><nd ref="559828198" /><nd ref="11837813763" /><nd ref="559828199" /><nd ref="3732290519" /><nd ref="1426048622" /><tag k="maxspeed" v="30" /><tag k="highway" v="residential" /><tag k="lanes" v="1" /><tag k="name" v="Oakley Road" /><tag k="oneway" v="yes" /></way><way changeset="1" id="44080646" uid="1" timestamp="2026-05-15T09:34:42Z" version="1" visible="true" user="OSMnx"><nd ref="389710" /><nd ref="11712084687" /><nd ref="11771182648" /><nd ref="50881053" /><nd ref="2465416048" /><nd ref="5476989782" /><nd ref="686601221" /><nd ref="11771283072" /><nd ref="11771283071" /><nd ref="11771283070" /><nd ref="13599719091" /><nd ref="389711" /><tag k="ref" v="R138" /><tag k="maxspeed" v="50" /><tag k="highway" v="secondary" /><tag k="lanes" v="4" /><tag k="name" v="Donnybrook Road" /><tag k="oneway" v="no" /></way><way changeset="1" id="44116651" uid="1" timestamp="2026-05-15T09:34:42Z" version="1" visible="true" user="OSMnx"><nd ref="54829907" /><nd ref="560602859" /><nd ref="54829910" /><nd ref="54829913" /><nd ref="8552255054" /><nd ref="54829917" /><nd ref="54829919" /><nd ref="2403995920" /><nd ref="54829922" /><nd ref="54829923" /><tag k="maxspeed" v="30" /><tag k="highway" v="residential" /><tag k="name" v="Cambridge Villas" /><tag k="oneway" v="yes" /></way><way changeset="1" id="44116652" uid="1" timestamp="2026-05-15T09:34:42Z" version="1" visible="true" user="OSMnx"><nd ref="657357" /><nd ref="11654353307" /><nd ref="2403995910" /><nd ref="560602858" /><tag k="ref" v="R114" /><tag k="maxspeed" v="50" /><tag k="highway" v="secondary" /><tag k="lanes" v="3" /><tag k="name" v="Rathmines Road Lower" /><tag k="oneway" v="no" /></way><way changeset="1" id="44116653" uid="1" timestamp="2026-05-15T09:34:42Z" version="1" visible="true" user="OSMnx"><nd ref="560602860" /><nd ref="560602861" /><tag k="maxspeed" v="30" /><tag k="highway" v="residential" /><tag k="lanes" v="2" /><tag k="name" v="Church Gardens" /><tag k="oneway" v="no" /></way><way changeset="1" id="44116654" uid="1" timestamp="2026-05-15T09:34:42Z" version="1" visible="true" user="OSMnx"><nd ref="500277508" /><nd ref="564516783" /><nd ref="560602851" /><nd ref="4411216022" /><nd ref="2764375110" /><nd ref="560602857" /><nd ref="5245064895" /><nd ref="2764375114" /><nd ref="560602858" /><tag k="maxspeed" v="30" /><tag k="highway" v="residential" /><tag k="lanes" v="1" /><tag k="name" v="Wynnefield Road" /><tag k="oneway" v="yes" /></way><way changeset="1" id="44116655" uid="1" timestamp="2026-05-15T09:34:42Z" version="1" visible="true" user="OSMnx"><nd ref="666729" /><nd ref="8190703774" /><nd ref="560602854" /><tag k="maxspeed" v="30" /><tag k="highway" v="residential" /><tag k="lanes" v="1" /><tag k="name" v="Charleville Road" /><tag k="oneway" v="yes" /></way><way changeset="1" id="44116660" uid="1" timestamp="2026-05-15T09:34:42Z" version="1" visible="true" user="OSMnx"><nd ref="560602883" /><nd ref="8878407256" /><nd ref="5661606325" /><nd ref="560602904" /><tag k="maxspeed" v="30" /><tag k="highway" v="residential" /><tag k="lanes" v="2" /><tag k="name" v="Leinster Square" /><tag k="oneway" v="no" /></way><way changeset="1" id="44116663" uid="1" timestamp="2026-05-15T09:34:42Z" version="1" visible="true" user="OSMnx"><nd ref="373358304" /><nd ref="10606603123" /><nd ref="11654353306" /><nd ref="10606603132" /><nd ref="657357" /><tag k="maxspeed" v="50" /><tag k="highway" v="tertiary" /><tag k="lanes" v="2" /><tag k="name" v="Castlewood Avenue" /><tag k="oneway" v="no" /></way><way changeset="1" id="44116667" uid="1" timestamp="2026-05-15T09:34:42Z" version="1" visible="true" user="OSMnx"><nd ref="560602896" /><nd ref="560602879" /><tag k="maxspeed" v="30" /><tag k="highway" v="residential" /><tag k="lanes" v="1" /><tag k="name" v="Greenwich Court" /><tag k="oneway" v="no" /></way><way changeset="1" id="44116668" uid="1" timestamp="2026-05-15T09:34:42Z" version="1" visible="true" user="OSMnx"><nd ref="560602897" /><nd ref="12191242016" /><nd ref="560602879" /><nd ref="560602881" /><nd ref="560602878" /><tag k="maxspeed" v="30" /><tag k="highway" v="residential" /><tag k="lanes" v="1" /><tag k="name" v="Swanville Place" /><tag k="oneway" v="no" /></way><way changeset="1" id="44116671" uid="1" timestamp="2026-05-15T09:34:42Z" version="1" visible="true" user="OSMnx"><nd ref="560602897" /><nd ref="10606603121" /><nd ref="11654353305" /><tag k="ref" v="R114" /><tag k="maxspeed" v="50" /><tag k="highway" v="secondary" /><tag k="lanes" v="2" /><tag k="name" v="Rathmines Road Lower" /><tag k="oneway" v="no" /></way><way changeset="1" id="44116677" uid="1" timestamp="2026-05-15T09:34:42Z" version="1" visible="true" user="OSMnx"><nd ref="56570274" /><nd ref="9588688394" /><nd ref="560602931" /><tag k="maxspeed" v="30" /><tag k="highway" v="residential" /><tag k="lanes" v="1" /><tag k="name" v="Belgrave Place" /><tag k="oneway" v="no" /></way><way changeset="1" id="44116678" uid="1" timestamp="2026-05-15T09:34:42Z" version="1" visible="true" user="OSMnx"><nd ref="4347349134" /><nd ref="373358311" /><nd ref="291654538" /><nd ref="3063184664" /><nd ref="291654542" /><nd ref="291654545" /><nd ref="291654559" /><nd ref="291654565" /><nd ref="54829933" /><tag k="maxspeed" v="30" /><tag k="highway" v="residential" /><tag k="lanes" v="1" /><tag k="name" v="Purser Gardens" /><tag k="oneway" v="no" /></way><way changeset="1" id="44116679" uid="1" timestamp="2026-05-15T09:34:42Z" version="1" visible="true" user="OSMnx"><nd ref="560602940" /><nd ref="560602941" /><nd ref="560602942" /><tag k="maxspeed" v="30" /><tag k="highway" v="residential" /><tag k="lanes" v="1" /><tag k="name" v="Gulistan Place" /><tag k="oneway" v="no" /></way><way changeset="1" id="44116683" uid="1" timestamp="2026-05-15T09:34:42Z" version="1" visible="true" user="OSMnx"><nd ref="560602947" /><nd ref="560602945" /><nd ref="560602946" /><nd ref="560602937" /><nd ref="560602938" /><nd ref="560602939" /><nd ref="560602922" /><nd ref="560602923" /><nd ref="560602924" /><tag k="maxspeed" v="30" /><tag k="highway" v="residential" /><tag k="lanes" v="1" /><tag k="name" v="Gulistan Terrace" /><tag k="oneway" v="no" /></way><way changeset="1" id="44368355" uid="1" timestamp="2026-05-15T09:34:42Z" version="1" visible="true" user="OSMnx"><nd ref="563884223" /><nd ref="2617479195" /><nd ref="563884227" /><nd ref="563884229" /><nd ref="563884230" /><nd ref="12532757871" /><nd ref="2617479197" /><nd ref="563884260" /><nd ref="3734242255" /><nd ref="563884262" /><nd ref="8593585618" /><nd ref="563884266" /><nd ref="563884267" /><nd ref="563884265" /><nd ref="8394950422" /><nd ref="3734242271" /><nd ref="8390553251" /><tag k="maxspeed" v="30" /><tag k="highway" v="residential" /><tag k="name" v="Mornington Road" /><tag k="oneway" v="no" /></way><way changeset="1" id="44368361" uid="1" timestamp="2026-05-15T09:34:42Z" version="1" visible="true" user="OSMnx"><nd ref="666339" /><nd ref="8390553684" /><nd ref="563894051" /><nd ref="12532904721" /><nd ref="3734242272" /><nd ref="3734242269" /><nd ref="8394950423" /><nd ref="563884265" /><tag k="maxspeed" v="30" /><tag k="highway" v="residential" /><tag k="name" v="Ashfield Avenue" /><tag k="oneway" v="no" /></way><way changeset="1" id="44368510" uid="1" timestamp="2026-05-15T09:34:42Z" version="1" visible="true" user="OSMnx"><nd ref="563885194" /><nd ref="8392313777" /><nd ref="563885195" /><nd ref="563885196" /><nd ref="563885197" /><tag k="maxspeed" v="30" /><tag k="highway" v="residential" /><tag k="lanes" v="2" /><tag k="name" v="Manders Terrace" /><tag k="oneway" v="no" /></way><way changeset="1" id="44368511" uid="1" timestamp="2026-05-15T09:34:42Z" version="1" visible="true" user="OSMnx"><nd ref="563885198" /><nd ref="563885197" /><nd ref="563885199" /><nd ref="563885200" /><tag k="maxspeed" v="30" /><tag k="highway" v="residential" /><tag k="lanes" v="2" /><tag k="name" v="Manders Terrace" /><tag k="oneway" v="no" /></way><way changeset="1" id="44368819" uid="1" timestamp="2026-05-15T09:34:42Z" version="1" visible="true" user="OSMnx"><nd ref="563887684" /><nd ref="8390553510" /><nd ref="564078496" /><nd ref="563887681" /><tag k="maxspeed" v="30" /><tag k="highway" v="residential" /><tag k="lanes" v="1" /><tag k="name" v="Killeen Road" /><tag k="oneway" v="no" /></way><way changeset="1" id="44368820" uid="1" timestamp="2026-05-15T09:34:42Z" version="1" visible="true" user="OSMnx"><nd ref="563887684" /><nd ref="8390553628" /><nd ref="665856" /><tag k="maxspeed" v="30" /><tag k="highway" v="tertiary" /><tag k="lanes" v="2" /><tag k="name" v="Belgrave Road" /><tag k="oneway" v="no" /></way><way changeset="1" id="44369403" uid="1" timestamp="2026-05-15T09:34:42Z" version="1" visible="true" user="OSMnx"><nd ref="563895143" /><nd ref="8390553366" /><nd ref="563895146" /><nd ref="563895150" /><nd ref="563895153" /><nd ref="563895157" /><nd ref="563895159" /><nd ref="563895161" /><nd ref="563895162" /><nd ref="563895163" /><nd ref="563895164" /><nd ref="563895166" /><nd ref="563895167" /><tag k="maxspeed" v="30" /><tag k="highway" v="residential" /><tag k="lanes" v="2" /><tag k="name" v="Belgrave View" /><tag k="oneway" v="no" /></way><way changeset="1" id="44369404" uid="1" timestamp="2026-05-15T09:34:42Z" version="1" visible="true" user="OSMnx"><nd ref="563895169" /><nd ref="563895167" /><nd ref="563895171" /><tag k="maxspeed" v="30" /><tag k="highway" v="residential" /><tag k="lanes" v="2" /><tag k="name" v="Belgrave View" /><tag k="oneway" v="no" /></way><way changeset="1" id="44375791" uid="1" timestamp="2026-05-15T09:34:42Z" version="1" visible="true" user="OSMnx"><nd ref="564068914" /><nd ref="5083380000" /><nd ref="2473982533" /><nd ref="2473982609" /><nd ref="2473982601" /><nd ref="12535122797" /><nd ref="564068912" /><nd ref="564068915" /><nd ref="8390553364" /><nd ref="563987490" /><tag k="maxspeed" v="30" /><tag k="highway" v="residential" /><tag k="lanes" v="1" /><tag k="name" v="Charleston Avenue" /><tag k="oneway" v="no" /></way><way changeset="1" id="44382940" uid="1" timestamp="2026-05-15T09:34:42Z" version="1" visible="true" user="OSMnx"><nd ref="1426048628" /><nd ref="564076269" /><nd ref="8392313794" /><nd ref="12198097430" /><nd ref="3659259224" /><nd ref="2764492251" /><nd ref="564076274" /><nd ref="8392313792" /><tag k="maxspeed" v="50" /><tag k="highway" v="tertiary_link" /><tag k="lanes" v="1" /><tag k="name" v="Fields Terrace" /><tag k="oneway" v="yes" /></way><way changeset="1" id="44383167" uid="1" timestamp="2026-05-15T09:34:42Z" version="1" visible="true" user="OSMnx"><nd ref="564078546" /><nd ref="8390553512" /><nd ref="564078548" /><tag k="maxspeed" v="30" /><tag k="highway" v="residential" /><tag k="lanes" v="2" /><tag k="name" v="Dunville Close" /><tag k="oneway" v="no" /></way><way changeset="1" id="44383722" uid="1" timestamp="2026-05-15T09:34:42Z" version="1" visible="true" user="OSMnx"><nd ref="564078537" /><nd ref="8390553440" /><nd ref="564090181" /><tag k="maxspeed" v="30" /><tag k="highway" v="residential" /><tag k="lanes" v="1" /><tag k="name" v="Palmerston Close" /><tag k="oneway" v="no" /></way><way changeset="1" id="44385268" uid="1" timestamp="2026-05-15T09:34:42Z" version="1" visible="true" user="OSMnx"><nd ref="560602886" /><nd ref="2764375134" /><nd ref="560602887" /><nd ref="560602888" /><nd ref="560602877" /><tag k="maxspeed" v="30" /><tag k="highway" v="residential" /><tag k="lanes" v="1" /><tag k="name" v="Prince Arthur Terrace" /><tag k="oneway" v="no" /></way><way changeset="1" id="44385282" uid="1" timestamp="2026-05-15T09:34:42Z" version="1" visible="true" user="OSMnx"><nd ref="344666365" /><nd ref="8392313778" /><nd ref="344666364" /><tag k="maxspeed" v="30" /><tag k="highway" v="residential" /><tag k="name" v="Old Mountpleasant" /><tag k="oneway" v="no" /></way><way changeset="1" id="44385283" uid="1" timestamp="2026-05-15T09:34:42Z" version="1" visible="true" user="OSMnx"><nd ref="59694670" /><nd ref="344666352" /><tag k="maxspeed" v="30" /><tag k="highway" v="residential" /><tag k="lanes" v="1" /><tag k="name" v="Mountpleasant Square" /><tag k="oneway" v="no" /></way><way changeset="1" id="44385284" uid="1" timestamp="2026-05-15T09:34:42Z" version="1" visible="true" user="OSMnx"><nd ref="344666352" /><nd ref="5083314638" /><nd ref="59694679" /><tag k="maxspeed" v="30" /><tag k="highway" v="residential" /><tag k="lanes" v="1" /><tag k="name" v="Mountpleasant Place" /><tag k="oneway" v="no" /></way><way changeset="1" id="44385285" uid="1" timestamp="2026-05-15T09:34:42Z" version="1" visible="true" user="OSMnx"><nd ref="344666364" /><nd ref="564122693" /><tag k="maxspeed" v="30" /><tag k="highway" v="residential" /><tag k="lanes" v="1" /><tag k="name" v="Selskar Terrace" /><tag k="oneway" v="no" /></way><way changeset="1" id="44385301" uid="1" timestamp="2026-05-15T09:34:42Z" version="1" visible="true" user="OSMnx"><nd ref="559828194" /><nd ref="8390553325" /><nd ref="564122805" /><nd ref="564122816" /><nd ref="3731546033" /><nd ref="564122806" /><nd ref="3731545516" /><nd ref="564122807" /><nd ref="3731545514" /><nd ref="564122812" /><nd ref="564122808" /><tag k="maxspeed" v="30" /><tag k="highway" v="residential" /><tag k="lanes" v="1" /><tag k="name" v="Oakley Court" /><tag k="oneway" v="no" /></way><way changeset="1" id="44385303" uid="1" timestamp="2026-05-15T09:34:42Z" version="1" visible="true" user="OSMnx"><nd ref="564122812" /><nd ref="564122811" /><nd ref="564122809" /><nd ref="564122808" /><nd ref="3731545515" /><nd ref="3731545517" /><nd ref="564122813" /><tag k="maxspeed" v="30" /><tag k="highway" v="residential" /><tag k="lanes" v="1" /><tag k="name" v="Oakley Court" /><tag k="oneway" v="no" /></way><way changeset="1" id="44385304" uid="1" timestamp="2026-05-15T09:34:42Z" version="1" visible="true" user="OSMnx"><nd ref="564122815" /><nd ref="564122805" /><nd ref="11817429132" /><nd ref="564122814" /><tag k="maxspeed" v="30" /><tag k="highway" v="residential" /><tag k="lanes" v="1" /><tag k="name" v="Oakley Court" /><tag k="oneway" v="no" /></way><way changeset="1" id="44385305" uid="1" timestamp="2026-05-15T09:34:42Z" version="1" visible="true" user="OSMnx"><nd ref="564122816" /><nd ref="564122817" /><nd ref="564122818" /><tag k="maxspeed" v="30" /><tag k="highway" v="residential" /><tag k="lanes" v="1" /><tag k="name" v="Oakley Court" /><tag k="oneway" v="no" /></way><way changeset="1" id="44385677" uid="1" timestamp="2026-05-15T09:34:42Z" version="1" visible="true" user="OSMnx"><nd ref="564125928" /><nd ref="564574170" /><tag k="maxspeed" v="30" /><tag k="highway" v="residential" /><tag k="lanes" v="1" /><tag k="name" v="Maxwell Court" /><tag k="oneway" v="no" /></way><way changeset="1" id="44386351" uid="1" timestamp="2026-05-15T09:34:42Z" version="1" visible="true" user="OSMnx"><nd ref="564133508" /><nd ref="3731545505" /><nd ref="8595984064" /><nd ref="3731545506" /><nd ref="243643614" /><tag k="maxspeed" v="30" /><tag k="highway" v="tertiary" /><tag k="lanes" v="2" /><tag k="name" v="Dunville Avenue" /><tag k="oneway" v="no" /></way><way changeset="1" id="44386352" uid="1" timestamp="2026-05-15T09:34:42Z" version="1" visible="true" user="OSMnx"><nd ref="564133491" /><nd ref="2827789318" /><nd ref="563884219" /><nd ref="3473823023" /><nd ref="4368838035" /><nd ref="4368838034" /><nd ref="4368838037" /><nd ref="564133508" /><tag k="maxspeed" v="30" /><tag k="highway" v="tertiary" /><tag k="lanes" v="2" /><tag k="name" v="Dunville Avenue" /><tag k="oneway" v="alternating" /></way><way changeset="1" id="44386353" uid="1" timestamp="2026-05-15T09:34:42Z" version="1" visible="true" user="OSMnx"><nd ref="563884240" /><nd ref="3731536604" /><nd ref="3732290493" /><nd ref="563884239" /><nd ref="563884251" /><nd ref="3731536608" /><nd ref="563884270" /><nd ref="5245029555" /><nd ref="450656588" /><tag k="maxspeed" v="30" /><tag k="highway" v="residential" /><tag k="lanes" v="1" /><tag k="name" v="Elmwood Avenue Lower" /><tag k="oneway" v="no" /></way><way changeset="1" id="44386818" uid="1" timestamp="2026-05-15T09:34:42Z" version="1" visible="true" user="OSMnx"><nd ref="60955837" /><nd ref="54859712" /><nd ref="6412395561" /><nd ref="6412395560" /><nd ref="54859720" /><nd ref="255425857" /><tag k="maxspeed" v="30" /><tag k="highway" v="residential" /><tag k="lanes" v="1" /><tag k="name" v="Frankfort Avenue" /><tag k="oneway" v="yes" /></way><way changeset="1" id="44387684" uid="1" timestamp="2026-05-15T09:34:42Z" version="1" visible="true" user="OSMnx"><nd ref="564159724" /><nd ref="8390553518" /><nd ref="4366817987" /><nd ref="4366817986" /><nd ref="564159727" /><nd ref="4368868582" /><nd ref="4366817983" /><tag k="maxspeed" v="30" /><tag k="highway" v="residential" /><tag k="lanes" v="2" /><tag k="name" v="Beechwood Park" /><tag k="oneway" v="no" /></way><way changeset="1" id="44398141" uid="1" timestamp="2026-05-15T09:34:42Z" version="1" visible="true" user="OSMnx"><nd ref="564323354" /><nd ref="3821966552" /><nd ref="2766848594" /><nd ref="564323292" /><tag k="maxspeed" v="30" /><tag k="highway" v="residential" /><tag k="lanes" v="1" /><tag k="name" v="Ranelagh Mews" /><tag k="oneway" v="no" /></way><way changeset="1" id="44398142" uid="1" timestamp="2026-05-15T09:34:42Z" version="1" visible="true" user="OSMnx"><nd ref="564323277" /><nd ref="564323296" /><nd ref="2766848591" /><nd ref="564323292" /><tag k="maxspeed" v="30" /><tag k="highway" v="residential" /><tag k="lanes" v="1" /><tag k="name" v="Mountpleasant Terrace" /><tag k="oneway" v="no" /></way><way changeset="1" id="44398143" uid="1" timestamp="2026-05-15T09:34:42Z" version="1" visible="true" user="OSMnx"><nd ref="564323296" /><nd ref="564323355" /><tag k="maxspeed" v="30" /><tag k="highway" v="residential" /><tag k="lanes" v="1" /><tag k="name" v="Mountpleasant Parade" /><tag k="oneway" v="no" /></way><way changeset="1" id="44398145" uid="1" timestamp="2026-05-15T09:34:42Z" version="1" visible="true" user="OSMnx"><nd ref="366910848" /><nd ref="564323305" /><tag k="maxspeed" v="30" /><tag k="highway" v="residential" /><tag k="lanes" v="1" /><tag k="name" v="Bannaville" /><tag k="oneway" v="no" /></way><way changeset="1" id="44398169" uid="1" timestamp="2026-05-15T09:34:42Z" version="1" visible="true" user="OSMnx"><nd ref="53457964" /><nd ref="12175126088" /><nd ref="12175126090" /><nd ref="12175126089" /><nd ref="12175126091" /><nd ref="12175126092" /><nd ref="564323123" /><nd ref="12175126094" /><nd ref="12175126093" /><nd ref="564323119" /><tag k="maxspeed" v="30" /><tag k="highway" v="residential" /><tag k="lanes" v="1" /><tag k="name" v="Richmond Place" /><tag k="oneway" v="no" /></way><way changeset="1" id="44398171" uid="1" timestamp="2026-05-15T09:34:42Z" version="1" visible="true" user="OSMnx"><nd ref="32335995" /><nd ref="5057760203" /><nd ref="10712579385" /><nd ref="10712579386" /><nd ref="11638206747" /><nd ref="11638206743" /><nd ref="5194522701" /><nd ref="29396438" /><tag k="ref" v="R111" /><tag k="maxspeed" v="50" /><tag k="highway" v="secondary" /><tag k="lanes" v="2" /><tag k="name" v="Cheltenham Place" /><tag k="oneway" v="no" /></way><way changeset="1" id="44402148" uid="1" timestamp="2026-05-15T09:34:42Z" version="1" visible="true" user="OSMnx"><nd ref="746023489" /><nd ref="12554594773" /><nd ref="12554594774" /><nd ref="2764559691" /><nd ref="3596719896" /><nd ref="12554580693" /><nd ref="564323030" /><nd ref="2885581207" /><nd ref="3597490687" /><nd ref="3597490664" /><nd ref="3597466587" /><nd ref="500277432" /><tag k="maxspeed" v="30" /><tag k="highway" v="residential" /><tag k="lanes" v="2" /><tag k="name" v="Ardee Road" /><tag k="oneway" v="no" /></way><way changeset="1" id="44402154" uid="1" timestamp="2026-05-15T09:34:42Z" version="1" visible="true" user="OSMnx"><nd ref="564399652" /><nd ref="5057760207" /><nd ref="5057760209" /><nd ref="5057760205" /><nd ref="564323269" /><tag k="maxspeed" v="30" /><tag k="highway" v="residential" /><tag k="lanes" v="1" /><tag k="name" v="Ontario Court" /><tag k="oneway" v="no" /></way><way changeset="1" id="44402155" uid="1" timestamp="2026-05-15T09:34:42Z" version="1" visible="true" user="OSMnx"><nd ref="564323292" /><nd ref="2766848590" /><nd ref="11776541409" /><nd ref="684995634" /><tag k="maxspeed" v="30" /><tag k="highway" v="residential" /><tag k="lanes" v="1" /><tag k="name" v="Clifton Mews" /><tag k="oneway" v="no" /></way><way changeset="1" id="44402156" uid="1" timestamp="2026-05-15T09:34:42Z" version="1" visible="true" user="OSMnx"><nd ref="7866681214" /><nd ref="7866681213" /><nd ref="7866681212" /><nd ref="564399654" /><nd ref="564399655" /><tag k="highway" v="residential" /><tag k="oneway" v="no" /></way><way changeset="1" id="44404539" uid="1" timestamp="2026-05-15T09:34:42Z" version="1" visible="true" user="OSMnx"><nd ref="366910529" /><nd ref="11779157306" /><nd ref="564323294" /><nd ref="366910532" /><tag k="maxspeed" v="30" /><tag k="highway" v="residential" /><tag k="lanes" v="1" /><tag k="name" v="Price's Lane" /><tag k="oneway" v="no" /></way><way changeset="1" id="44405656" uid="1" timestamp="2026-05-15T09:34:42Z" version="1" visible="true" user="OSMnx"><nd ref="564453088" /><nd ref="564453094" /><nd ref="564453096" /><tag k="maxspeed" v="30" /><tag k="highway" v="residential" /><tag k="lanes" v="2" /><tag k="access" v="destination" /><tag k="name" v="Rathmines Avenue" /><tag k="oneway" v="no" /></way><way changeset="1" id="44405662" uid="1" timestamp="2026-05-15T09:34:42Z" version="1" visible="true" user="OSMnx"><nd ref="3520960824" /><nd ref="564453088" /><nd ref="4907016421" /><nd ref="564453072" /><tag k="maxspeed" v="30" /><tag k="highway" v="residential" /><tag k="lanes" v="2" /><tag k="access" v="destination" /><tag k="name" v="Rathmines Avenue" /><tag k="oneway" v="no" /></way><way changeset="1" id="44406766" uid="1" timestamp="2026-05-15T09:34:42Z" version="1" visible="true" user="OSMnx"><nd ref="666729" /><nd ref="560602848" /><tag k="ref" v="R114" /><tag k="maxspeed" v="50" /><tag k="highway" v="secondary" /><tag k="lanes" v="2" /><tag k="name" v="Rathgar Road" /><tag k="oneway" v="no" /></way><way changeset="1" id="44409737" uid="1" timestamp="2026-05-15T09:34:42Z" version="1" visible="true" user="OSMnx"><nd ref="564503058" /><nd ref="13463599896" /><nd ref="4557245712" /><nd ref="13471472067" /><nd ref="4557245709" /><nd ref="13463599895" /><nd ref="13463599894" /><nd ref="564502737" /><nd ref="13471388087" /><nd ref="13471388091" /><nd ref="6167117801" /><nd ref="13471388093" /><nd ref="13471433737" /><nd ref="4557245732" /><nd ref="13471433739" /><nd ref="564502742" /><tag k="maxspeed" v="30" /><tag k="highway" v="residential" /><tag k="lanes" v="2" /><tag k="name" v="Northbrook Avenue" /><tag k="oneway" v="no" /></way><way changeset="1" id="44409741" uid="1" timestamp="2026-05-15T09:34:42Z" version="1" visible="true" user="OSMnx"><nd ref="564502928" /><nd ref="11963242081" /><nd ref="11963242082" /><nd ref="564502809" /><nd ref="6167117796" /><tag k="maxspeed" v="30" /><tag k="highway" v="residential" /><tag k="lanes" v="2" /><tag k="name" v="Park View" /><tag k="oneway" v="no" /></way><way changeset="1" id="44409744" uid="1" timestamp="2026-05-15T09:34:42Z" version="1" visible="true" user="OSMnx"><nd ref="564502838" /><nd ref="564502840" /><nd ref="684995615" /><tag k="maxspeed" v="30" /><tag k="highway" v="residential" /><tag k="lanes" v="1" /><tag k="name" v="Chelmsford Avenue" /><tag k="oneway" v="no" /></way><way changeset="1" id="44409747" uid="1" timestamp="2026-05-15T09:34:42Z" version="1" visible="true" user="OSMnx"><nd ref="564502659" /><nd ref="8392313760" /><nd ref="565175347" /><tag k="maxspeed" v="30" /><tag k="highway" v="residential" /><tag k="lanes" v="1" /><tag k="name" v="Temple Place" /><tag k="oneway" v="no" /></way><way changeset="1" id="44409749" uid="1" timestamp="2026-05-15T09:34:42Z" version="1" visible="true" user="OSMnx"><nd ref="564502809" /><nd ref="8711012318" /><tag k="maxspeed" v="30" /><tag k="highway" v="residential" /><tag k="lanes" v="2" /><tag k="name" v="Park View" /><tag k="oneway" v="no" /></way><way changeset="1" id="44409754" uid="1" timestamp="2026-05-15T09:34:42Z" version="1" visible="true" user="OSMnx"><nd ref="564502996" /><nd ref="564502932" /><nd ref="564502968" /><nd ref="564503002" /><nd ref="13463782681" /><nd ref="13463782682" /><nd ref="564503005" /><tag k="maxspeed" v="30" /><tag k="highway" v="residential" /><tag k="lanes" v="2" /><tag k="access" v="permissive" /><tag k="name" v="Berystede" /><tag k="oneway" v="no" /></way><way changeset="1" id="44409756" uid="1" timestamp="2026-05-15T09:34:42Z" version="1" visible="true" user="OSMnx"><nd ref="564503038" /><nd ref="8411899932" /><nd ref="564503041" /><tag k="maxspeed" v="30" /><tag k="highway" v="residential" /><tag k="lanes" v="1" /><tag k="name" v="Dexter Terrace" /><tag k="oneway" v="no" /></way><way changeset="1" id="44409757" uid="1" timestamp="2026-05-15T09:34:42Z" version="1" visible="true" user="OSMnx"><nd ref="564503069" /><nd ref="8411899931" /><nd ref="13471559185" /><nd ref="13471559183" /><nd ref="13471559181" /><nd ref="13471559179" /><nd ref="13471554919" /><nd ref="13471554917" /><nd ref="564503044" /><nd ref="564503047" /><nd ref="13471401197" /><nd ref="13471401198" /><nd ref="564503049" /><nd ref="13474521698" /><nd ref="13474521694" /><nd ref="4557245715" /><nd ref="13474541459" /><nd ref="13474541453" /><nd ref="13474541451" /><nd ref="564503058" /><nd ref="13474541446" /><nd ref="13474541440" /><nd ref="13474541438" /><nd ref="13474541436" /><nd ref="13474541431" /><nd ref="13474541428" /><nd ref="13474541423" /><nd ref="13474541421" /><nd ref="13474541419" /><nd ref="13474541417" /><nd ref="13474543511" /><nd ref="564503080" /><nd ref="13474543509" /><nd ref="13474543505" /><nd ref="13474543507" /><nd ref="13474541702" /><nd ref="13474530800" /><nd ref="13474541707" /><nd ref="13474530798" /><nd ref="13474530796" /><nd ref="13474530792" /><nd ref="13474530794" /><nd ref="13474530788" /><nd ref="13474530790" /><nd ref="564503097" /><nd ref="13474536306" /><nd ref="13474536308" /><nd ref="564503099" /><tag k="maxspeed" v="30" /><tag k="highway" v="residential" /><tag k="lanes" v="2" /><tag k="name" v="Northbrook Avenue" /><tag k="oneway" v="no" /></way><way changeset="1" id="44409759" uid="1" timestamp="2026-05-15T09:34:42Z" version="1" visible="true" user="OSMnx"><nd ref="564503072" /><nd ref="13474515733" /><nd ref="12572478613" /><nd ref="13474515736" /><nd ref="564503077" /><nd ref="12572478612" /><nd ref="13471592531" /><nd ref="13471592530" /><nd ref="13474515724" /><nd ref="564503083" /><nd ref="13474515721" /><nd ref="13474515723" /><nd ref="13474515726" /><nd ref="13474515728" /><nd ref="564503085" /><nd ref="2989604050" /><nd ref="2989604056" /><tag k="maxspeed" v="30" /><tag k="highway" v="residential" /><tag k="lanes" v="1" /><tag k="name" v="Northbrook Lane" /><tag k="oneway" v="no" /></way><way changeset="1" id="44413455" uid="1" timestamp="2026-05-15T09:34:42Z" version="1" visible="true" user="OSMnx"><nd ref="564540055" /><nd ref="564540065" /><nd ref="666732" /><nd ref="564540033" /><tag k="maxspeed" v="30" /><tag k="highway" v="residential" /><tag k="lanes" v="1" /><tag k="name" v="York Avenue" /><tag k="oneway" v="no" /></way><way changeset="1" id="44415385" uid="1" timestamp="2026-05-15T09:34:42Z" version="1" visible="true" user="OSMnx"><nd ref="564574244" /><nd ref="564574239" /><tag k="maxspeed" v="30" /><tag k="highway" v="residential" /><tag k="lanes" v="1" /><tag k="name" v="Rathmines Park" /><tag k="oneway" v="no" /></way><way changeset="1" id="44415386" uid="1" timestamp="2026-05-15T09:34:42Z" version="1" visible="true" user="OSMnx"><nd ref="564574246" /><nd ref="564574237" /><nd ref="564574244" /><tag k="maxspeed" v="30" /><tag k="highway" v="residential" /><tag k="lanes" v="1" /><tag k="name" v="Rathmines Park" /><tag k="oneway" v="no" /></way><way changeset="1" id="44415391" uid="1" timestamp="2026-05-15T09:34:42Z" version="1" visible="true" user="OSMnx"><nd ref="564574138" /><nd ref="13207022478" /><nd ref="564574136" /><nd ref="3939508582" /><tag k="maxspeed" v="30" /><tag k="highway" v="residential" /><tag k="lanes" v="2" /><tag k="name" v="Maxwell Square" /><tag k="oneway" v="no" /></way><way changeset="1" id="44415407" uid="1" timestamp="2026-05-15T09:34:42Z" version="1" visible="true" user="OSMnx"><nd ref="564574239" /><nd ref="564574242" /><tag k="maxspeed" v="30" /><tag k="highway" v="residential" /><tag k="lanes" v="1" /><tag k="name" v="Rathmines Park" /><tag k="oneway" v="no" /></way><way changeset="1" id="44415408" uid="1" timestamp="2026-05-15T09:34:42Z" version="1" visible="true" user="OSMnx"><nd ref="564574237" /><nd ref="8633429904" /><nd ref="12195422065" /><nd ref="564574242" /><nd ref="564574256" /><tag k="maxspeed" v="30" /><tag k="highway" v="residential" /><tag k="lanes" v="1" /><tag k="name" v="Rathmines Park" /><tag k="oneway" v="no" /></way><way changeset="1" id="44427279" uid="1" timestamp="2026-05-15T09:34:42Z" version="1" visible="true" user="OSMnx"><nd ref="564502668" /><nd ref="564833703" /><tag k="maxspeed" v="30" /><tag k="highway" v="residential" /><tag k="lanes" v="1" /><tag k="name" v="Temple Place" /><tag k="oneway" v="no" /></way><way changeset="1" id="44427281" uid="1" timestamp="2026-05-15T09:34:42Z" version="1" visible="true" user="OSMnx"><nd ref="564734063" /><nd ref="564502825" /><nd ref="4557245708" /><nd ref="564502918" /><nd ref="684995615" /><nd ref="564502971" /><nd ref="564502974" /><nd ref="564502977" /><nd ref="564502982" /><tag k="maxspeed" v="30" /><tag k="highway" v="residential" /><tag k="lanes" v="1" /><tag k="name" v="Chelmsford Avenue" /><tag k="oneway" v="no" /></way><way changeset="1" id="44430032" uid="1" timestamp="2026-05-15T09:34:42Z" version="1" visible="true" user="OSMnx"><nd ref="666363" /><nd ref="8390553519" /><nd ref="4368865703" /><nd ref="564078547" /><nd ref="564078546" /><nd ref="8866519246" /><nd ref="564078511" /><nd ref="4368861995" /><nd ref="564078491" /><tag k="maxspeed" v="30" /><tag k="highway" v="residential" /><tag k="name" v="Annesley Park" /><tag k="oneway" v="no" /></way><way changeset="1" id="44433289" uid="1" timestamp="2026-05-15T09:34:42Z" version="1" visible="true" user="OSMnx"><nd ref="560602858" /><nd ref="9248728919" /><nd ref="4531988058" /><nd ref="560602856" /><tag k="ref" v="R114" /><tag k="maxspeed" v="50" /><tag k="highway" v="secondary" /><tag k="lanes" v="3" /><tag k="name" v="Rathmines Road Lower" /><tag k="oneway" v="no" /></way><way changeset="1" id="44436781" uid="1" timestamp="2026-05-15T09:34:42Z" version="1" visible="true" user="OSMnx"><nd ref="564503102" /><nd ref="564503099" /><nd ref="8715974859" /><nd ref="564502928" /><nd ref="11963242083" /><nd ref="11963242080" /><nd ref="6167117802" /><tag k="maxspeed" v="30" /><tag k="highway" v="residential" /><tag k="lanes" v="2" /><tag k="name" v="Northbrook Avenue" /><tag k="oneway" v="no" /></way><way changeset="1" id="44436782" uid="1" timestamp="2026-05-15T09:34:42Z" version="1" visible="true" user="OSMnx"><nd ref="564503109" /><nd ref="13463810478" /><nd ref="13463810477" /><nd ref="11786594748" /><nd ref="564503123" /><nd ref="13463810476" /><nd ref="13463810475" /><nd ref="13463810474" /><nd ref="564502994" /><nd ref="564502996" /><nd ref="2988758788" /><nd ref="564503124" /><tag k="maxspeed" v="30" /><tag k="highway" v="residential" /><tag k="lanes" v="2" /><tag k="access" v="permissive" /><tag k="name" v="Berystede" /><tag k="oneway" v="no" /></way><way changeset="1" id="44447315" uid="1" timestamp="2026-05-15T09:34:42Z" version="1" visible="true" user="OSMnx"><nd ref="1308975832" /><nd ref="4897386675" /><nd ref="564908533" /><nd ref="2752625541" /><nd ref="564908526" /><nd ref="564908528" /><nd ref="564908530" /><tag k="maxspeed" v="30" /><tag k="highway" v="residential" /><tag k="lanes" v="1" /><tag k="name" v="Parker Hill" /><tag k="oneway" v="no" /></way><way changeset="1" id="44447316" uid="1" timestamp="2026-05-15T09:34:42Z" version="1" visible="true" user="OSMnx"><nd ref="564908535" /><nd ref="564908538" /><tag k="maxspeed" v="30" /><tag k="highway" v="residential" /><tag k="lanes" v="1" /><tag k="name" v="Observatory Mews" /><tag k="oneway" v="no" /></way><way changeset="1" id="44447317" uid="1" timestamp="2026-05-15T09:34:42Z" version="1" visible="true" user="OSMnx"><nd ref="564908538" /><nd ref="564908536" /><tag k="maxspeed" v="30" /><tag k="highway" v="residential" /><tag k="lanes" v="1" /><tag k="name" v="Observatory Court" /><tag k="oneway" v="no" /></way><way changeset="1" id="44447320" uid="1" timestamp="2026-05-15T09:34:42Z" version="1" visible="true" user="OSMnx"><nd ref="53457965" /><nd ref="53457967" /><nd ref="10272195916" /><nd ref="2473982588" /><nd ref="228644156" /><nd ref="368412542" /><nd ref="560602947" /><nd ref="10272195917" /><nd ref="53457968" /><nd ref="2980002413" /><nd ref="2461823579" /><nd ref="53457969" /><nd ref="10272195918" /><nd ref="657360" /><tag k="maxspeed" v="30" /><tag k="highway" v="tertiary" /><tag k="lanes" v="2" /><tag k="name" v="Mountpleasant Avenue Upper" /><tag k="oneway" v="no" /></way><way changeset="1" id="44449765" uid="1" timestamp="2026-05-15T09:34:42Z" version="1" visible="true" user="OSMnx"><nd ref="564932776" /><nd ref="564932777" /><nd ref="564932778" /><nd ref="564932784" /><nd ref="564932785" /><nd ref="13226687807" /><nd ref="564932782" /><tag k="maxspeed" v="30" /><tag k="highway" v="residential" /><tag k="lanes" v="1" /><tag k="name" v="Cowper Mews" /><tag k="oneway" v="no" /></way><way changeset="1" id="44451775" uid="1" timestamp="2026-05-15T09:34:42Z" version="1" visible="true" user="OSMnx"><nd ref="258599292" /><nd ref="258599293" /><nd ref="564952482" /><nd ref="4211639644" /><nd ref="258599294" /><tag k="maxspeed" v="30" /><tag k="highway" v="residential" /><tag k="name" v="Cowper Village" /><tag k="oneway" v="no" /></way><way changeset="1" id="44451777" uid="1" timestamp="2026-05-15T09:34:42Z" version="1" visible="true" user="OSMnx"><nd ref="564952497" /><nd ref="564952496" /><nd ref="564952486" /><nd ref="564952485" /><nd ref="564952483" /><nd ref="258599294" /><nd ref="258599295" /><nd ref="258599296" /><nd ref="564952476" /><nd ref="258599297" /><nd ref="13226687818" /><nd ref="258599298" /><tag k="maxspeed" v="30" /><tag k="highway" v="residential" /><tag k="name" v="Cowper Village" /><tag k="oneway" v="no" /></way><way changeset="1" id="44451783" uid="1" timestamp="2026-05-15T09:34:42Z" version="1" visible="true" user="OSMnx"><nd ref="258599298" /><nd ref="4211639643" /><nd ref="4211639642" /><nd ref="258599299" /><nd ref="564952412" /><nd ref="258599300" /><nd ref="258599301" /><nd ref="258599302" /><nd ref="564952462" /><nd ref="258599303" /><tag k="maxspeed" v="30" /><tag k="highway" v="residential" /><tag k="name" v="Cowper Downs" /><tag k="oneway" v="no" /></way><way changeset="1" id="44453337" uid="1" timestamp="2026-05-15T09:34:42Z" version="1" visible="true" user="OSMnx"><nd ref="255425857" /><nd ref="3061375080" /><nd ref="54859723" /><nd ref="4211614825" /><nd ref="54859727" /><tag k="maxspeed" v="30" /><tag k="highway" v="residential" /><tag k="lanes" v="2" /><tag k="name" v="Frankfort Avenue" /><tag k="oneway" v="no" /></way><way changeset="1" id="44460869" uid="1" timestamp="2026-05-15T09:34:42Z" version="1" visible="true" user="OSMnx"><nd ref="665863" /><nd ref="3063184687" /><nd ref="8604260614" /><nd ref="243643654" /><nd ref="666739" /><tag k="maxspeed" v="50" /><tag k="highway" v="tertiary" /><tag k="lanes" v="2" /><tag k="name" v="Palmerston Road" /><tag k="oneway" v="no" /></way><way changeset="1" id="44460871" uid="1" timestamp="2026-05-15T09:34:42Z" version="1" visible="true" user="OSMnx"><nd ref="666739" /><nd ref="11599466550" /><nd ref="666740" /><nd ref="5581532433" /><nd ref="8612387400" /><nd ref="2514506549" /><tag k="maxspeed" v="50" /><tag k="highway" v="tertiary" /><tag k="lanes" v="2" /><tag k="name" v="Palmerston Road" /><tag k="oneway" v="no" /></way><way changeset="1" id="44460874" uid="1" timestamp="2026-05-15T09:34:42Z" version="1" visible="true" user="OSMnx"><nd ref="665860" /><nd ref="8630159076" /><nd ref="8866519247" /><nd ref="8630159082" /><nd ref="565037683" /><tag k="maxspeed" v="30" /><tag k="highway" v="residential" /><tag k="lanes" v="1" /><tag k="name" v="Palmerston Court" /><tag k="oneway" v="no" /></way><way changeset="1" id="44463139" uid="1" timestamp="2026-05-15T09:34:42Z" version="1" visible="true" user="OSMnx"><nd ref="560602942" /><nd ref="560602943" /><nd ref="560602922" /><nd ref="560602929" /><tag k="maxspeed" v="30" /><tag k="highway" v="residential" /><tag k="lanes" v="1" /><tag k="name" v="Gulistan Cottages" /><tag k="oneway" v="no" /></way><way changeset="1" id="44463140" uid="1" timestamp="2026-05-15T09:34:42Z" version="1" visible="true" user="OSMnx"><nd ref="560602944" /><nd ref="560602923" /><nd ref="560602928" /><tag k="maxspeed" v="30" /><tag k="highway" v="residential" /><tag k="lanes" v="1" /><tag k="name" v="Gulistan Cottages" /><tag k="oneway" v="no" /></way><way changeset="1" id="44463924" uid="1" timestamp="2026-05-15T09:34:42Z" version="1" visible="true" user="OSMnx"><nd ref="666743" /><nd ref="8636741446" /><nd ref="564540066" /><nd ref="8636741445" /><nd ref="564540055" /><nd ref="666741" /><nd ref="2968909898" /><nd ref="564540035" /><nd ref="61916204" /><nd ref="564540030" /><nd ref="61916209" /><nd ref="564545142" /><nd ref="60955839" /><tag k="maxspeed" v="30" /><tag k="highway" v="residential" /><tag k="lanes" v="2" /><tag k="name" v="York Road" /><tag k="oneway" v="no" /></way><way changeset="1" id="44463925" uid="1" timestamp="2026-05-15T09:34:42Z" version="1" visible="true" user="OSMnx"><nd ref="565063532" /><nd ref="565063548" /><nd ref="565063549" /><nd ref="565063577" /><tag k="maxspeed" v="30" /><tag k="highway" v="residential" /><tag k="lanes" v="1" /><tag k="name" v="Summerville Park" /><tag k="oneway" v="no" /></way><way changeset="1" id="44464170" uid="1" timestamp="2026-05-15T09:34:42Z" version="1" visible="true" user="OSMnx"><nd ref="2764492256" /><nd ref="3126965058" /><tag k="ref" v="R117" /><tag k="maxspeed" v="50" /><tag k="highway" v="secondary" /><tag k="lanes" v="3" /><tag k="name" v="Ranelagh Road" /><tag k="oneway" v="no" /></way><way changeset="1" id="44464171" uid="1" timestamp="2026-05-15T09:34:42Z" version="1" visible="true" user="OSMnx"><nd ref="344666760" /><nd ref="12286983937" /><nd ref="658440" /><nd ref="344666365" /><nd ref="563885194" /><tag k="ref" v="R117" /><tag k="maxspeed" v="50" /><tag k="highway" v="secondary" /><tag k="lanes" v="3" /><tag k="name" v="Ranelagh Road" /><tag k="oneway" v="no" /></way><way changeset="1" id="44464172" uid="1" timestamp="2026-05-15T09:34:42Z" version="1" visible="true" user="OSMnx"><nd ref="563885194" /><nd ref="564118888" /><nd ref="3733066147" /><nd ref="658443" /><tag k="ref" v="R117" /><tag k="maxspeed" v="50" /><tag k="highway" v="secondary" /><tag k="lanes" v="2" /><tag k="name" v="Ranelagh Road" /><tag k="oneway" v="no" /></way><way changeset="1" id="44464921" uid="1" timestamp="2026-05-15T09:34:42Z" version="1" visible="true" user="OSMnx"><nd ref="344666366" /><nd ref="59694696" /><nd ref="5083379976" /><nd ref="568804277" /><tag k="maxspeed" v="30" /><tag k="highway" v="residential" /><tag k="lanes" v="1" /><tag k="name" v="Oxford Road" /><tag k="oneway" v="no" /></way><way changeset="1" id="44472579" uid="1" timestamp="2026-05-15T09:34:42Z" version="1" visible="true" user="OSMnx"><nd ref="564502666" /><nd ref="564502668" /><tag k="maxspeed" v="30" /><tag k="highway" v="residential" /><tag k="lanes" v="1" /><tag k="name" v="Temple Place" /><tag k="oneway" v="alternating" /></way><way changeset="1" id="44473101" uid="1" timestamp="2026-05-15T09:34:42Z" version="1" visible="true" user="OSMnx"><nd ref="565175347" /><nd ref="564502666" /><tag k="tunnel" v="building_passage" /><tag k="maxspeed" v="30" /><tag k="highway" v="residential" /><tag k="lanes" v="1" /><tag k="name" v="Temple Place" /><tag k="oneway" v="no" /></way><way changeset="1" id="44533269" uid="1" timestamp="2026-05-15T09:34:42Z" version="1" visible="true" user="OSMnx"><nd ref="565672558" /><nd ref="565672563" /><nd ref="12264668077" /><nd ref="565672564" /><nd ref="565672566" /><nd ref="9959412008" /><nd ref="565672568" /><nd ref="565672573" /><tag k="ref" v="R825" /><tag k="maxspeed" v="50" /><tag k="highway" v="secondary" /><tag k="lanes" v="2" /><tag k="name" v="Clonskeagh Road" /><tag k="oneway" v="yes" /></way><way changeset="1" id="44533273" uid="1" timestamp="2026-05-15T09:34:42Z" version="1" visible="true" user="OSMnx"><nd ref="565672574" /><nd ref="565672579" /><nd ref="565672577" /><tag k="maxspeed" v="30" /><tag k="highway" v="residential" /><tag k="lanes" v="1" /><tag k="name" v="Vergemount Park" /><tag k="oneway" v="no" /></way><way changeset="1" id="44534712" uid="1" timestamp="2026-05-15T09:34:42Z" version="1" visible="true" user="OSMnx"><nd ref="512531381" /><nd ref="8715796380" /><nd ref="5245011922" /><nd ref="13505127121" /><nd ref="450659127" /><nd ref="13505127122" /><nd ref="565681592" /><nd ref="5245011924" /><nd ref="13505127119" /><nd ref="13505127120" /><nd ref="450659128" /><nd ref="13505127118" /><nd ref="13505127095" /><nd ref="450659125" /><tag k="maxspeed" v="30" /><tag k="highway" v="residential" /><tag k="lanes" v="1" /><tag k="name" v="Chelmsford Lane" /><tag k="oneway" v="no" /></way><way changeset="1" id="44540615" uid="1" timestamp="2026-05-15T09:34:42Z" version="1" visible="true" user="OSMnx"><nd ref="12177679236" /><nd ref="4592202875" /><nd ref="2784717512" /><nd ref="5538812034" /><nd ref="259594884" /><nd ref="698592431" /><nd ref="666362" /><nd ref="4592202872" /><tag k="ref" v="R117" /><tag k="maxspeed" v="50" /><tag k="highway" v="secondary" /><tag k="lanes" v="2" /><tag k="name" v="Sandford Road" /><tag k="oneway" v="no" /></way><way changeset="1" id="44865417" uid="1" timestamp="2026-05-15T09:34:42Z" version="1" visible="true" user="OSMnx"><nd ref="568804277" /><nd ref="59694701" /><tag k="maxspeed" v="30" /><tag k="highway" v="residential" /><tag k="lanes" v="2" /><tag k="name" v="Oxford Road" /><tag k="oneway" v="yes" /></way><way changeset="1" id="47124719" uid="1" timestamp="2026-05-15T09:34:42Z" version="1" visible="true" user="OSMnx"><nd ref="59816059" /><nd ref="330265221" /><nd ref="4217685694" /><nd ref="330265209" /><nd ref="330265178" /><nd ref="330265197" /><nd ref="2403995909" /><nd ref="3107853225" /><nd ref="2403995911" /><nd ref="59816068" /><tag k="maxspeed" v="30" /><tag k="highway" v="tertiary" /><tag k="lanes" v="2" /><tag k="name" v="Leinster Road" /><tag k="oneway" v="no" /></way><way changeset="1" id="48455136" uid="1" timestamp="2026-05-15T09:34:42Z" version="1" visible="true" user="OSMnx"><nd ref="1426048738" /><nd ref="4915139557" /><nd ref="4915139561" /><nd ref="1397026919" /><tag k="maxspeed" v="30" /><tag k="highway" v="residential" /><tag k="name" v="Curzon Street" /><tag k="oneway" v="no" /></way><way changeset="1" id="48455137" uid="1" timestamp="2026-05-15T09:34:42Z" version="1" visible="true" user="OSMnx"><nd ref="615600340" /><nd ref="4854037210" /><nd ref="615600345" /><nd ref="615600305" /><tag k="maxspeed" v="30" /><tag k="highway" v="residential" /><tag k="name" v="Saint Kevin's Cottages" /><tag k="oneway" v="no" /></way><way changeset="1" id="48455138" uid="1" timestamp="2026-05-15T09:34:42Z" version="1" visible="true" user="OSMnx"><nd ref="615600305" /><nd ref="615600308" /><tag k="maxspeed" v="30" /><tag k="highway" v="residential" /><tag k="name" v="Saint Kevin's Cottages" /><tag k="oneway" v="no" /></way><way changeset="1" id="48455143" uid="1" timestamp="2026-05-15T09:34:42Z" version="1" visible="true" user="OSMnx"><nd ref="615600345" /><nd ref="615600349" /><tag k="maxspeed" v="30" /><tag k="highway" v="residential" /><tag k="name" v="Saint Kevin's Cottages" /><tag k="oneway" v="no" /></way><way changeset="1" id="48460623" uid="1" timestamp="2026-05-15T09:34:42Z" version="1" visible="true" user="OSMnx"><nd ref="615718717" /><nd ref="615600308" /><nd ref="615600349" /><nd ref="615600343" /><tag k="maxspeed" v="30" /><tag k="highway" v="residential" /><tag k="name" v="Saint Kevin's Cottages" /><tag k="oneway" v="no" /></way><way changeset="1" id="48520199" uid="1" timestamp="2026-05-15T09:34:42Z" version="1" visible="true" user="OSMnx"><nd ref="32335403" /><nd ref="13199990630" /><nd ref="13199990634" /><nd ref="13199990635" /><nd ref="32335404" /><tag k="ref" v="R816" /><tag k="maxspeed" v="50" /><tag k="highway" v="secondary" /><tag k="lanes" v="2" /><tag k="name" v="Baggot Street Upper" /><tag k="oneway" v="no" /></way><way changeset="1" id="49974590" uid="1" timestamp="2026-05-15T09:34:42Z" version="1" visible="true" user="OSMnx"><nd ref="389680" /><nd ref="3041274705" /><nd ref="2370573170" /><nd ref="49245967" /><tag k="ref" v="R114" /><tag k="maxspeed" v="50" /><tag k="highway" v="secondary" /><tag k="lanes" v="3" /><tag k="name" v="Harcourt Road" /><tag k="oneway" v="yes" /></way><way changeset="1" id="51272417" uid="1" timestamp="2026-05-15T09:34:42Z" version="1" visible="true" user="OSMnx"><nd ref="654187744" /><nd ref="2760574665" /><nd ref="654187745" /><nd ref="11764944217" /><nd ref="8534278020" /><nd ref="654187746" /><tag k="maxspeed" v="30" /><tag k="highway" v="residential" /><tag k="lanes" v="1" /><tag k="name" v="Clonskeagh Road" /><tag k="oneway" v="yes" /></way><way changeset="1" id="54347388" uid="1" timestamp="2026-05-15T09:34:42Z" version="1" visible="true" user="OSMnx"><nd ref="65078347" /><nd ref="3095396674" /><nd ref="8866444711" /><nd ref="8866444713" /><nd ref="259595007" /><tag k="maxspeed" v="30" /><tag k="highway" v="residential" /><tag k="lanes" v="1" /><tag k="name" v="Palmerston Gardens" /><tag k="oneway" v="no" /></way><way changeset="1" id="54703291" uid="1" timestamp="2026-05-15T09:34:42Z" version="1" visible="true" user="OSMnx"><nd ref="688820688" /><nd ref="8376380597" /><nd ref="688820692" /><nd ref="688820694" /><nd ref="13705118002" /><nd ref="688820695" /><nd ref="688820696" /><nd ref="688820697" /><nd ref="688820699" /><tag k="maxspeed" v="30" /><tag k="highway" v="residential" /><tag k="lanes" v="1" /><tag k="name" v="Larch Grove" /><tag k="oneway" v="no" /></way><way changeset="1" id="54703292" uid="1" timestamp="2026-05-15T09:34:42Z" version="1" visible="true" user="OSMnx"><nd ref="698592431" /><nd ref="8376389463" /><nd ref="3733330423" /><nd ref="13689204779" /><nd ref="13689204780" /><nd ref="688820705" /><nd ref="688820713" /><tag k="maxspeed" v="30" /><tag k="highway" v="residential" /><tag k="lanes" v="1" /><tag k="name" v="Woodstock Gardens" /><tag k="oneway" v="no" /></way><way changeset="1" id="54703294" uid="1" timestamp="2026-05-15T09:34:42Z" version="1" visible="true" user="OSMnx"><nd ref="688820703" /><nd ref="8376389465" /><nd ref="688820707" /><nd ref="5515898221" /><nd ref="2617479213" /><nd ref="688820710" /><nd ref="5659027539" /><nd ref="688820711" /><nd ref="2617479214" /><nd ref="688820745" /><tag k="maxspeed" v="30" /><tag k="highway" v="residential" /><tag k="lanes" v="1" /><tag k="name" v="Cullenswood Park" /><tag k="oneway" v="no" /></way><way changeset="1" id="55052908" uid="1" timestamp="2026-05-15T09:34:42Z" version="1" visible="true" user="OSMnx"><nd ref="54845154" /><nd ref="8303894031" /><nd ref="46590502" /><nd ref="473415969" /><nd ref="563884273" /><tag k="ref" v="R117" /><tag k="maxspeed" v="50" /><tag k="highway" v="secondary" /><tag k="lanes" v="2" /><tag k="name" v="Ranelagh" /><tag k="oneway" v="no" /></way><way changeset="1" id="59416356" uid="1" timestamp="2026-05-15T09:34:42Z" version="1" visible="true" user="OSMnx"><nd ref="340862535" /><nd ref="12198097423" /><nd ref="12198097422" /><nd ref="8391868085" /><nd ref="7191284739" /><nd ref="389685" /><tag k="ref" v="R114" /><tag k="maxspeed" v="30" /><tag k="highway" v="secondary" /><tag k="lanes" v="1" /><tag k="name" v="Camden Street Lower" /><tag k="oneway" v="yes" /></way><way changeset="1" id="59416357" uid="1" timestamp="2026-05-15T09:34:42Z" version="1" visible="true" user="OSMnx"><nd ref="49245967" /><nd ref="5407237268" /><nd ref="5407237262" /><tag k="ref" v="R114" /><tag k="maxspeed" v="50" /><tag k="highway" v="secondary" /><tag k="lanes" v="4" /><tag k="name" v="Harcourt Road" /><tag k="oneway" v="yes" /></way><way changeset="1" id="59416359" uid="1" timestamp="2026-05-15T09:34:42Z" version="1" visible="true" user="OSMnx"><nd ref="340862532" /><nd ref="3041274685" /><nd ref="2383668121" /><nd ref="7241108921" /><nd ref="2383668120" /><nd ref="389681" /><tag k="ref" v="R114" /><tag k="maxspeed" v="30" /><tag k="highway" v="secondary" /><tag k="lanes" v="3" /><tag k="name" v="Charlotte Way" /><tag k="oneway" v="yes" /></way><way changeset="1" id="70724921" uid="1" timestamp="2026-05-15T09:34:42Z" version="1" visible="true" user="OSMnx"><nd ref="5966992443" /><nd ref="12871547921" /><tag k="ref" v="R117" /><tag k="maxspeed" v="50" /><tag k="highway" v="secondary" /><tag k="lanes" v="2" /><tag k="name" v="Ranelagh" /><tag k="oneway" v="no" /></way><way changeset="1" id="75741007" uid="1" timestamp="2026-05-15T09:34:42Z" version="1" visible="true" user="OSMnx"><nd ref="130157168" /><nd ref="2421668771" /><nd ref="7191284740" /><nd ref="389685" /><tag k="ref" v="R114" /><tag k="maxspeed" v="30" /><tag k="highway" v="secondary" /><tag k="lanes" v="3" /><tag k="name" v="Camden Street Lower" /><tag k="oneway" v="no" /></way><way changeset="1" id="78628853" uid="1" timestamp="2026-05-15T09:34:42Z" version="1" visible="true" user="OSMnx"><nd ref="922484441" /><nd ref="13666433900" /><nd ref="13666497802" /><nd ref="13666497804" /><nd ref="13666497806" /><nd ref="13666497808" /><nd ref="13666497810" /><nd ref="13666497812" /><nd ref="13666497814" /><nd ref="13666497816" /><nd ref="2401038583" /><nd ref="13666475969" /><nd ref="13474549481" /><nd ref="13474549482" /><nd ref="13474549483" /><nd ref="922484448" /><nd ref="8866694752" /><nd ref="13666475997" /><nd ref="922484451" /><tag k="maxspeed" v="30" /><tag k="highway" v="residential" /><tag k="lanes" v="1" /><tag k="name" v="Leeson Park Avenue" /><tag k="oneway" v="no" /></way><way changeset="1" id="83804978" uid="1" timestamp="2026-05-15T09:34:42Z" version="1" visible="true" user="OSMnx"><nd ref="975699524" /><nd ref="10836255278" /><tag k="maxspeed" v="30" /><tag k="highway" v="residential" /><tag k="lanes" v="1" /><tag k="name" v="Spireview Lane" /><tag k="oneway" v="no" /></way><way changeset="1" id="109196045" uid="1" timestamp="2026-05-15T09:34:42Z" version="1" visible="true" user="OSMnx"><nd ref="58675543" /><nd ref="1250706388" /><nd ref="58675524" /><tag k="maxspeed" v="30" /><tag k="highway" v="residential" /><tag k="lanes" v="1" /><tag k="name" v="Dartmouth Square East" /><tag k="oneway" v="yes" /></way><way changeset="1" id="110403089" uid="1" timestamp="2026-05-15T09:34:42Z" version="1" visible="true" user="OSMnx"><nd ref="1260858711" /><nd ref="1260858641" /><nd ref="1260858614" /><nd ref="1260858691" /><nd ref="8587969550" /><nd ref="2465416154" /><nd ref="12165570514" /><nd ref="473746696" /><tag k="maxspeed" v="30" /><tag k="highway" v="residential" /><tag k="lanes" v="1" /><tag k="name" v="Swan Place" /><tag k="oneway" v="no" /></way><way changeset="1" id="110403091" uid="1" timestamp="2026-05-15T09:34:42Z" version="1" visible="true" user="OSMnx"><nd ref="1260858627" /><nd ref="1260858705" /><tag k="tunnel" v="building_passage" /><tag k="maxspeed" v="30" /><tag k="highway" v="residential" /><tag k="name" v="Fitzwilliam Way" /><tag k="oneway" v="no" /></way><way changeset="1" id="110403093" uid="1" timestamp="2026-05-15T09:34:42Z" version="1" visible="true" user="OSMnx"><nd ref="1420144383" /><nd ref="6372471667" /><nd ref="1260858627" /><tag k="maxspeed" v="30" /><tag k="highway" v="residential" /><tag k="name" v="Fitzwilliam Way" /><tag k="oneway" v="no" /></way><way changeset="1" id="110403094" uid="1" timestamp="2026-05-15T09:34:42Z" version="1" visible="true" user="OSMnx"><nd ref="1260858631" /><nd ref="1260858669" /><nd ref="1260858713" /><tag k="maxspeed" v="30" /><tag k="highway" v="residential" /><tag k="name" v="Fitzwilliam Way" /><tag k="oneway" v="no" /></way><way changeset="1" id="110403097" uid="1" timestamp="2026-05-15T09:34:42Z" version="1" visible="true" user="OSMnx"><nd ref="1260858705" /><nd ref="1260858669" /><tag k="maxspeed" v="30" /><tag k="highway" v="residential" /><tag k="name" v="Fitzwilliam Way" /><tag k="oneway" v="no" /></way><way changeset="1" id="110403099" uid="1" timestamp="2026-05-15T09:34:42Z" version="1" visible="true" user="OSMnx"><nd ref="1260858724" /><nd ref="1260858684" /><tag k="maxspeed" v="30" /><tag k="highway" v="residential" /><tag k="lanes" v="2" /><tag k="name" v="Leeson Village" /><tag k="oneway" v="no" /></way><way changeset="1" id="110403205" uid="1" timestamp="2026-05-15T09:34:42Z" version="1" visible="true" user="OSMnx"><nd ref="1260861251" /><nd ref="8718928252" /><nd ref="1260861241" /><nd ref="4906768913" /><nd ref="1260861254" /><nd ref="1260861240" /><nd ref="8073141777" /><nd ref="4906768914" /><nd ref="1260861237" /><nd ref="1260861250" /><nd ref="1260861238" /><tag k="highway" v="residential" /><tag k="lanes" v="2" /><tag k="name" v="Ardoyne Mews" /><tag k="oneway" v="no" /></way><way changeset="1" id="110407380" uid="1" timestamp="2026-05-15T09:34:42Z" version="1" visible="true" user="OSMnx"><nd ref="613146316" /><nd ref="613146318" /><nd ref="8659462757" /><nd ref="8659462742" /><nd ref="8659478782" /><nd ref="8752842647" /><nd ref="8752842645" /><nd ref="8752842641" /><tag k="maxspeed" v="30" /><tag k="highway" v="tertiary" /><tag k="lanes" v="2" /><tag k="name" v="Lansdowne Road" /><tag k="oneway" v="no" /></way><way changeset="1" id="110445434" uid="1" timestamp="2026-05-15T09:34:42Z" version="1" visible="true" user="OSMnx"><nd ref="1261227677" /><nd ref="32335040" /><tag k="ref" v="R118" /><tag k="maxspeed" v="50" /><tag k="highway" v="secondary" /><tag k="lanes" v="3" /><tag k="name" v="Pembroke Road" /><tag k="oneway" v="no" /></way><way changeset="1" id="110445435" uid="1" timestamp="2026-05-15T09:34:42Z" version="1" visible="true" user="OSMnx"><nd ref="1261227681" /><nd ref="2895593257" /><nd ref="13189794522" /><nd ref="613146316" /><tag k="maxspeed" v="30" /><tag k="highway" v="tertiary" /><tag k="lanes" v="1" /><tag k="name" v="Lansdowne Road" /><tag k="oneway" v="yes" /></way><way changeset="1" id="110445437" uid="1" timestamp="2026-05-15T09:34:42Z" version="1" visible="true" user="OSMnx"><nd ref="32335040" /><nd ref="11839217361" /><nd ref="799719204" /><tag k="ref" v="R118" /><tag k="maxspeed" v="50" /><tag k="highway" v="secondary" /><tag k="lanes" v="3" /><tag k="name" v="Pembroke Road" /><tag k="oneway" v="no" /></way><way changeset="1" id="110445438" uid="1" timestamp="2026-05-15T09:34:42Z" version="1" visible="true" user="OSMnx"><nd ref="1261227681" /><nd ref="13189794519" /><nd ref="1261227677" /><tag k="ref" v="R118" /><tag k="maxspeed" v="50" /><tag k="highway" v="secondary" /><tag k="lanes" v="3" /><tag k="name" v="Northumberland Road" /><tag k="oneway" v="no" /></way><way changeset="1" id="110445440" uid="1" timestamp="2026-05-15T09:34:42Z" version="1" visible="true" user="OSMnx"><nd ref="32335040" /><nd ref="12093418136" /><nd ref="2895593252" /><nd ref="1261227683" /><tag k="ref" v="R816" /><tag k="maxspeed" v="50" /><tag k="highway" v="secondary" /><tag k="lanes" v="1" /><tag k="name" v="Pembroke Road" /><tag k="oneway" v="yes" /></way><way changeset="1" id="112688712" uid="1" timestamp="2026-05-15T09:34:42Z" version="1" visible="true" user="OSMnx"><nd ref="243643608" /><nd ref="3733330344" /><nd ref="243643607" /><tag k="maxspeed" v="30" /><tag k="highway" v="residential" /><tag k="lanes" v="2" /><tag k="name" v="Merton Drive" /><tag k="oneway" v="no" /></way><way changeset="1" id="116689244" uid="1" timestamp="2026-05-15T09:34:42Z" version="1" visible="true" user="OSMnx"><nd ref="564323292" /><nd ref="11776572222" /><nd ref="2766848592" /><nd ref="2766848595" /><nd ref="8392313740" /><nd ref="564323371" /><tag k="maxspeed" v="30" /><tag k="highway" v="residential" /><tag k="lanes" v="1" /><tag k="name" v="Mountpleasant Terrace" /><tag k="oneway" v="yes" /></way><way changeset="1" id="116689248" uid="1" timestamp="2026-05-15T09:34:42Z" version="1" visible="true" user="OSMnx"><nd ref="658435" /><nd ref="564323371" /><nd ref="12125078929" /><nd ref="658436" /><nd ref="12286983939" /><nd ref="2764492275" /><nd ref="12286983938" /><nd ref="58675496" /><nd ref="2764492272" /><nd ref="344665742" /><nd ref="658438" /><nd ref="2764492266" /><nd ref="560634432" /><nd ref="5658941695" /><nd ref="12177699342" /><nd ref="2764492256" /><tag k="ref" v="R117" /><tag k="maxspeed" v="50" /><tag k="highway" v="secondary" /><tag k="lanes" v="3" /><tag k="name" v="Ranelagh Road" /><tag k="oneway" v="no" /></way><way changeset="1" id="117590951" uid="1" timestamp="2026-05-15T09:34:42Z" version="1" visible="true" user="OSMnx"><nd ref="666739" /><nd ref="11794873152" /><nd ref="11094130186" /><nd ref="4211640964" /><nd ref="259595008" /><nd ref="4196298290" /><nd ref="4196298291" /><nd ref="13355800048" /><nd ref="4211592588" /><nd ref="4211646637" /><nd ref="13355699479" /><nd ref="13355699483" /><nd ref="65084681" /><tag k="maxspeed" v="30" /><tag k="highway" v="residential" /><tag k="lanes" v="2" /><tag k="name" v="Cowper Road" /><tag k="oneway" v="no" /></way><way changeset="1" id="117590952" uid="1" timestamp="2026-05-15T09:34:42Z" version="1" visible="true" user="OSMnx"><nd ref="666725" /><nd ref="310697342" /><nd ref="3115546717" /><nd ref="13243707840" /><tag k="ref" v="R820" /><tag k="maxspeed" v="50" /><tag k="highway" v="secondary" /><tag k="lanes" v="2" /><tag k="name" v="Rathmines Road Upper" /><tag k="oneway" v="no" /></way><way changeset="1" id="119860706" uid="1" timestamp="2026-05-15T09:34:42Z" version="1" visible="true" user="OSMnx"><nd ref="2876012509" /><nd ref="4077343910" /><nd ref="2876012510" /><nd ref="11789771019" /><nd ref="1345315820" /><nd ref="13300595391" /><nd ref="13300595390" /><nd ref="2473982590" /><nd ref="2473982653" /><nd ref="1345315819" /><tag k="ref" v="L1290" /><tag k="maxspeed" v="30" /><tag k="highway" v="tertiary" /><tag k="lanes" v="2" /><tag k="name" v="Wilton Terrace" /><tag k="oneway" v="no" /></way><way changeset="1" id="125880830" uid="1" timestamp="2026-05-15T09:34:42Z" version="1" visible="true" user="OSMnx"><nd ref="1397026919" /><nd ref="130158815" /><nd ref="32475584" /><tag k="ref" v="R811" /><tag k="maxspeed" v="50" /><tag k="highway" v="secondary" /><tag k="lanes" v="3" /><tag k="name" v="South Circular Road" /><tag k="oneway" v="no" /></way><way changeset="1" id="128521421" uid="1" timestamp="2026-05-15T09:34:42Z" version="1" visible="true" user="OSMnx"><nd ref="1420144288" /><nd ref="13199971086" /><nd ref="13199898394" /><nd ref="4906770127" /><nd ref="355146344" /><nd ref="8568065515" /><nd ref="4906770124" /><nd ref="13801918677" /><nd ref="1420144373" /><tag k="maxspeed" v="50" /><tag k="highway" v="residential" /><tag k="lanes" v="2" /><tag k="name" v="Clyde Road" /><tag k="oneway" v="no" /></way><way changeset="1" id="128521422" uid="1" timestamp="2026-05-15T09:34:42Z" version="1" visible="true" user="OSMnx"><nd ref="8697761168" /><nd ref="8697761170" /><nd ref="8697761172" /><nd ref="8697761174" /><nd ref="8697761176" /><nd ref="8697761178" /><nd ref="1420144467" /><tag k="maxspeed" v="50" /><tag k="highway" v="residential" /><tag k="lanes" v="2" /><tag k="name" v="Elgin Road" /><tag k="oneway" v="no" /></way><way changeset="1" id="128521555" uid="1" timestamp="2026-05-15T09:34:42Z" version="1" visible="true" user="OSMnx"><nd ref="613146316" /><nd ref="2895593256" /><nd ref="13189794525" /><nd ref="32335040" /><tag k="maxspeed" v="30" /><tag k="highway" v="tertiary" /><tag k="lanes" v="2" /><tag k="name" v="Lansdowne Road" /><tag k="oneway" v="yes" /></way><way changeset="1" id="128521557" uid="1" timestamp="2026-05-15T09:34:42Z" version="1" visible="true" user="OSMnx"><nd ref="1420144276" /><nd ref="473746696" /><tag k="ref" v="R138" /><tag k="maxspeed" v="50" /><tag k="highway" v="secondary" /><tag k="lanes" v="4" /><tag k="name" v="Leeson Street Upper" /><tag k="oneway" v="no" /></way><way changeset="1" id="128521563" uid="1" timestamp="2026-05-15T09:34:42Z" version="1" visible="true" user="OSMnx"><nd ref="9631320529" /><nd ref="9923648620" /><nd ref="4906768909" /><nd ref="4906768910" /><nd ref="4906768911" /><nd ref="1260861251" /><nd ref="8562043140" /><nd ref="4906768912" /><nd ref="13199898393" /><nd ref="9923648619" /><nd ref="1420144288" /><tag k="maxspeed" v="30" /><tag k="highway" v="residential" /><tag k="lanes" v="2" /><tag k="name" v="Pembroke Park" /><tag k="oneway" v="no" /></way><way changeset="1" id="128521564" uid="1" timestamp="2026-05-15T09:34:42Z" version="1" visible="true" user="OSMnx"><nd ref="60790663" /><nd ref="8659478761" /><nd ref="11243382672" /><nd ref="32335409" /><tag k="ref" v="R816" /><tag k="maxspeed" v="50" /><tag k="highway" v="secondary" /><tag k="lanes" v="4" /><tag k="name" v="Pembroke Road" /><tag k="oneway" v="no" /></way><way changeset="1" id="128521572" uid="1" timestamp="2026-05-15T09:34:42Z" version="1" visible="true" user="OSMnx"><nd ref="1420144288" /><nd ref="4906770129" /><nd ref="10874072588" /><tag k="maxspeed" v="50" /><tag k="highway" v="residential" /><tag k="lanes" v="2" /><tag k="name" v="Wellington Place" /><tag k="oneway" v="no" /></way><way changeset="1" id="128521573" uid="1" timestamp="2026-05-15T09:34:42Z" version="1" visible="true" user="OSMnx"><nd ref="1420144288" /><nd ref="2895626299" /><nd ref="13199971083" /><nd ref="1420144315" /><nd ref="13199971041" /><nd ref="2895626300" /><tag k="maxspeed" v="30" /><tag k="highway" v="residential" /><tag k="lanes" v="2" /><tag k="name" v="Wellington Road" /><tag k="oneway" v="yes" /></way><way changeset="1" id="129211788" uid="1" timestamp="2026-05-15T09:34:42Z" version="1" visible="true" user="OSMnx"><nd ref="657360" /><nd ref="1426048616" /><nd ref="1575698494" /><nd ref="1638709173" /><nd ref="5083379971" /><nd ref="5120116629" /><nd ref="563987490" /><nd ref="5083380005" /><nd ref="5245064885" /><nd ref="5245064890" /><nd ref="1426048618" /><nd ref="1638709174" /><nd ref="5245064878" /><nd ref="1575698519" /><nd ref="59694701" /><tag k="maxspeed" v="50" /><tag k="highway" v="tertiary" /><tag k="lanes" v="2" /><tag k="name" v="Charleston Road" /><tag k="oneway" v="no" /></way><way changeset="1" id="129211854" uid="1" timestamp="2026-05-15T09:34:42Z" version="1" visible="true" user="OSMnx"><nd ref="264020616" /><nd ref="6667937950" /><nd ref="1426048681" /><nd ref="1260858654" /><tag k="maxspeed" v="30" /><tag k="highway" v="residential" /><tag k="name" v="Waterloo Lane" /><tag k="oneway" v="no" /></way><way changeset="1" id="129211856" uid="1" timestamp="2026-05-15T09:34:42Z" version="1" visible="true" user="OSMnx"><nd ref="1426048626" /><nd ref="5367413520" /><nd ref="746031685" /><nd ref="2371748379" /><nd ref="12190339682" /><nd ref="1426048630" /><nd ref="500277432" /><tag k="maxspeed" v="30" /><tag k="highway" v="residential" /><tag k="lanes" v="1" /><tag k="name" v="William's Park" /><tag k="oneway" v="yes" /></way><way changeset="1" id="129298404" uid="1" timestamp="2026-05-15T09:34:42Z" version="1" visible="true" user="OSMnx"><nd ref="1426821215" /><nd ref="5434512910" /><nd ref="6395926037" /><nd ref="6372471664" /><nd ref="6372471661" /><nd ref="1420144383" /><nd ref="6372471658" /><nd ref="6372471655" /><nd ref="6372471652" /><nd ref="389703" /><tag k="ref" v="R138" /><tag k="maxspeed" v="50" /><tag k="highway" v="secondary" /><tag k="lanes" v="5" /><tag k="name" v="Leeson Street Upper" /><tag k="oneway" v="no" /></way><way changeset="1" id="143991358" uid="1" timestamp="2026-05-15T09:34:42Z" version="1" visible="true" user="OSMnx"><nd ref="665818" /><nd ref="12815646892" /><nd ref="3659265229" /><nd ref="450656588" /><tag k="ref" v="R117" /><tag k="maxspeed" v="50" /><tag k="highway" v="secondary" /><tag k="lanes" v="3" /><tag k="name" v="Ranelagh" /><tag k="oneway" v="no" /></way><way changeset="1" id="145571187" uid="1" timestamp="2026-05-15T09:34:42Z" version="1" visible="true" user="OSMnx"><nd ref="1589614800" /><nd ref="13199990633" /><nd ref="13199990632" /><nd ref="10315658682" /><nd ref="12177699350" /><nd ref="32335403" /><tag k="maxspeed" v="30" /><tag k="highway" v="tertiary" /><tag k="lanes" v="3" /><tag k="name" v="Waterloo Road" /><tag k="oneway" v="no" /></way><way changeset="1" id="145571188" uid="1" timestamp="2026-05-15T09:34:42Z" version="1" visible="true" user="OSMnx"><nd ref="1589614793" /><nd ref="1589614800" /><tag k="maxspeed" v="30" /><tag k="highway" v="tertiary" /><tag k="lanes" v="3" /><tag k="name" v="Waterloo Road" /><tag k="oneway" v="no" /></way><way changeset="1" id="147463637" uid="1" timestamp="2026-05-15T09:34:42Z" version="1" visible="true" user="OSMnx"><nd ref="461626137" /><nd ref="2461937002" /><nd ref="940041491" /><nd ref="461626144" /><nd ref="13480379958" /><nd ref="8661849755" /><nd ref="2896327067" /><nd ref="1606823804" /><tag k="maxspeed" v="30" /><tag k="highway" v="residential" /><tag k="lanes" v="1" /><tag k="name" v="Eastmoreland Lane" /><tag k="oneway" v="no" /></way><way changeset="1" id="153341564" uid="1" timestamp="2026-05-15T09:34:42Z" version="1" visible="true" user="OSMnx"><nd ref="130249415" /><nd ref="412954101" /><nd ref="1660049103" /><nd ref="13727499466" /><nd ref="2380664141" /><tag k="maxspeed" v="30" /><tag k="highway" v="unclassified" /><tag k="lanes" v="1" /><tag k="name" v="Harcourt Terrace Lane" /><tag k="oneway" v="no" /></way><way changeset="1" id="153341565" uid="1" timestamp="2026-05-15T09:34:42Z" version="1" visible="true" user="OSMnx"><nd ref="29400038" /><nd ref="2876012507" /><nd ref="29400039" /><tag k="ref" v="R117" /><tag k="maxspeed" v="50" /><tag k="highway" v="secondary" /><tag k="lanes" v="3" /><tag k="name" v="Charlemont Street" /><tag k="oneway" v="no" /></way><way changeset="1" id="156375816" uid="1" timestamp="2026-05-15T09:34:42Z" version="1" visible="true" user="OSMnx"><nd ref="1426821214" /><nd ref="13147443569" /><nd ref="5497801961" /><nd ref="13147443570" /><nd ref="5417187905" /><nd ref="12165570503" /><nd ref="8669016681" /><nd ref="1260858724" /><nd ref="9732545119" /><nd ref="9732495514" /><nd ref="264020616" /><nd ref="1426821215" /><tag k="ref" v="R138" /><tag k="maxspeed" v="50" /><tag k="highway" v="secondary" /><tag k="lanes" v="5" /><tag k="name" v="Leeson Street Upper" /><tag k="oneway" v="no" /></way><way changeset="1" id="156375819" uid="1" timestamp="2026-05-15T09:34:42Z" version="1" visible="true" user="OSMnx"><nd ref="799719204" /><nd ref="321525355" /><tag k="ref" v="R118" /><tag k="maxspeed" v="50" /><tag k="highway" v="secondary" /><tag k="lanes" v="5" /><tag k="name" v="Pembroke Road" /><tag k="oneway" v="no" /></way><way changeset="1" id="165568788" uid="1" timestamp="2026-05-15T09:34:42Z" version="1" visible="true" user="OSMnx"><nd ref="564125904" /><nd ref="8657171066" /><nd ref="54859727" /><nd ref="564932776" /><nd ref="1771090366" /><tag k="ref" v="R820" /><tag k="maxspeed" v="50" /><tag k="highway" v="secondary" /><tag k="lanes" v="2" /><tag k="name" v="Rathmines Road Upper" /><tag k="oneway" v="no" /></way><way changeset="1" id="185275576" uid="1" timestamp="2026-05-15T09:34:42Z" version="1" visible="true" user="OSMnx"><nd ref="344665747" /><nd ref="207100186" /><nd ref="207100187" /><tag k="maxspeed" v="30" /><tag k="highway" v="residential" /><tag k="lanes" v="1" /><tag k="name" v="Mountpleasant Square" /><tag k="oneway" v="no" /></way><way changeset="1" id="228373543" uid="1" timestamp="2026-05-15T09:34:42Z" version="1" visible="true" user="OSMnx"><nd ref="2370573191" /><nd ref="10692812928" /><nd ref="29400033" /><nd ref="132140315" /><nd ref="29400034" /><nd ref="12287207216" /><nd ref="5658908258" /><nd ref="12287207215" /><nd ref="130245808" /><nd ref="29400035" /><nd ref="29400036" /><nd ref="5658908252" /><nd ref="5658872349" /><nd ref="5658925521" /><nd ref="29400037" /><nd ref="2886055812" /><nd ref="658431" /><nd ref="29400038" /><tag k="ref" v="R117" /><tag k="maxspeed" v="50" /><tag k="highway" v="secondary" /><tag k="lanes" v="3" /><tag k="name" v="Charlemont Street" /><tag k="oneway" v="no" /></way><way changeset="1" id="228373557" uid="1" timestamp="2026-05-15T09:34:42Z" version="1" visible="true" user="OSMnx"><nd ref="2370573193" /><nd ref="2370573205" /><nd ref="7008547637" /><nd ref="2370573208" /><tag k="maxspeed" v="30" /><tag k="highway" v="residential" /><tag k="lanes" v="1" /><tag k="name" v="Synge Lane" /><tag k="oneway" v="no" /></way><way changeset="1" id="228373561" uid="1" timestamp="2026-05-15T09:34:42Z" version="1" visible="true" user="OSMnx"><nd ref="2370573226" /><nd ref="2370573142" /><nd ref="12862484146" /><nd ref="2370573174" /><nd ref="2370573138" /><nd ref="2370573191" /><tag k="ref" v="R117" /><tag k="maxspeed" v="50" /><tag k="highway" v="secondary" /><tag k="lanes" v="1" /><tag k="name" v="Charlemont Street" /><tag k="oneway" v="yes" /></way><way changeset="1" id="234244112" uid="1" timestamp="2026-05-15T09:34:42Z" version="1" visible="true" user="OSMnx"><nd ref="2425181675" /><nd ref="2425181695" /><nd ref="2425181731" /><nd ref="2425181773" /><nd ref="2425181777" /><nd ref="2425181791" /><nd ref="2425181803" /><nd ref="2425181811" /><nd ref="2425181819" /><nd ref="2425181821" /><tag k="maxspeed" v="30" /><tag k="highway" v="residential" /><tag k="lanes" v="2" /><tag k="access" v="permissive" /><tag k="name" v="Lissenfield" /><tag k="oneway" v="no" /></way><way changeset="1" id="234244114" uid="1" timestamp="2026-05-15T09:34:42Z" version="1" visible="true" user="OSMnx"><nd ref="2425181630" /><nd ref="5126297172" /><nd ref="2425181632" /><nd ref="2425181640" /><nd ref="2425181651" /><nd ref="2425181662" /><nd ref="2425181675" /><nd ref="2425181681" /><nd ref="2425181705" /><nd ref="2425181707" /><tag k="maxspeed" v="30" /><tag k="highway" v="residential" /><tag k="lanes" v="2" /><tag k="access" v="permissive" /><tag k="name" v="Lissenfield" /><tag k="oneway" v="no" /></way><way changeset="1" id="234920494" uid="1" timestamp="2026-05-15T09:34:42Z" version="1" visible="true" user="OSMnx"><nd ref="2430413262" /><nd ref="2430413237" /><tag k="maxspeed" v="30" /><tag k="highway" v="residential" /><tag k="lanes" v="1" /><tag k="name" v="Sallymount Gardens" /><tag k="oneway" v="no" /></way><way changeset="1" id="234920495" uid="1" timestamp="2026-05-15T09:34:42Z" version="1" visible="true" user="OSMnx"><nd ref="2430413211" /><nd ref="2430413196" /><tag k="maxspeed" v="30" /><tag k="highway" v="residential" /><tag k="lanes" v="1" /><tag k="name" v="Sallymount Terrace" /><tag k="oneway" v="no" /></way><way changeset="1" id="235444343" uid="1" timestamp="2026-05-15T09:34:42Z" version="1" visible="true" user="OSMnx"><nd ref="2435024229" /><nd ref="2435024250" /><tag k="tunnel" v="yes" /><tag k="maxspeed" v="30" /><tag k="highway" v="residential" /><tag k="lanes" v="1" /><tag k="name" v="Synge Place" /><tag k="oneway" v="no" /></way><way changeset="1" id="235444344" uid="1" timestamp="2026-05-15T09:34:42Z" version="1" visible="true" user="OSMnx"><nd ref="2435024250" /><nd ref="8391868058" /><nd ref="369213150" /><tag k="maxspeed" v="30" /><tag k="highway" v="residential" /><tag k="lanes" v="1" /><tag k="name" v="Synge Place" /><tag k="oneway" v="no" /></way><way changeset="1" id="238334895" uid="1" timestamp="2026-05-15T09:34:42Z" version="1" visible="true" user="OSMnx"><nd ref="389678" /><nd ref="3393157382" /><nd ref="5194522709" /><tag k="ref" v="R114" /><tag k="maxspeed" v="50" /><tag k="highway" v="secondary" /><tag k="lanes" v="3" /><tag k="name" v="La Touche Bridge" /><tag k="oneway" v="no" /></way><way changeset="1" id="238351885" uid="1" timestamp="2026-05-15T09:34:42Z" version="1" visible="true" user="OSMnx"><nd ref="5789931063" /><nd ref="2461937033" /><nd ref="2461936969" /><nd ref="2461936998" /><nd ref="2461936995" /><tag k="maxspeed" v="50" /><tag k="highway" v="residential" /><tag k="lanes" v="1" /><tag k="name" v="Clyde Road" /><tag k="oneway" v="yes" /></way><way changeset="1" id="238740923" uid="1" timestamp="2026-05-15T09:34:42Z" version="1" visible="true" user="OSMnx"><nd ref="1420144287" /><nd ref="5167772731" /><tag k="maxspeed" v="50" /><tag k="highway" v="residential" /><tag k="lanes" v="1" /><tag k="name" v="Wellington Place" /><tag k="oneway" v="yes" /></way><way changeset="1" id="238740929" uid="1" timestamp="2026-05-15T09:34:42Z" version="1" visible="true" user="OSMnx"><nd ref="1426821214" /><nd ref="12165570509" /><nd ref="2465416036" /><tag k="ref" v="R138" /><tag k="maxspeed" v="50" /><tag k="highway" v="secondary" /><tag k="lanes" v="2" /><tag k="name" v="Leeson Street Upper" /><tag k="oneway" v="yes" /></way><way changeset="1" id="238740933" uid="1" timestamp="2026-05-15T09:34:42Z" version="1" visible="true" user="OSMnx"><nd ref="2465416100" /><nd ref="2465416188" /><nd ref="12165570510" /><nd ref="2465416011" /><nd ref="2465416058" /><nd ref="1420144287" /><tag k="maxspeed" v="50" /><tag k="highway" v="residential" /><tag k="lanes" v="1" /><tag k="name" v="Wellington Place" /><tag k="oneway" v="yes" /></way><way changeset="1" id="239615832" uid="1" timestamp="2026-05-15T09:34:42Z" version="1" visible="true" user="OSMnx"><nd ref="2473982646" /><nd ref="2473982539" /><nd ref="2473982667" /><nd ref="12264668071" /><nd ref="2473982559" /><nd ref="5247319192" /><nd ref="2473982534" /><nd ref="2473982603" /><nd ref="2473982574" /><tag k="ref" v="R117" /><tag k="maxspeed" v="50" /><tag k="highway" v="secondary_link" /><tag k="lanes" v="1" /><tag k="name" v="Milltown Road" /><tag k="oneway" v="yes" /></way><way changeset="1" id="242081836" uid="1" timestamp="2026-05-15T09:34:42Z" version="1" visible="true" user="OSMnx"><nd ref="259594819" /><nd ref="259594838" /><nd ref="259594832" /><nd ref="2496300135" /><nd ref="2496300134" /><nd ref="259594833" /><nd ref="259594834" /><tag k="maxspeed" v="30" /><tag k="highway" v="residential" /><tag k="lanes" v="2" /><tag k="name" v="Ramleh Park" /><tag k="oneway" v="no" /></way><way changeset="1" id="242081920" uid="1" timestamp="2026-05-15T09:34:42Z" version="1" visible="true" user="OSMnx"><nd ref="259151632" /><nd ref="259151633" /><tag k="maxspeed" v="30" /><tag k="highway" v="residential" /><tag k="lanes" v="2" /><tag k="access" v="permissive" /><tag k="name" v="Abbeyfield" /><tag k="oneway" v="no" /></way><way changeset="1" id="242081921" uid="1" timestamp="2026-05-15T09:34:42Z" version="1" visible="true" user="OSMnx"><nd ref="259151630" /><nd ref="8762813341" /><nd ref="259151631" /><tag k="maxspeed" v="30" /><tag k="highway" v="residential" /><tag k="lanes" v="2" /><tag k="access" v="permissive" /><tag k="name" v="Abbeyfield" /><tag k="oneway" v="no" /></way><way changeset="1" id="256049929" uid="1" timestamp="2026-05-15T09:34:42Z" version="1" visible="true" user="OSMnx"><nd ref="563884223" /><nd ref="2617479196" /><nd ref="8390553294" /><nd ref="563884225" /><nd ref="3729342081" /><nd ref="563884224" /><nd ref="3729342107" /><nd ref="666338" /><nd ref="563884259" /><nd ref="666339" /><nd ref="2617479210" /><nd ref="3731552605" /><nd ref="8376389492" /><nd ref="666360" /><tag k="maxspeed" v="30" /><tag k="highway" v="residential" /><tag k="lanes" v="1" /><tag k="name" v="Ashfield Road" /><tag k="oneway" v="yes" /></way><way changeset="1" id="271093461" uid="1" timestamp="2026-05-15T09:34:42Z" version="1" visible="true" user="OSMnx"><nd ref="2760514500" /><nd ref="8985936266" /><nd ref="2760514504" /><nd ref="2760514506" /><tag k="highway" v="residential" /><tag k="lanes" v="2" /><tag k="access" v="permissive" /><tag k="name" v="Eglinton Court" /><tag k="oneway" v="no" /></way><way changeset="1" id="271494224" uid="1" timestamp="2026-05-15T09:34:42Z" version="1" visible="true" user="OSMnx"><nd ref="746023489" /><nd ref="4242286139" /><nd ref="3596719766" /><nd ref="4933985150" /><nd ref="337429610" /><tag k="maxspeed" v="30" /><tag k="highway" v="residential" /><tag k="lanes" v="2" /><tag k="name" v="Military Road" /><tag k="oneway" v="no" /></way><way changeset="1" id="272340591" uid="1" timestamp="2026-05-15T09:34:42Z" version="1" visible="true" user="OSMnx"><nd ref="2772876331" /><nd ref="3076890604" /><nd ref="3076890608" /><nd ref="373358304" /><tag k="maxspeed" v="30" /><tag k="highway" v="residential" /><tag k="lanes" v="1" /><tag k="name" v="Castlewood Place" /><tag k="oneway" v="no" /></way><way changeset="1" id="273520668" uid="1" timestamp="2026-05-15T09:34:42Z" version="1" visible="true" user="OSMnx"><nd ref="258599303" /><nd ref="2783592292" /><nd ref="2783592295" /><nd ref="258599511" /><nd ref="258599512" /><nd ref="564952553" /><nd ref="258599513" /><nd ref="258599289" /><nd ref="258599515" /><tag k="maxspeed" v="30" /><tag k="highway" v="residential" /><tag k="name" v="Cowper Downs" /><tag k="oneway" v="no" /></way><way changeset="1" id="283099576" uid="1" timestamp="2026-05-15T09:34:42Z" version="1" visible="true" user="OSMnx"><nd ref="4902447120" /><nd ref="10158801968" /><nd ref="2661041130" /><nd ref="8638917473" /><nd ref="2661041133" /><nd ref="12366186662" /><nd ref="564458297" /><nd ref="666729" /><tag k="maxspeed" v="50" /><tag k="highway" v="tertiary" /><tag k="lanes" v="2" /><tag k="name" v="Grosvenor Road" /><tag k="oneway" v="no" /></way><way changeset="1" id="283771393" uid="1" timestamp="2026-05-15T09:34:42Z" version="1" visible="true" user="OSMnx"><nd ref="9101069" /><nd ref="10445469403" /><nd ref="11108277340" /><nd ref="10445469385" /><nd ref="2876012509" /><tag k="ref" v="L1290" /><tag k="maxspeed" v="30" /><tag k="highway" v="tertiary" /><tag k="lanes" v="1" /><tag k="name" v="Wilton Terrace" /><tag k="oneway" v="yes" /></way><way changeset="1" id="283771398" uid="1" timestamp="2026-05-15T09:34:42Z" version="1" visible="true" user="OSMnx"><nd ref="8140608768" /><nd ref="7512305754" /><nd ref="2876012531" /><nd ref="2876012532" /><nd ref="5167712504" /><nd ref="32335006" /><tag k="ref" v="L1290" /><tag k="maxspeed" v="30" /><tag k="highway" v="tertiary" /><tag k="name" v="Wilton Terrace" /><tag k="oneway" v="no" /></way><way changeset="1" id="285991276" uid="1" timestamp="2026-05-15T09:34:42Z" version="1" visible="true" user="OSMnx"><nd ref="2896327064" /><nd ref="243643594" /><tag k="maxspeed" v="30" /><tag k="highway" v="tertiary" /><tag k="lanes" v="2" /><tag k="name" v="Eastmoreland Place" /><tag k="oneway" v="no" /></way><way changeset="1" id="290637300" uid="1" timestamp="2026-05-15T09:34:42Z" version="1" visible="true" user="OSMnx"><nd ref="9101069" /><nd ref="389688" /><tag k="ref" v="R138" /><tag k="maxspeed" v="50" /><tag k="highway" v="secondary" /><tag k="lanes" v="4" /><tag k="name" v="Leeson Street Upper" /><tag k="oneway" v="no" /></way><way changeset="1" id="294898529" uid="1" timestamp="2026-05-15T09:34:42Z" version="1" visible="true" user="OSMnx"><nd ref="1426048622" /><nd ref="3731542129" /><nd ref="565684359" /><nd ref="8390553663" /><nd ref="1426048628" /><tag k="maxspeed" v="50" /><tag k="highway" v="tertiary" /><tag k="lanes" v="2" /><tag k="name" v="Cullenswood Road" /><tag k="oneway" v="no" /></way><way changeset="1" id="294898530" uid="1" timestamp="2026-05-15T09:34:42Z" version="1" visible="true" user="OSMnx"><nd ref="1426048629" /><nd ref="13272138366" /><nd ref="665818" /><tag k="maxspeed" v="50" /><tag k="highway" v="tertiary" /><tag k="lanes" v="2" /><tag k="name" v="Cullenswood Road" /><tag k="oneway" v="no" /></way><way changeset="1" id="294898531" uid="1" timestamp="2026-05-15T09:34:42Z" version="1" visible="true" user="OSMnx"><nd ref="450657663" /><nd ref="8392313792" /><tag k="ref" v="R117" /><tag k="maxspeed" v="50" /><tag k="highway" v="secondary" /><tag k="lanes" v="3" /><tag k="name" v="Ranelagh" /><tag k="oneway" v="no" /></way><way changeset="1" id="301930585" uid="1" timestamp="2026-05-15T09:34:42Z" version="1" visible="true" user="OSMnx"><nd ref="560602883" /><nd ref="560602884" /><nd ref="560602885" /><nd ref="560602886" /><tag k="maxspeed" v="30" /><tag k="highway" v="residential" /><tag k="lanes" v="1" /><tag k="name" v="Leinster Square" /><tag k="oneway" v="no" /></way><way changeset="1" id="301930586" uid="1" timestamp="2026-05-15T09:34:42Z" version="1" visible="true" user="OSMnx"><nd ref="560602902" /><nd ref="560602883" /><tag k="maxspeed" v="30" /><tag k="highway" v="residential" /><tag k="lanes" v="1" /><tag k="name" v="Leinster Square" /><tag k="oneway" v="no" /></way><way changeset="1" id="302902114" uid="1" timestamp="2026-05-15T09:34:42Z" version="1" visible="true" user="OSMnx"><nd ref="366910532" /><nd ref="3071858926" /><tag k="tunnel" v="yes" /><tag k="maxspeed" v="30" /><tag k="highway" v="residential" /><tag k="lanes" v="1" /><tag k="name" v="McGovern's Arch" /><tag k="oneway" v="no" /></way><way changeset="1" id="302902115" uid="1" timestamp="2026-05-15T09:34:42Z" version="1" visible="true" user="OSMnx"><nd ref="3071858926" /><nd ref="8392313739" /><nd ref="658436" /><tag k="maxspeed" v="30" /><tag k="highway" v="residential" /><tag k="lanes" v="1" /><tag k="name" v="Price's Lane" /><tag k="oneway" v="no" /></way><way changeset="1" id="304968834" uid="1" timestamp="2026-05-15T09:34:42Z" version="1" visible="true" user="OSMnx"><nd ref="60955844" /><nd ref="2375609788" /><nd ref="2375609789" /><nd ref="2295261072" /><nd ref="310697144" /><nd ref="2375609796" /><nd ref="60955845" /><tag k="maxspeed" v="30" /><tag k="highway" v="residential" /><tag k="lanes" v="1" /><tag k="name" v="Fortfield Gardens" /><tag k="oneway" v="no" /></way><way changeset="1" id="307514635" uid="1" timestamp="2026-05-15T09:34:42Z" version="1" visible="true" user="OSMnx"><nd ref="3126965058" /><nd ref="11750966507" /><nd ref="3126965059" /><nd ref="3126965060" /><tag k="maxspeed" v="30" /><tag k="highway" v="residential" /><tag k="lanes" v="1" /><tag k="name" v="Mountpleasant Place" /><tag k="oneway" v="yes" /></way><way changeset="1" id="307514637" uid="1" timestamp="2026-05-15T09:34:42Z" version="1" visible="true" user="OSMnx"><nd ref="3126965060" /><nd ref="59694670" /><tag k="maxspeed" v="30" /><tag k="highway" v="residential" /><tag k="lanes" v="2" /><tag k="name" v="Mountpleasant Place" /><tag k="oneway" v="no" /></way><way changeset="1" id="317027056" uid="1" timestamp="2026-05-15T09:34:42Z" version="1" visible="true" user="OSMnx"><nd ref="3232427098" /><nd ref="658432" /><tag k="ref" v="R117" /><tag k="maxspeed" v="50" /><tag k="highway" v="secondary" /><tag k="lanes" v="3" /><tag k="bridge" v="yes" /><tag k="name" v="Charlemont Bridge" /><tag k="oneway" v="no" /></way><way changeset="1" id="317027057" uid="1" timestamp="2026-05-15T09:34:42Z" version="1" visible="true" user="OSMnx"><nd ref="59694701" /><nd ref="5245005859" /><nd ref="5083314658" /><nd ref="5083314653" /><nd ref="5245005844" /><nd ref="563987502" /><nd ref="1426048622" /><tag k="maxspeed" v="50" /><tag k="highway" v="tertiary" /><tag k="lanes" v="2" /><tag k="name" v="Charleston Road" /><tag k="oneway" v="no" /></way><way changeset="1" id="317027064" uid="1" timestamp="2026-05-15T09:34:42Z" version="1" visible="true" user="OSMnx"><nd ref="130157163" /><nd ref="130157164" /><nd ref="130157149" /><tag k="maxspeed" v="30" /><tag k="highway" v="residential" /><tag k="name" v="Lennox Street" /><tag k="oneway" v="no" /></way><way changeset="1" id="317027065" uid="1" timestamp="2026-05-15T09:34:42Z" version="1" visible="true" user="OSMnx"><nd ref="130157149" /><nd ref="130157165" /><nd ref="130157166" /><nd ref="746020034" /><nd ref="130158418" /><nd ref="130158419" /><nd ref="8391868048" /><nd ref="130158421" /><tag k="maxspeed" v="30" /><tag k="highway" v="residential" /><tag k="lanes" v="2" /><tag k="name" v="Lennox Street" /><tag k="oneway" v="no" /></way><way changeset="1" id="317027071" uid="1" timestamp="2026-05-15T09:34:42Z" version="1" visible="true" user="OSMnx"><nd ref="10836255281" /><nd ref="975699524" /><nd ref="9802481748" /><nd ref="666733" /><nd ref="564540054" /><nd ref="8638917476" /><nd ref="2886074922" /><nd ref="10290371057" /><nd ref="8638741744" /><nd ref="2661041147" /><nd ref="2661041156" /><nd ref="12366186663" /><nd ref="12366186661" /><nd ref="666729" /><tag k="ref" v="R114" /><tag k="maxspeed" v="50" /><tag k="highway" v="secondary" /><tag k="lanes" v="3" /><tag k="name" v="Rathgar Road" /><tag k="oneway" v="no" /></way><way changeset="1" id="317027072" uid="1" timestamp="2026-05-15T09:34:42Z" version="1" visible="true" user="OSMnx"><nd ref="6406327374" /><nd ref="564122625" /><nd ref="560602904" /><nd ref="12554764171" /><nd ref="12108766520" /><nd ref="9386576690" /><tag k="ref" v="R114" /><tag k="maxspeed" v="50" /><tag k="highway" v="secondary" /><tag k="lanes" v="3" /><tag k="name" v="Rathmines Road Lower" /><tag k="oneway" v="no" /></way><way changeset="1" id="317312599" uid="1" timestamp="2026-05-15T09:34:42Z" version="1" visible="true" user="OSMnx"><nd ref="1420144373" /><nd ref="13801945269" /><nd ref="13801945271" /><nd ref="13801968813" /><nd ref="4906770123" /><nd ref="13801968816" /><nd ref="13801945253" /><nd ref="13801945256" /><nd ref="7636764539" /><nd ref="8562006549" /><nd ref="13801948029" /><nd ref="13801948032" /><nd ref="4906770122" /><nd ref="4345141294" /><nd ref="4345141303" /><nd ref="8558551810" /><nd ref="1420144449" /><nd ref="13801948037" /><nd ref="13801948034" /><nd ref="5789931063" /><tag k="maxspeed" v="50" /><tag k="highway" v="residential" /><tag k="lanes" v="2" /><tag k="name" v="Clyde Road" /><tag k="oneway" v="no" /></way><way changeset="1" id="317312606" uid="1" timestamp="2026-05-15T09:34:42Z" version="1" visible="true" user="OSMnx"><nd ref="2465416100" /><nd ref="2465416084" /><nd ref="12165570513" /><nd ref="2465416124" /><nd ref="1420144276" /><tag k="ref" v="R138" /><tag k="maxspeed" v="50" /><tag k="highway" v="secondary" /><tag k="lanes" v="2" /><tag k="name" v="Leeson Street Upper" /><tag k="oneway" v="yes" /></way><way changeset="1" id="317312609" uid="1" timestamp="2026-05-15T09:34:42Z" version="1" visible="true" user="OSMnx"><nd ref="32335409" /><nd ref="13147443504" /><nd ref="13147442299" /><nd ref="3738797765" /><tag k="ref" v="R816" /><tag k="maxspeed" v="50" /><tag k="highway" v="secondary" /><tag k="lanes" v="2" /><tag k="name" v="Pembroke Road" /><tag k="oneway" v="no" /></way><way changeset="1" id="317312611" uid="1" timestamp="2026-05-15T09:34:42Z" version="1" visible="true" user="OSMnx"><nd ref="12871528274" /><nd ref="13705030540" /><nd ref="13705030543" /><nd ref="13705030546" /><nd ref="13705030549" /><nd ref="13705030552" /><nd ref="13705030555" /><nd ref="13705030558" /><nd ref="12871528271" /><tag k="ref" v="R117" /><tag k="maxspeed" v="50" /><tag k="highway" v="secondary" /><tag k="lanes" v="2" /><tag k="name" v="Sandford Road" /><tag k="oneway" v="no" /></way><way changeset="1" id="318578647" uid="1" timestamp="2026-05-15T09:34:42Z" version="1" visible="true" user="OSMnx"><nd ref="3249771206" /><nd ref="12871528279" /><tag k="ref" v="R117" /><tag k="maxspeed" v="50" /><tag k="highway" v="secondary" /><tag k="lanes" v="2" /><tag k="name" v="Sandford Road" /><tag k="oneway" v="no" /></way><way changeset="1" id="318601731" uid="1" timestamp="2026-05-15T09:34:42Z" version="1" visible="true" user="OSMnx"><nd ref="259594859" /><nd ref="243643617" /><nd ref="243643618" /><nd ref="243643607" /><tag k="maxspeed" v="30" /><tag k="highway" v="residential" /><tag k="name" v="Albany Road" /><tag k="oneway" v="no" /></way><way changeset="1" id="318601736" uid="1" timestamp="2026-05-15T09:34:42Z" version="1" visible="true" user="OSMnx"><nd ref="243643607" /><nd ref="8394950424" /><nd ref="3733330345" /><nd ref="243643606" /><nd ref="3733330346" /><nd ref="243643605" /><nd ref="259594856" /><nd ref="243643604" /><nd ref="3733330347" /><nd ref="9631320520" /><nd ref="3733330360" /><nd ref="8390553680" /><nd ref="60790658" /><nd ref="3733330377" /><nd ref="260032896" /><nd ref="12748979995" /><nd ref="8418133397" /><nd ref="11599466557" /><nd ref="8376389493" /><nd ref="12286983932" /><nd ref="60790659" /><tag k="maxspeed" v="30" /><tag k="highway" v="residential" /><tag k="lanes" v="2" /><tag k="name" v="Merton Drive" /><tag k="oneway" v="no" /></way><way changeset="1" id="329747156" uid="1" timestamp="2026-05-15T09:34:42Z" version="1" visible="true" user="OSMnx"><nd ref="2465416036" /><nd ref="2465416100" /><tag k="ref" v="R138" /><tag k="maxspeed" v="50" /><tag k="highway" v="secondary" /><tag k="lanes" v="2" /><tag k="name" v="Leeson Street Upper" /><tag k="oneway" v="yes" /></way><way changeset="1" id="329747157" uid="1" timestamp="2026-05-15T09:34:42Z" version="1" visible="true" user="OSMnx"><nd ref="259594808" /><nd ref="5659457195" /><nd ref="2496300150" /><nd ref="259151623" /><nd ref="10782331541" /><nd ref="665784" /><nd ref="5659478583" /><nd ref="2474002598" /><nd ref="259151625" /><nd ref="26414588" /><nd ref="259594824" /><nd ref="5659479133" /><nd ref="2496300142" /><nd ref="2474002647" /><nd ref="259151611" /><nd ref="26414591" /><tag k="ref" v="R117" /><tag k="maxspeed" v="50" /><tag k="highway" v="secondary" /><tag k="lanes" v="2" /><tag k="name" v="Milltown Road" /><tag k="oneway" v="no" /></way><way changeset="1" id="329747158" uid="1" timestamp="2026-05-15T09:34:42Z" version="1" visible="true" user="OSMnx"><nd ref="563884273" /><nd ref="2617479208" /><nd ref="3724985404" /><tag k="ref" v="R117" /><tag k="maxspeed" v="50" /><tag k="highway" v="secondary" /><tag k="lanes" v="2" /><tag k="name" v="Ranelagh" /><tag k="oneway" v="no" /></way><way changeset="1" id="335550612" uid="1" timestamp="2026-05-15T09:34:42Z" version="1" visible="true" user="OSMnx"><nd ref="9672768228" /><nd ref="3426503361" /><tag k="maxspeed" v="30" /><tag k="highway" v="residential" /><tag k="lanes" v="1" /><tag k="name" v="Glaunsharoon" /><tag k="oneway" v="no" /></way><way changeset="1" id="352846960" uid="1" timestamp="2026-05-15T09:34:42Z" version="1" visible="true" user="OSMnx"><nd ref="560602856" /><nd ref="3586229248" /><nd ref="3586229245" /><nd ref="2403995925" /><tag k="ref" v="R820" /><tag k="maxspeed" v="50" /><tag k="highway" v="secondary" /><tag k="lanes" v="1" /><tag k="name" v="Rathmines Road Upper" /><tag k="oneway" v="yes" /></way><way changeset="1" id="352846961" uid="1" timestamp="2026-05-15T09:34:42Z" version="1" visible="true" user="OSMnx"><nd ref="54829952" /><nd ref="564574276" /><nd ref="565063532" /><nd ref="5159834001" /><nd ref="666743" /><nd ref="8734936295" /><nd ref="565063530" /><nd ref="8734858078" /><nd ref="666745" /><nd ref="3520951037" /><nd ref="3520951040" /><nd ref="666746" /><nd ref="60955956" /><nd ref="4337913226" /><nd ref="41175174" /><nd ref="3060908782" /><nd ref="3115606952" /><nd ref="12286983923" /><nd ref="564926497" /><nd ref="12286983924" /><nd ref="77002043" /><nd ref="666726" /><nd ref="564926471" /><nd ref="564125904" /><tag k="ref" v="R820" /><tag k="maxspeed" v="50" /><tag k="highway" v="secondary" /><tag k="lanes" v="2" /><tag k="name" v="Rathmines Road Upper" /><tag k="oneway" v="no" /></way><way changeset="1" id="352846962" uid="1" timestamp="2026-05-15T09:34:42Z" version="1" visible="true" user="OSMnx"><nd ref="2403995925" /><nd ref="3586229246" /><nd ref="3586229257" /><nd ref="4531988057" /><tag k="maxspeed" v="50" /><tag k="highway" v="secondary_link" /><tag k="lanes" v="1" /><tag k="name" v="Rathmines Road Upper" /><tag k="oneway" v="yes" /></way><way changeset="1" id="353877318" uid="1" timestamp="2026-05-15T09:34:42Z" version="1" visible="true" user="OSMnx"><nd ref="3596719693" /><nd ref="3596719696" /><nd ref="564322999" /><nd ref="2747044633" /><nd ref="746031680" /><nd ref="564323002" /><nd ref="2747044638" /><nd ref="500277432" /><tag k="maxspeed" v="30" /><tag k="highway" v="residential" /><tag k="lanes" v="2" /><tag k="name" v="William's Park" /><tag k="oneway" v="no" /></way><way changeset="1" id="360206837" uid="1" timestamp="2026-05-15T09:34:42Z" version="1" visible="true" user="OSMnx"><nd ref="564734063" /><nd ref="3648064316" /><tag k="maxspeed" v="30" /><tag k="highway" v="residential" /><tag k="lanes" v="2" /><tag k="name" v="Chelmsford Close" /><tag k="oneway" v="no" /></way><way changeset="1" id="364870551" uid="1" timestamp="2026-05-15T09:34:42Z" version="1" visible="true" user="OSMnx"><nd ref="564574188" /><nd ref="8633443483" /><nd ref="564574210" /><nd ref="564574211" /><nd ref="3040139025" /><nd ref="3040139022" /><nd ref="564574213" /><nd ref="564574276" /><tag k="maxspeed" v="30" /><tag k="highway" v="residential" /><tag k="lanes" v="2" /><tag k="name" v="Rathmines Park" /><tag k="oneway" v="no" /></way><way changeset="1" id="364870552" uid="1" timestamp="2026-05-15T09:34:42Z" version="1" visible="true" user="OSMnx"><nd ref="564574188" /><nd ref="13207028622" /><nd ref="564574183" /><nd ref="13207028623" /><nd ref="564574244" /><tag k="maxspeed" v="30" /><tag k="highway" v="residential" /><tag k="lanes" v="1" /><tag k="name" v="Rathmines Park" /><tag k="oneway" v="yes" /></way><way changeset="1" id="364870553" uid="1" timestamp="2026-05-15T09:34:42Z" version="1" visible="true" user="OSMnx"><nd ref="564574239" /><nd ref="564574188" /><tag k="maxspeed" v="30" /><tag k="highway" v="residential" /><tag k="lanes" v="1" /><tag k="name" v="Rathmines Park" /><tag k="oneway" v="yes" /></way><way changeset="1" id="365945819" uid="1" timestamp="2026-05-15T09:34:42Z" version="1" visible="true" user="OSMnx"><nd ref="289889581" /><nd ref="6381185708" /><nd ref="132490139" /><nd ref="8659478756" /><nd ref="13189794528" /><nd ref="1261227681" /><tag k="ref" v="R118" /><tag k="maxspeed" v="50" /><tag k="highway" v="secondary" /><tag k="lanes" v="3" /><tag k="name" v="Northumberland Road" /><tag k="oneway" v="no" /></way><way changeset="1" id="368505007" uid="1" timestamp="2026-05-15T09:34:42Z" version="1" visible="true" user="OSMnx"><nd ref="1420144467" /><nd ref="2461936995" /><tag k="maxspeed" v="30" /><tag k="highway" v="residential" /><tag k="lanes" v="2" /><tag k="name" v="Elgin Road" /><tag k="oneway" v="no" /></way><way changeset="1" id="368505008" uid="1" timestamp="2026-05-15T09:34:42Z" version="1" visible="true" user="OSMnx"><nd ref="3723639130" /><nd ref="686611619" /><nd ref="5167772742" /><nd ref="8291817811" /><nd ref="244448522" /><nd ref="5495203981" /><nd ref="244448589" /><nd ref="389707" /><nd ref="660698696" /><nd ref="472134567" /><nd ref="8587872379" /><nd ref="389708" /><tag k="ref" v="R138" /><tag k="maxspeed" v="50" /><tag k="highway" v="secondary" /><tag k="lanes" v="4" /><tag k="name" v="Morehampton Road" /><tag k="oneway" v="no" /></way><way changeset="1" id="368505013" uid="1" timestamp="2026-05-15T09:34:42Z" version="1" visible="true" user="OSMnx"><nd ref="1420144285" /><nd ref="4906770133" /><nd ref="3738797763" /><tag k="maxspeed" v="50" /><tag k="highway" v="residential" /><tag k="lanes" v="2" /><tag k="name" v="Wellington Place" /><tag k="oneway" v="no" /></way><way changeset="1" id="368607481" uid="1" timestamp="2026-05-15T09:34:42Z" version="1" visible="true" user="OSMnx"><nd ref="3724596685" /><nd ref="1575698448" /><nd ref="564502836" /><nd ref="4557245727" /><nd ref="13484669302" /><nd ref="665865" /><nd ref="658463" /><tag k="maxspeed" v="50" /><tag k="highway" v="tertiary" /><tag k="lanes" v="2" /><tag k="name" v="Chelmsford Road" /><tag k="oneway" v="no" /></way><way changeset="1" id="368607483" uid="1" timestamp="2026-05-15T09:34:42Z" version="1" visible="true" user="OSMnx"><nd ref="688820703" /><nd ref="12177679235" /><tag k="ref" v="R117" /><tag k="maxspeed" v="50" /><tag k="highway" v="secondary" /><tag k="lanes" v="2" /><tag k="name" v="Ranelagh" /><tag k="oneway" v="no" /></way><way changeset="1" id="368646804" uid="1" timestamp="2026-05-15T09:34:42Z" version="1" visible="true" user="OSMnx"><nd ref="366910023" /><nd ref="2912433461" /><nd ref="366910300" /><nd ref="2403995923" /><nd ref="366910303" /><nd ref="366910305" /><nd ref="2473982641" /><nd ref="366910307" /><nd ref="2983557890" /><nd ref="4242297943" /><tag k="maxspeed" v="30" /><tag k="highway" v="residential" /><tag k="lanes" v="1" /><tag k="name" v="Bessborough Parade" /><tag k="oneway" v="no" /></way><way changeset="1" id="368646807" uid="1" timestamp="2026-05-15T09:34:42Z" version="1" visible="true" user="OSMnx"><nd ref="2465416046" /><nd ref="5497801949" /><nd ref="5497801952" /><nd ref="5417187904" /><nd ref="2465416050" /><nd ref="12165570507" /><nd ref="12165570506" /><nd ref="12165570508" /><nd ref="1426821214" /><tag k="ref" v="R138" /><tag k="maxspeed" v="50" /><tag k="highway" v="secondary" /><tag k="lanes" v="2" /><tag k="name" v="Leeson Street Upper" /><tag k="oneway" v="yes" /></way><way changeset="1" id="368646808" uid="1" timestamp="2026-05-15T09:34:42Z" version="1" visible="true" user="OSMnx"><nd ref="3724985423" /><nd ref="59979737" /><tag k="maxspeed" v="30" /><tag k="highway" v="tertiary" /><tag k="lanes" v="2" /><tag k="name" v="Mountpleasant Avenue Lower" /><tag k="oneway" v="no" /></way><way changeset="1" id="368646809" uid="1" timestamp="2026-05-15T09:34:42Z" version="1" visible="true" user="OSMnx"><nd ref="366910023" /><nd ref="2403995905" /><nd ref="53457963" /><nd ref="3724985423" /><tag k="maxspeed" v="30" /><tag k="highway" v="tertiary" /><tag k="lanes" v="2" /><tag k="name" v="Mountpleasant Avenue Lower" /><tag k="oneway" v="no" /></way><way changeset="1" id="368646810" uid="1" timestamp="2026-05-15T09:34:42Z" version="1" visible="true" user="OSMnx"><nd ref="3724985404" /><nd ref="688820703" /><tag k="ref" v="R117" /><tag k="maxspeed" v="50" /><tag k="highway" v="secondary" /><tag k="lanes" v="2" /><tag k="name" v="Ranelagh" /><tag k="oneway" v="no" /></way><way changeset="1" id="368646813" uid="1" timestamp="2026-05-15T09:34:42Z" version="1" visible="true" user="OSMnx"><nd ref="9386576691" /><nd ref="12108766521" /><nd ref="559558171" /><nd ref="2980286509" /><nd ref="1426048626" /><nd ref="1308975832" /><nd ref="2885609033" /><nd ref="2885609031" /><nd ref="6641136332" /><tag k="ref" v="R114" /><tag k="maxspeed" v="50" /><tag k="highway" v="secondary" /><tag k="lanes" v="3" /><tag k="name" v="Rathmines Road Lower" /><tag k="oneway" v="no" /></way><way changeset="1" id="368646825" uid="1" timestamp="2026-05-15T09:34:42Z" version="1" visible="true" user="OSMnx"><nd ref="3724987042" /><nd ref="2370573134" /><nd ref="9100859" /><nd ref="5872328222" /><nd ref="9100858" /><nd ref="3663521229" /><nd ref="6372471642" /><nd ref="728380990" /><nd ref="389702" /><nd ref="6394058387" /><nd ref="5799372894" /><tag k="ref" v="R138" /><tag k="maxspeed" v="50" /><tag k="highway" v="secondary" /><tag k="lanes" v="3" /><tag k="name" v="Sussex Road" /><tag k="oneway" v="yes" /></way><way changeset="1" id="368662865" uid="1" timestamp="2026-05-15T09:34:42Z" version="1" visible="true" user="OSMnx"><nd ref="243643614" /><nd ref="12286983925" /><nd ref="1426048613" /><nd ref="12286983926" /><nd ref="564197453" /><nd ref="666363" /><nd ref="564159724" /><nd ref="4368876176" /><nd ref="2403995918" /><nd ref="54833200" /><tag k="maxspeed" v="30" /><tag k="highway" v="tertiary" /><tag k="lanes" v="2" /><tag k="name" v="Dunville Avenue" /><tag k="oneway" v="no" /></way><way changeset="1" id="368662866" uid="1" timestamp="2026-05-15T09:34:42Z" version="1" visible="true" user="OSMnx"><nd ref="5523125978" /><nd ref="665863" /><tag k="maxspeed" v="50" /><tag k="highway" v="tertiary" /><tag k="lanes" v="2" /><tag k="name" v="Palmerston Road" /><tag k="oneway" v="no" /></way><way changeset="1" id="368662867" uid="1" timestamp="2026-05-15T09:34:42Z" version="1" visible="true" user="OSMnx"><nd ref="3725140791" /><nd ref="4368910509" /><nd ref="665860" /><nd ref="11599466551" /><nd ref="665861" /><nd ref="8623662838" /><nd ref="5288561850" /><nd ref="665862" /><nd ref="5288561886" /><nd ref="5523125978" /><tag k="maxspeed" v="50" /><tag k="highway" v="tertiary" /><tag k="lanes" v="2" /><tag k="name" v="Palmerston Road" /><tag k="oneway" v="no" /></way><way changeset="1" id="368662868" uid="1" timestamp="2026-05-15T09:34:42Z" version="1" visible="true" user="OSMnx"><nd ref="12871500623" /><nd ref="11695520585" /><nd ref="12871500622" /><tag k="ref" v="R117" /><tag k="maxspeed" v="50" /><tag k="highway" v="secondary" /><tag k="lanes" v="3" /><tag k="name" v="Sandford Road" /><tag k="oneway" v="no" /></way><way changeset="1" id="368662869" uid="1" timestamp="2026-05-15T09:34:42Z" version="1" visible="true" user="OSMnx"><nd ref="243643652" /><nd ref="259594897" /><nd ref="665776" /><nd ref="5178609818" /><nd ref="5178610524" /><nd ref="8850208530" /><nd ref="12871500625" /><tag k="ref" v="R117" /><tag k="maxspeed" v="50" /><tag k="highway" v="secondary" /><tag k="lanes" v="2" /><tag k="name" v="Sandford Road" /><tag k="oneway" v="no" /></way><way changeset="1" id="368665218" uid="1" timestamp="2026-05-15T09:34:42Z" version="1" visible="true" user="OSMnx"><nd ref="563895143" /><nd ref="8645329357" /><nd ref="8866643822" /><nd ref="5288561893" /><nd ref="8390553627" /><nd ref="665856" /><tag k="maxspeed" v="50" /><tag k="highway" v="tertiary" /><tag k="lanes" v="2" /><tag k="name" v="Belgrave Avenue" /><tag k="oneway" v="no" /></way><way changeset="1" id="368665220" uid="1" timestamp="2026-05-15T09:34:42Z" version="1" visible="true" user="OSMnx"><nd ref="54833200" /><nd ref="563887684" /><tag k="maxspeed" v="30" /><tag k="highway" v="tertiary" /><tag k="lanes" v="2" /><tag k="name" v="Dunville Avenue" /><tag k="oneway" v="no" /></way><way changeset="1" id="369359130" uid="1" timestamp="2026-05-15T09:34:42Z" version="1" visible="true" user="OSMnx"><nd ref="3731545509" /><nd ref="3731545511" /><nd ref="3731545513" /><nd ref="3731545512" /><nd ref="3731545510" /><nd ref="8390553324" /><nd ref="3731545508" /><tag k="maxspeed" v="30" /><tag k="highway" v="residential" /><tag k="lanes" v="2" /><tag k="access" v="permissive" /><tag k="oneway" v="no" /></way><way changeset="1" id="370154351" uid="1" timestamp="2026-05-15T09:34:42Z" version="1" visible="true" user="OSMnx"><nd ref="201994090" /><nd ref="799719111" /><nd ref="4906768918" /><nd ref="799719114" /><nd ref="799719202" /><nd ref="4906768919" /><nd ref="4906768920" /><tag k="maxspeed" v="50" /><tag k="highway" v="tertiary" /><tag k="lanes" v="2" /><tag k="name" v="Herbert Park" /><tag k="oneway" v="no" /></way><way changeset="1" id="370154352" uid="1" timestamp="2026-05-15T09:34:42Z" version="1" visible="true" user="OSMnx"><nd ref="945928457" /><nd ref="32335038" /><nd ref="8658999222" /><nd ref="8658999224" /><nd ref="8658999228" /><nd ref="8658999226" /><nd ref="6381185706" /><nd ref="5141025360" /><nd ref="8658936608" /><nd ref="8659050752" /><nd ref="8658936588" /><nd ref="8658936593" /><nd ref="8658936595" /><nd ref="8658936597" /><nd ref="289889581" /><tag k="ref" v="R118" /><tag k="maxspeed" v="50" /><tag k="highway" v="secondary" /><tag k="lanes" v="3" /><tag k="name" v="Northumberland Road" /><tag k="oneway" v="no" /></way><way changeset="1" id="370154355" uid="1" timestamp="2026-05-15T09:34:42Z" version="1" visible="true" user="OSMnx"><nd ref="3738797765" /><nd ref="13147442298" /><nd ref="13147442295" /><nd ref="13799568404" /><nd ref="13799568407" /><nd ref="1420144645" /><tag k="ref" v="R816" /><tag k="maxspeed" v="50" /><tag k="highway" v="secondary" /><tag k="lanes" v="2" /><tag k="name" v="Pembroke Road" /><tag k="oneway" v="no" /></way><way changeset="1" id="370154357" uid="1" timestamp="2026-05-15T09:34:42Z" version="1" visible="true" user="OSMnx"><nd ref="1420144645" /><nd ref="8643702168" /><nd ref="8643702171" /><nd ref="4329853453" /><nd ref="1589617429" /><nd ref="1420144810" /><nd ref="13188792999" /><nd ref="2895628318" /><nd ref="32335404" /><tag k="ref" v="R816" /><tag k="maxspeed" v="50" /><tag k="highway" v="secondary" /><tag k="lanes" v="2" /><tag k="name" v="Pembroke Road" /><tag k="oneway" v="no" /></way><way changeset="1" id="370154360" uid="1" timestamp="2026-05-15T09:34:42Z" version="1" visible="true" user="OSMnx"><nd ref="3738797763" /><nd ref="1420144287" /><tag k="maxspeed" v="50" /><tag k="highway" v="residential" /><tag k="lanes" v="2" /><tag k="name" v="Wellington Place" /><tag k="oneway" v="no" /></way><way changeset="1" id="370154361" uid="1" timestamp="2026-05-15T09:34:42Z" version="1" visible="true" user="OSMnx"><nd ref="1420144531" /><nd ref="13189821567" /><nd ref="1420144645" /><tag k="maxspeed" v="30" /><tag k="highway" v="residential" /><tag k="lanes" v="2" /><tag k="name" v="Wellington Road" /><tag k="oneway" v="no" /></way><way changeset="1" id="372089983" uid="1" timestamp="2026-05-15T09:34:42Z" version="1" visible="true" user="OSMnx"><nd ref="3756259173" /><nd ref="8724384877" /><nd ref="8724384875" /><nd ref="8724384873" /><nd ref="8724384871" /><nd ref="8724384869" /><nd ref="50881072" /><nd ref="5167802439" /><nd ref="11772737718" /><nd ref="13718902865" /><nd ref="50881075" /><nd ref="13718902863" /><nd ref="5167802440" /><nd ref="50881078" /><nd ref="8287924210" /><nd ref="8851397638" /><nd ref="4842834997" /><nd ref="11695520588" /><nd ref="11695489202" /><tag k="maxspeed" v="30" /><tag k="highway" v="tertiary" /><tag k="lanes" v="2" /><tag k="name" v="Belmont Avenue" /><tag k="oneway" v="no" /></way><way changeset="1" id="372223883" uid="1" timestamp="2026-05-15T09:34:42Z" version="1" visible="true" user="OSMnx"><nd ref="3815927776" /><nd ref="5167712498" /><nd ref="133357777" /><nd ref="32335006" /><tag k="ref" v="R816" /><tag k="maxspeed" v="30" /><tag k="highway" v="secondary" /><tag k="lanes" v="1" /><tag k="name" v="Baggot Street Lower" /><tag k="oneway" v="yes" /></way><way changeset="1" id="375778079" uid="1" timestamp="2026-05-15T09:34:42Z" version="1" visible="true" user="OSMnx"><nd ref="277500288" /><nd ref="10445469389" /><nd ref="2370573133" /><nd ref="95646537" /><nd ref="10445469390" /><nd ref="10445469391" /><nd ref="11408762022" /><nd ref="1998326272" /><nd ref="26189923" /><tag k="ref" v="R811" /><tag k="maxspeed" v="50" /><tag k="highway" v="secondary" /><tag k="lanes" v="3" /><tag k="name" v="Adelaide Road" /><tag k="oneway" v="yes" /></way><way changeset="1" id="398224850" uid="1" timestamp="2026-05-15T09:34:42Z" version="1" visible="true" user="OSMnx"><nd ref="3546742575" /><nd ref="3634435788" /><nd ref="132124408" /><tag k="ref" v="R811" /><tag k="maxspeed" v="50" /><tag k="highway" v="secondary" /><tag k="lanes" v="2" /><tag k="name" v="Adelaide Road" /><tag k="oneway" v="yes" /></way><way changeset="1" id="398224851" uid="1" timestamp="2026-05-15T09:34:42Z" version="1" visible="true" user="OSMnx"><nd ref="4009924045" /><nd ref="11780949518" /><nd ref="2370573169" /><tag k="maxspeed" v="30" /><tag k="highway" v="residential" /><tag k="lanes" v="2" /><tag k="name" v="Peter Place" /><tag k="oneway" v="no" /></way><way changeset="1" id="419478279" uid="1" timestamp="2026-05-15T09:34:42Z" version="1" visible="true" user="OSMnx"><nd ref="560602848" /><nd ref="2403995908" /><nd ref="12366186664" /><nd ref="8881076348" /><nd ref="5058856680" /><nd ref="5885041288" /><nd ref="12108766519" /><nd ref="1638709232" /><nd ref="6139609328" /><nd ref="4531988057" /><tag k="ref" v="R114" /><tag k="maxspeed" v="50" /><tag k="highway" v="secondary" /><tag k="lanes" v="3" /><tag k="name" v="Rathgar Road" /><tag k="oneway" v="no" /></way><way changeset="1" id="424856513" uid="1" timestamp="2026-05-15T09:34:42Z" version="1" visible="true" user="OSMnx"><nd ref="2473982527" /><nd ref="4242269939" /><nd ref="368412507" /><tag k="maxspeed" v="30" /><tag k="highway" v="residential" /><tag k="lanes" v="1" /><tag k="name" v="Alma Terrace" /><tag k="oneway" v="no" /></way><way changeset="1" id="439253730" uid="1" timestamp="2026-05-15T09:34:42Z" version="1" visible="true" user="OSMnx"><nd ref="564159727" /><nd ref="4368868583" /><tag k="maxspeed" v="30" /><tag k="highway" v="residential" /><tag k="lanes" v="2" /><tag k="name" v="Beechwood Park" /><tag k="oneway" v="no" /></way><way changeset="1" id="440238883" uid="1" timestamp="2026-05-15T09:34:42Z" version="1" visible="true" user="OSMnx"><nd ref="2465416054" /><nd ref="4379627648" /><nd ref="11817345155" /><nd ref="2461937034" /><tag k="maxspeed" v="30" /><tag k="highway" v="tertiary" /><tag k="lanes" v="1" /><tag k="name" v="Sussex Terrace" /><tag k="oneway" v="yes" /></way><way changeset="1" id="452748098" uid="1" timestamp="2026-05-15T09:34:42Z" version="1" visible="true" user="OSMnx"><nd ref="2421668722" /><nd ref="8391868059" /><nd ref="2370573239" /><tag k="maxspeed" v="30" /><tag k="highway" v="residential" /><tag k="lanes" v="1" /><tag k="name" v="Synge Place" /><tag k="oneway" v="no" /></way><way changeset="1" id="464057673" uid="1" timestamp="2026-05-15T09:34:42Z" version="1" visible="true" user="OSMnx"><nd ref="4592206940" /><nd ref="4592206948" /><nd ref="4592206949" /><nd ref="4592206950" /><nd ref="4592206951" /><nd ref="4592206952" /><nd ref="4592206953" /><nd ref="4592206954" /><nd ref="4592206955" /><nd ref="4592206956" /><nd ref="4592206942" /><nd ref="4592206943" /><nd ref="4592206944" /><nd ref="4592206945" /><nd ref="4592206946" /><nd ref="4592206947" /><nd ref="11764944200" /><nd ref="2760559797" /><nd ref="470222759" /><nd ref="4592206940" /><tag k="highway" v="residential" /><tag k="lanes" v="1" /><tag k="access" v="permissive" /><tag k="name" v="Eglinton Court" /><tag k="oneway" v="no" /></way><way changeset="1" id="482776532" uid="1" timestamp="2026-05-15T09:34:42Z" version="1" visible="true" user="OSMnx"><nd ref="565672573" /><nd ref="665778" /><nd ref="6394058392" /><nd ref="4905055707" /><nd ref="259594799" /><nd ref="665779" /><nd ref="2760581619" /><nd ref="6395926031" /><nd ref="565672574" /><nd ref="12286983928" /><nd ref="2760574666" /><nd ref="12286983927" /><nd ref="665780" /><nd ref="6394058393" /><nd ref="4854442283" /><nd ref="654187744" /><tag k="ref" v="R825" /><tag k="maxspeed" v="50" /><tag k="highway" v="secondary" /><tag k="lanes" v="2" /><tag k="name" v="Clonskeagh Road" /><tag k="oneway" v="no" /></way><way changeset="1" id="525228765" uid="1" timestamp="2026-05-15T09:34:42Z" version="1" visible="true" user="OSMnx"><nd ref="5109926403" /><nd ref="11108144075" /><nd ref="5109926404" /><tag k="ref" v="R811" /><tag k="maxspeed" v="50" /><tag k="highway" v="secondary" /><tag k="lanes" v="1" /><tag k="name" v="Adelaide Road" /><tag k="oneway" v="yes" /></way><way changeset="1" id="525228766" uid="1" timestamp="2026-05-15T09:34:42Z" version="1" visible="true" user="OSMnx"><nd ref="5109926404" /><nd ref="13724146586" /><nd ref="9101081" /><nd ref="4849541968" /><nd ref="130253637" /><nd ref="4849541969" /><nd ref="11107968445" /><nd ref="12287207217" /><nd ref="9101079" /><nd ref="12287207218" /><nd ref="849020265" /><nd ref="9101075" /><nd ref="2998488442" /><nd ref="9101071" /><nd ref="4849541970" /><nd ref="4849541971" /><nd ref="130268887" /><nd ref="4849541973" /><nd ref="4849541972" /><nd ref="2370573137" /><nd ref="277500288" /><tag k="ref" v="R811" /><tag k="maxspeed" v="50" /><tag k="highway" v="secondary" /><tag k="lanes" v="2" /><tag k="name" v="Adelaide Road" /><tag k="oneway" v="no" /></way><way changeset="1" id="526000469" uid="1" timestamp="2026-05-15T09:34:42Z" version="1" visible="true" user="OSMnx"><nd ref="2461937034" /><nd ref="10445521228" /><nd ref="1998326258" /><nd ref="2623599998" /><nd ref="389701" /><tag k="maxspeed" v="30" /><tag k="highway" v="tertiary" /><tag k="lanes" v="1" /><tag k="name" v="Sussex Terrace" /><tag k="oneway" v="yes" /></way><way changeset="1" id="531515673" uid="1" timestamp="2026-05-15T09:34:42Z" version="1" visible="true" user="OSMnx"><nd ref="3095396661" /><nd ref="8604261882" /><nd ref="3095396665" /><nd ref="2375609786" /><nd ref="60955844" /><nd ref="2375609787" /><nd ref="2375609785" /><nd ref="8660605434" /><nd ref="310697342" /><tag k="maxspeed" v="30" /><tag k="highway" v="residential" /><tag k="lanes" v="2" /><tag k="name" v="Fortfield Terrace" /><tag k="oneway" v="no" /></way><way changeset="1" id="532099317" uid="1" timestamp="2026-05-15T09:34:42Z" version="1" visible="true" user="OSMnx"><nd ref="5164168625" /><nd ref="5164168626" /><tag k="maxspeed" v="30" /><tag k="highway" v="residential" /><tag k="lanes" v="2" /><tag k="name" v="Moyne Court" /><tag k="oneway" v="no" /></way><way changeset="1" id="532583159" uid="1" timestamp="2026-05-15T09:34:42Z" version="1" visible="true" user="OSMnx"><nd ref="5167772731" /><nd ref="12165570511" /><nd ref="5167772732" /><nd ref="9923237956" /><nd ref="5167772733" /><nd ref="5167772734" /><tag k="maxspeed" v="50" /><tag k="highway" v="residential" /><tag k="lanes" v="1" /><tag k="name" v="Wellington Place" /><tag k="oneway" v="yes" /></way><way changeset="1" id="542512199" uid="1" timestamp="2026-05-15T09:34:42Z" version="1" visible="true" user="OSMnx"><nd ref="450656588" /><nd ref="12871547925" /><tag k="ref" v="R117" /><tag k="maxspeed" v="50" /><tag k="highway" v="secondary" /><tag k="lanes" v="4" /><tag k="name" v="Ranelagh" /><tag k="oneway" v="no" /></way><way changeset="1" id="544878739" uid="1" timestamp="2026-05-15T09:34:42Z" version="1" visible="true" user="OSMnx"><nd ref="559828170" /><nd ref="559828171" /><nd ref="559828172" /><nd ref="559828173" /><nd ref="559828174" /><nd ref="559828177" /><nd ref="559828185" /><nd ref="559828186" /><nd ref="559828187" /><nd ref="559828188" /><nd ref="560602944" /><tag k="maxspeed" v="30" /><tag k="highway" v="residential" /><tag k="lanes" v="1" /><tag k="name" v="Castlewood Terrace" /><tag k="oneway" v="no" /></way><way changeset="1" id="547114159" uid="1" timestamp="2026-05-15T09:34:42Z" version="1" visible="true" user="OSMnx"><nd ref="2403995925" /><nd ref="67378038" /><tag k="ref" v="R820" /><tag k="maxspeed" v="50" /><tag k="highway" v="secondary" /><tag k="lanes" v="2" /><tag k="name" v="Rathmines Road Upper" /><tag k="oneway" v="no" /></way><way changeset="1" id="556894134" uid="1" timestamp="2026-05-15T09:34:42Z" version="1" visible="true" user="OSMnx"><nd ref="5371575821" /><nd ref="7866674301" /><nd ref="5371575822" /><tag k="maxspeed" v="30" /><tag k="highway" v="residential" /><tag k="lanes" v="2" /><tag k="name" v="Whitfield Grove" /><tag k="oneway" v="no" /></way><way changeset="1" id="561862256" uid="1" timestamp="2026-05-15T09:34:42Z" version="1" visible="true" user="OSMnx"><nd ref="5303039921" /><nd ref="2401038588" /><tag k="maxspeed" v="30" /><tag k="highway" v="residential" /><tag k="lanes" v="2" /><tag k="name" v="Morehampton Square" /><tag k="oneway" v="no" /></way><way changeset="1" id="563920576" uid="1" timestamp="2026-05-15T09:34:42Z" version="1" visible="true" user="OSMnx"><nd ref="5433932406" /><nd ref="9100869" /><tag k="ref" v="R111" /><tag k="maxspeed" v="50" /><tag k="highway" v="secondary" /><tag k="lanes" v="3" /><tag k="name" v="Sussex Terrace" /><tag k="oneway" v="no" /></way><way changeset="1" id="570548653" uid="1" timestamp="2026-05-15T09:34:42Z" version="1" visible="true" user="OSMnx"><nd ref="5167802460" /><nd ref="5167802459" /><nd ref="5417187884" /><nd ref="324380087" /><nd ref="324380075" /><tag k="maxspeed" v="30" /><tag k="highway" v="residential" /><tag k="lanes" v="1" /><tag k="name" v="Pembroke Cottages" /><tag k="oneway" v="no" /></way><way changeset="1" id="593087259" uid="1" timestamp="2026-05-15T09:34:42Z" version="1" visible="true" user="OSMnx"><nd ref="5658872353" /><nd ref="5658872354" /><nd ref="130245808" /><tag k="highway" v="residential" /><tag k="lanes" v="1" /><tag k="name" v="Charlemont Row" /><tag k="oneway" v="no" /></way><way changeset="1" id="593165156" uid="1" timestamp="2026-05-15T09:34:42Z" version="1" visible="true" user="OSMnx"><nd ref="9672768223" /><nd ref="5659457197" /><nd ref="5659457198" /><nd ref="5659457199" /><tag k="maxspeed" v="30" /><tag k="highway" v="residential" /><tag k="lanes" v="1" /><tag k="name" v="Prospect Lane" /><tag k="oneway" v="yes" /></way><way changeset="1" id="593165157" uid="1" timestamp="2026-05-15T09:34:42Z" version="1" visible="true" user="OSMnx"><nd ref="5659457199" /><nd ref="5659457201" /><nd ref="5659457194" /><nd ref="5659457200" /><nd ref="5659457195" /><tag k="maxspeed" v="30" /><tag k="highway" v="residential" /><tag k="lanes" v="1" /><tag k="name" v="Prospect Lane" /><tag k="oneway" v="yes" /></way><way changeset="1" id="593167248" uid="1" timestamp="2026-05-15T09:34:42Z" version="1" visible="true" user="OSMnx"><nd ref="5659478581" /><nd ref="5659478582" /><nd ref="5659478583" /><tag k="maxspeed" v="30" /><tag k="highway" v="residential" /><tag k="lanes" v="1" /><tag k="access" v="permissive" /><tag k="oneway" v="no" /></way><way changeset="1" id="612719526" uid="1" timestamp="2026-05-15T09:34:42Z" version="1" visible="true" user="OSMnx"><nd ref="282422518" /><nd ref="13199990638" /><nd ref="8668974446" /><nd ref="8668974448" /><nd ref="8668974450" /><nd ref="8668974452" /><nd ref="8668974454" /><nd ref="8668974456" /><nd ref="11599466555" /><nd ref="2895628304" /><nd ref="8668974425" /><nd ref="8668974427" /><nd ref="9729757802" /><nd ref="282422520" /><tag k="maxspeed" v="30" /><tag k="highway" v="residential" /><tag k="lanes" v="1" /><tag k="name" v="Wellington Lane" /><tag k="oneway" v="no" /></way><way changeset="1" id="612719532" uid="1" timestamp="2026-05-15T09:34:42Z" version="1" visible="true" user="OSMnx"><nd ref="1260858654" /><nd ref="9732466265" /><nd ref="9732499740" /><nd ref="12569191186" /><nd ref="9732506318" /><nd ref="9732506322" /><nd ref="9732504458" /><nd ref="1260858689" /><tag k="maxspeed" v="30" /><tag k="highway" v="residential" /><tag k="name" v="Waterloo Lane" /><tag k="oneway" v="no" /></way><way changeset="1" id="612719536" uid="1" timestamp="2026-05-15T09:34:42Z" version="1" visible="true" user="OSMnx"><nd ref="1260858689" /><nd ref="9732497763" /><nd ref="9732459290" /><nd ref="9732561632" /><nd ref="9732497760" /><nd ref="9732497755" /><nd ref="8669564111" /><nd ref="8669564113" /><nd ref="9733387739" /><nd ref="8669564115" /><nd ref="9733387741" /><nd ref="8669582217" /><nd ref="9733387743" /><nd ref="8669582219" /><nd ref="8669582221" /><nd ref="8669582223" /><nd ref="8669582225" /><nd ref="8669582227" /><nd ref="8669582229" /><nd ref="8669582231" /><nd ref="8665899391" /><nd ref="8665899389" /><nd ref="8665899387" /><nd ref="8665899385" /><nd ref="8665899383" /><nd ref="8665899381" /><nd ref="8665899393" /><nd ref="6667937948" /><nd ref="257944592" /><tag k="maxspeed" v="30" /><tag k="highway" v="residential" /><tag k="name" v="Waterloo Lane" /><tag k="oneway" v="no" /></way><way changeset="1" id="612719543" uid="1" timestamp="2026-05-15T09:34:42Z" version="1" visible="true" user="OSMnx"><nd ref="5799372894" /><nd ref="317726057" /><nd ref="12165565900" /><nd ref="2465416127" /><nd ref="12165565889" /><nd ref="13461969447" /><nd ref="389703" /><tag k="ref" v="R138" /><tag k="maxspeed" v="50" /><tag k="highway" v="secondary" /><tag k="lanes" v="3" /><tag k="name" v="Sussex Road" /><tag k="oneway" v="yes" /></way><way changeset="1" id="612719551" uid="1" timestamp="2026-05-15T09:34:42Z" version="1" visible="true" user="OSMnx"><nd ref="9100869" /><nd ref="5872328278" /><nd ref="6088992576" /><nd ref="6088993085" /><nd ref="2461937024" /><nd ref="6697430453" /><nd ref="6697430456" /><nd ref="6697430459" /><nd ref="6088992573" /><nd ref="10857649873" /><nd ref="5799372896" /><tag k="ref" v="R111" /><tag k="maxspeed" v="50" /><tag k="highway" v="secondary" /><tag k="lanes" v="2" /><tag k="name" v="Mespil Road" /><tag k="oneway" v="no" /></way><way changeset="1" id="612719558" uid="1" timestamp="2026-05-15T09:34:42Z" version="1" visible="true" user="OSMnx"><nd ref="32335694" /><nd ref="9923288453" /><nd ref="27434874" /><tag k="ref" v="L1313" /><tag k="maxspeed" v="50" /><tag k="highway" v="tertiary" /><tag k="lanes" v="2" /><tag k="name" v="Fitzwilliam Place" /><tag k="oneway" v="no" /></way><way changeset="1" id="612719563" uid="1" timestamp="2026-05-15T09:34:42Z" version="1" visible="true" user="OSMnx"><nd ref="1345315819" /><nd ref="2473982679" /><nd ref="13300595388" /><nd ref="13300595387" /><nd ref="13300595386" /><nd ref="32335628" /><nd ref="8140608768" /><tag k="ref" v="L1290" /><tag k="maxspeed" v="30" /><tag k="highway" v="tertiary" /><tag k="name" v="Wilton Terrace" /><tag k="oneway" v="no" /></way><way changeset="1" id="631925328" uid="1" timestamp="2026-05-15T09:34:42Z" version="1" visible="true" user="OSMnx"><nd ref="12175126081" /><nd ref="11838275869" /><nd ref="12175126082" /><tag k="maxspeed" v="30" /><tag k="highway" v="tertiary" /><tag k="lanes" v="1" /><tag k="name" v="Mountpleasant Avenue Lower" /><tag k="oneway" v="yes" /></way><way changeset="1" id="631925333" uid="1" timestamp="2026-05-15T09:34:42Z" version="1" visible="true" user="OSMnx"><nd ref="368409012" /><nd ref="368410149" /><tag k="maxspeed" v="30" /><tag k="highway" v="residential" /><tag k="lanes" v="1" /><tag k="name" v="Oxford Road" /><tag k="oneway" v="no" /></way><way changeset="1" id="631925337" uid="1" timestamp="2026-05-15T09:34:42Z" version="1" visible="true" user="OSMnx"><nd ref="368410149" /><nd ref="5083379977" /><nd ref="59694691" /><nd ref="368409290" /><nd ref="344666366" /><tag k="maxspeed" v="30" /><tag k="highway" v="residential" /><tag k="lanes" v="1" /><tag k="name" v="Oxford Road" /><tag k="oneway" v="no" /></way><way changeset="1" id="631925350" uid="1" timestamp="2026-05-15T09:34:42Z" version="1" visible="true" user="OSMnx"><nd ref="665794" /><nd ref="12871547922" /><tag k="ref" v="R117" /><tag k="maxspeed" v="50" /><tag k="highway" v="secondary" /><tag k="lanes" v="2" /><tag k="name" v="Ranelagh" /><tag k="oneway" v="no" /></way><way changeset="1" id="631925356" uid="1" timestamp="2026-05-15T09:34:42Z" version="1" visible="true" user="OSMnx"><nd ref="666360" /><nd ref="3731552611" /><nd ref="3731553126" /><nd ref="512531381" /><tag k="maxspeed" v="30" /><tag k="highway" v="residential" /><tag k="name" v="Chelmsford Lane" /><tag k="oneway" v="no" /></way><way changeset="1" id="631925361" uid="1" timestamp="2026-05-15T09:34:42Z" version="1" visible="true" user="OSMnx"><nd ref="130253621" /><nd ref="4215040052" /><nd ref="1998326287" /><nd ref="658464" /><tag k="maxspeed" v="30" /><tag k="highway" v="tertiary" /><tag k="lanes" v="2" /><tag k="name" v="Hatch Street Lower" /><tag k="oneway" v="no" /></way><way changeset="1" id="631925364" uid="1" timestamp="2026-05-15T09:34:42Z" version="1" visible="true" user="OSMnx"><nd ref="21620584" /><nd ref="3451336529" /><nd ref="389455828" /><nd ref="2776327481" /><nd ref="12862482995" /><nd ref="5966992449" /><tag k="ref" v="R811" /><tag k="maxspeed" v="30" /><tag k="highway" v="secondary" /><tag k="lanes" v="2" /><tag k="name" v="Hatch Street Upper" /><tag k="oneway" v="no" /></way><way changeset="1" id="631925372" uid="1" timestamp="2026-05-15T09:34:42Z" version="1" visible="true" user="OSMnx"><nd ref="9100861" /><nd ref="5434513515" /><tag k="ref" v="R138" /><tag k="maxspeed" v="50" /><tag k="highway" v="secondary" /><tag k="lanes" v="3" /><tag k="name" v="Leeson Street Upper" /><tag k="oneway" v="yes" /></way><way changeset="1" id="636636981" uid="1" timestamp="2026-05-15T09:34:42Z" version="1" visible="true" user="OSMnx"><nd ref="658463" /><nd ref="54845140" /><nd ref="13505127091" /><nd ref="473415970" /><tag k="maxspeed" v="30" /><tag k="highway" v="residential" /><tag k="lanes" v="2" /><tag k="name" v="Sallymount Avenue" /><tag k="width" v="7.5" /><tag k="oneway" v="no" /></way><way changeset="1" id="658599935" uid="1" timestamp="2026-05-15T09:34:42Z" version="1" visible="true" user="OSMnx"><nd ref="2766848588" /><nd ref="13463764658" /><nd ref="13480010811" /><nd ref="450711426" /><nd ref="4275562307" /><nd ref="13480010813" /><nd ref="450711419" /><tag k="maxspeed" v="30" /><tag k="highway" v="residential" /><tag k="lanes" v="1" /><tag k="name" v="Winton Road" /><tag k="oneway" v="yes" /></way><way changeset="1" id="658791592" uid="1" timestamp="2026-05-15T09:34:42Z" version="1" visible="true" user="OSMnx"><nd ref="3596719777" /><nd ref="746023489" /><tag k="maxspeed" v="30" /><tag k="highway" v="residential" /><tag k="lanes" v="2" /><tag k="name" v="Military Road" /><tag k="oneway" v="no" /></way><way changeset="1" id="666552034" uid="1" timestamp="2026-05-15T09:34:42Z" version="1" visible="true" user="OSMnx"><nd ref="53457964" /><nd ref="2461823582" /><nd ref="10272195915" /><nd ref="53457965" /><tag k="maxspeed" v="30" /><tag k="highway" v="tertiary" /><tag k="lanes" v="2" /><tag k="name" v="Mountpleasant Avenue Upper" /><tag k="oneway" v="no" /></way><way changeset="1" id="681475952" uid="1" timestamp="2026-05-15T09:34:42Z" version="1" visible="true" user="OSMnx"><nd ref="5433932403" /><nd ref="32475144" /><tag k="ref" v="R138" /><tag k="maxspeed" v="50" /><tag k="highway" v="secondary" /><tag k="lanes" v="4" /><tag k="bridge" v="yes" /><tag k="name" v="Leeson Street Lower" /><tag k="oneway" v="no" /></way><way changeset="1" id="683385960" uid="1" timestamp="2026-05-15T09:34:42Z" version="1" visible="true" user="OSMnx"><nd ref="3311136961" /><nd ref="12198097415" /><nd ref="8391868088" /><nd ref="340862532" /><tag k="ref" v="R114" /><tag k="maxspeed" v="30" /><tag k="highway" v="secondary" /><tag k="lanes" v="2" /><tag k="name" v="Charlotte Way" /><tag k="oneway" v="yes" /></way><way changeset="1" id="683385961" uid="1" timestamp="2026-05-15T09:34:42Z" version="1" visible="true" user="OSMnx"><nd ref="13802694169" /><nd ref="130253642" /><tag k="ref" v="R114" /><tag k="maxspeed" v="50" /><tag k="highway" v="secondary" /><tag k="lanes" v="1" /><tag k="name" v="Richmond Street South" /><tag k="oneway" v="yes" /></way><way changeset="1" id="683994813" uid="1" timestamp="2026-05-15T09:34:42Z" version="1" visible="true" user="OSMnx"><nd ref="5433932411" /><nd ref="11638206719" /><tag k="ref" v="R114" /><tag k="maxspeed" v="50" /><tag k="highway" v="secondary" /><tag k="lanes" v="3" /><tag k="bridge" v="yes" /><tag k="name" v="La Touche Bridge" /><tag k="oneway" v="no" /></way><way changeset="1" id="695678822" uid="1" timestamp="2026-05-15T09:34:42Z" version="1" visible="true" user="OSMnx"><nd ref="1420144276" /><nd ref="5497801956" /><nd ref="2465416046" /><tag k="ref" v="R138" /><tag k="maxspeed" v="50" /><tag k="highway" v="secondary" /><tag k="lanes" v="2" /><tag k="name" v="Leeson Street Upper" /><tag k="oneway" v="yes" /></way><way changeset="1" id="708182049" uid="1" timestamp="2026-05-15T09:34:42Z" version="1" visible="true" user="OSMnx"><nd ref="340862536" /><nd ref="340862532" /><tag k="ref" v="R114" /><tag k="maxspeed" v="30" /><tag k="highway" v="secondary" /><tag k="lanes" v="2" /><tag k="name" v="Charlotte Way" /><tag k="oneway" v="yes" /></way><way changeset="1" id="709339165" uid="1" timestamp="2026-05-15T09:34:42Z" version="1" visible="true" user="OSMnx"><nd ref="2370573154" /><nd ref="130830291" /><nd ref="12108766524" /><nd ref="389677" /><tag k="ref" v="R114" /><tag k="maxspeed" v="50" /><tag k="highway" v="secondary" /><tag k="lanes" v="1" /><tag k="name" v="Richmond Street South" /><tag k="oneway" v="yes" /></way><way changeset="1" id="709339166" uid="1" timestamp="2026-05-15T09:34:42Z" version="1" visible="true" user="OSMnx"><nd ref="130158421" /><nd ref="130253646" /><tag k="ref" v="R114" /><tag k="maxspeed" v="50" /><tag k="highway" v="secondary" /><tag k="lanes" v="1" /><tag k="name" v="Richmond Street South" /><tag k="oneway" v="yes" /></way><way changeset="1" id="709869885" uid="1" timestamp="2026-05-15T09:34:42Z" version="1" visible="true" user="OSMnx"><nd ref="43314855" /><nd ref="2760574661" /><nd ref="5155929184" /><nd ref="665782" /><nd ref="11764944260" /><nd ref="11764885036" /><nd ref="1307050304" /><nd ref="790132273" /><nd ref="6395926030" /><nd ref="4592206897" /><nd ref="1307050319" /><nd ref="4854442282" /><nd ref="6177100607" /><nd ref="5754777557" /><nd ref="4592206895" /><nd ref="12871458003" /><tag k="ref" v="R825" /><tag k="maxspeed" v="50" /><tag k="highway" v="secondary" /><tag k="lanes" v="2" /><tag k="name" v="Clonskeagh Road" /><tag k="oneway" v="no" /></way><way changeset="1" id="709869886" uid="1" timestamp="2026-05-15T09:34:42Z" version="1" visible="true" user="OSMnx"><nd ref="790132296" /><nd ref="654187747" /><nd ref="702387946" /><nd ref="654187748" /><nd ref="654187749" /><nd ref="2760574662" /><nd ref="43314855" /><tag k="maxspeed" v="30" /><tag k="highway" v="residential" /><tag k="lanes" v="1" /><tag k="name" v="Clonskeagh Road" /><tag k="oneway" v="no" /></way><way changeset="1" id="709869887" uid="1" timestamp="2026-05-15T09:34:42Z" version="1" visible="true" user="OSMnx"><nd ref="2496354326" /><nd ref="43326203" /><tag k="ref" v="R824" /><tag k="maxspeed" v="50" /><tag k="highway" v="secondary" /><tag k="lanes" v="2" /><tag k="name" v="Eglinton Road" /><tag k="oneway" v="no" /></way><way changeset="1" id="709869888" uid="1" timestamp="2026-05-15T09:34:42Z" version="1" visible="true" user="OSMnx"><nd ref="313713115" /><nd ref="5476899998" /><nd ref="5167945461" /><nd ref="5167945462" /><tag k="ref" v="R138" /><tag k="maxspeed" v="50" /><tag k="highway" v="secondary" /><tag k="lanes" v="4" /><tag k="name" v="Donnybrook Road" /><tag k="oneway" v="no" /></way><way changeset="1" id="709869889" uid="1" timestamp="2026-05-15T09:34:42Z" version="1" visible="true" user="OSMnx"><nd ref="324380070" /><nd ref="10577696335" /><nd ref="10577696334" /><nd ref="313713115" /><tag k="ref" v="R138" /><tag k="maxspeed" v="50" /><tag k="highway" v="secondary" /><tag k="lanes" v="4" /><tag k="name" v="Donnybrook Road" /><tag k="oneway" v="no" /></way><way changeset="1" id="750305085" uid="1" timestamp="2026-05-15T09:34:42Z" version="1" visible="true" user="OSMnx"><nd ref="7015698998" /><nd ref="5114032363" /><nd ref="6503455524" /><nd ref="389680" /><tag k="ref" v="R117" /><tag k="maxspeed" v="50" /><tag k="highway" v="secondary" /><tag k="lanes" v="2" /><tag k="name" v="Charlemont Street" /><tag k="oneway" v="yes" /></way><way changeset="1" id="814341843" uid="1" timestamp="2026-05-15T09:34:42Z" version="1" visible="true" user="OSMnx"><nd ref="12264668075" /><nd ref="665777" /><tag k="ref" v="R117" /><tag k="maxspeed" v="50" /><tag k="highway" v="secondary" /><tag k="lanes" v="3" /><tag k="name" v="Sandford Road" /><tag k="oneway" v="no" /></way><way changeset="1" id="814341844" uid="1" timestamp="2026-05-15T09:34:42Z" version="1" visible="true" user="OSMnx"><nd ref="565672558" /><nd ref="43326175" /><nd ref="8837012647" /><nd ref="43326180" /><nd ref="2496354321" /><nd ref="43326185" /><nd ref="488189819" /><nd ref="470222757" /><nd ref="9672768226" /><nd ref="2496354322" /><nd ref="43326195" /><nd ref="9672768228" /><nd ref="43326199" /><nd ref="13458888039" /><nd ref="488189832" /><nd ref="13458888038" /><nd ref="2496354326" /><tag k="ref" v="R824" /><tag k="maxspeed" v="50" /><tag k="highway" v="secondary" /><tag k="lanes" v="2" /><tag k="name" v="Eglinton Road" /><tag k="oneway" v="no" /></way><way changeset="1" id="814341845" uid="1" timestamp="2026-05-15T09:34:42Z" version="1" visible="true" user="OSMnx"><nd ref="1426048628" /><nd ref="12815646887" /><nd ref="13272138367" /><nd ref="3659265226" /><nd ref="1426048629" /><tag k="maxspeed" v="50" /><tag k="highway" v="tertiary" /><tag k="lanes" v="2" /><tag k="name" v="Cullenswood Road" /><tag k="oneway" v="no" /></way><way changeset="1" id="843322233" uid="1" timestamp="2026-05-15T09:34:42Z" version="1" visible="true" user="OSMnx"><nd ref="7866674302" /><nd ref="7866674301" /><tag k="maxspeed" v="30" /><tag k="highway" v="residential" /><tag k="lanes" v="2" /><tag k="name" v="Whitfield Grove" /><tag k="oneway" v="no" /></way><way changeset="1" id="859779101" uid="1" timestamp="2026-05-15T09:34:42Z" version="1" visible="true" user="OSMnx"><nd ref="8013969187" /><nd ref="13031174690" /><tag k="ref" v="R114" /><tag k="maxspeed" v="50" /><tag k="highway" v="secondary" /><tag k="lanes" v="2" /><tag k="name" v="Richmond Street South" /><tag k="oneway" v="yes" /></way><way changeset="1" id="891546962" uid="1" timestamp="2026-05-15T09:34:42Z" version="1" visible="true" user="OSMnx"><nd ref="53457964" /><nd ref="2461823581" /><nd ref="564323131" /><nd ref="12175126081" /><tag k="maxspeed" v="30" /><tag k="highway" v="tertiary" /><tag k="lanes" v="2" /><tag k="name" v="Mountpleasant Avenue Lower" /><tag k="oneway" v="no" /></way><way changeset="1" id="891726069" uid="1" timestamp="2026-05-15T09:34:42Z" version="1" visible="true" user="OSMnx"><nd ref="8287924209" /><nd ref="8287924210" /><tag k="maxspeed" v="30" /><tag k="highway" v="residential" /><tag k="lanes" v="2" /><tag k="name" v="Sandford Grove" /><tag k="oneway" v="no" /></way><way changeset="1" id="899408160" uid="1" timestamp="2026-05-15T09:34:42Z" version="1" visible="true" user="OSMnx"><nd ref="615600340" /><nd ref="4854172409" /><nd ref="26166036" /><tag k="maxspeed" v="30" /><tag k="highway" v="residential" /><tag k="lanes" v="1" /><tag k="name" v="Synge Street" /><tag k="oneway" v="no" /></way><way changeset="1" id="906124269" uid="1" timestamp="2026-05-15T09:34:42Z" version="1" visible="true" user="OSMnx"><nd ref="496282459" /><nd ref="8376389443" /><nd ref="8414671914" /><nd ref="496282469" /><nd ref="496282465" /><tag k="maxspeed" v="30" /><tag k="highway" v="residential" /><tag k="lanes" v="1" /><tag k="name" v="Carlisle Avenue" /><tag k="oneway" v="no" /></way><way changeset="1" id="906124270" uid="1" timestamp="2026-05-15T09:34:42Z" version="1" visible="true" user="OSMnx"><nd ref="496282462" /><nd ref="496282461" /><tag k="maxspeed" v="30" /><tag k="highway" v="residential" /><tag k="lanes" v="1" /><tag k="name" v="Carlisle Avenue" /><tag k="oneway" v="no" /></way><way changeset="1" id="906237416" uid="1" timestamp="2026-05-15T09:34:42Z" version="1" visible="true" user="OSMnx"><nd ref="26189923" /><nd ref="6110101044" /><nd ref="11408762020" /><nd ref="11408762024" /><nd ref="10445521230" /><nd ref="130782425" /><tag k="ref" v="R138" /><tag k="maxspeed" v="30" /><tag k="highway" v="secondary" /><tag k="lanes" v="3" /><tag k="name" v="Leeson Street Lower" /><tag k="oneway" v="no" /></way><way changeset="1" id="906920652" uid="1" timestamp="2026-05-15T09:34:42Z" version="1" visible="true" user="OSMnx"><nd ref="243643628" /><nd ref="8828316295" /><nd ref="12871528273" /><nd ref="3733330409" /><nd ref="243643649" /><nd ref="243643629" /><nd ref="243643630" /><nd ref="8542714004" /><nd ref="243643631" /><nd ref="11794948669" /><nd ref="2479778639" /><tag k="maxspeed" v="30" /><tag k="highway" v="residential" /><tag k="lanes" v="1" /><tag k="name" v="Sandford Close" /><tag k="oneway" v="no" /></way><way changeset="1" id="921874599" uid="1" timestamp="2026-05-15T09:34:42Z" version="1" visible="true" user="OSMnx"><nd ref="2461936995" /><nd ref="1420144478" /><nd ref="8558551796" /><nd ref="13248834240" /><nd ref="97886038" /><nd ref="13248834223" /><nd ref="355146352" /><nd ref="13785529046" /><nd ref="13201802834" /><nd ref="1420144489" /><tag k="maxspeed" v="30" /><tag k="highway" v="residential" /><tag k="lanes" v="2" /><tag k="name" v="Elgin Road" /><tag k="oneway" v="no" /></way><way changeset="1" id="921874600" uid="1" timestamp="2026-05-15T09:34:42Z" version="1" visible="true" user="OSMnx"><nd ref="5789931063" /><nd ref="2461936957" /><nd ref="1420144467" /><tag k="maxspeed" v="50" /><tag k="highway" v="residential" /><tag k="lanes" v="2" /><tag k="name" v="Clyde Road" /><tag k="oneway" v="no" /></way><way changeset="1" id="923529946" uid="1" timestamp="2026-05-15T09:34:42Z" version="1" visible="true" user="OSMnx"><nd ref="5434513515" /><nd ref="9100863" /><tag k="ref" v="R138" /><tag k="maxspeed" v="50" /><tag k="highway" v="secondary" /><tag k="lanes" v="3" /><tag k="name" v="Leeson Street Upper" /><tag k="oneway" v="yes" /></way><way changeset="1" id="937427011" uid="1" timestamp="2026-05-15T09:34:42Z" version="1" visible="true" user="OSMnx"><nd ref="3126965058" /><nd ref="344666760" /><tag k="ref" v="R117" /><tag k="maxspeed" v="50" /><tag k="highway" v="secondary" /><tag k="lanes" v="3" /><tag k="name" v="Ranelagh Road" /><tag k="oneway" v="no" /></way><way changeset="1" id="937860543" uid="1" timestamp="2026-05-15T09:34:42Z" version="1" visible="true" user="OSMnx"><nd ref="26164989" /><nd ref="2370573226" /><tag k="ref" v="R114" /><tag k="maxspeed" v="50" /><tag k="highway" v="secondary" /><tag k="lanes" v="3" /><tag k="name" v="Harcourt Road" /><tag k="oneway" v="yes" /></way><way changeset="1" id="959886735" uid="1" timestamp="2026-05-15T09:34:42Z" version="1" visible="true" user="OSMnx"><nd ref="4531988057" /><nd ref="4531988074" /><nd ref="3586229244" /><tag k="ref" v="R114" /><tag k="maxspeed" v="50" /><tag k="highway" v="secondary" /><tag k="lanes" v="3" /><tag k="name" v="Rathgar Road" /><tag k="oneway" v="no" /></way><way changeset="1" id="959886736" uid="1" timestamp="2026-05-15T09:34:42Z" version="1" visible="true" user="OSMnx"><nd ref="560602856" /><nd ref="3586229244" /><tag k="ref" v="R114" /><tag k="maxspeed" v="50" /><tag k="highway" v="secondary" /><tag k="lanes" v="3" /><tag k="name" v="Rathmines Road Lower" /><tag k="oneway" v="no" /></way><way changeset="1" id="1013488727" uid="1" timestamp="2026-05-15T09:34:42Z" version="1" visible="true" user="OSMnx"><nd ref="9100868" /><nd ref="1998326267" /><nd ref="12165565880" /><nd ref="795479835" /><nd ref="32335902" /><tag k="ref" v="R111" /><tag k="maxspeed" v="50" /><tag k="highway" v="secondary" /><tag k="lanes" v="2" /><tag k="name" v="Grand Parade" /><tag k="oneway" v="no" /></way><way changeset="1" id="1013488728" uid="1" timestamp="2026-05-15T09:34:42Z" version="1" visible="true" user="OSMnx"><nd ref="58675492" /><nd ref="59687474" /><tag k="maxspeed" v="30" /><tag k="highway" v="tertiary" /><tag k="lanes" v="2" /><tag k="name" v="Dartmouth Road" /><tag k="oneway" v="no" /></way><way changeset="1" id="1013488729" uid="1" timestamp="2026-05-15T09:34:42Z" version="1" visible="true" user="OSMnx"><nd ref="59687474" /><nd ref="12165565887" /><nd ref="5345902456" /><nd ref="9100861" /><tag k="maxspeed" v="30" /><tag k="highway" v="tertiary" /><tag k="lanes" v="2" /><tag k="name" v="Dartmouth Road" /><tag k="oneway" v="no" /></way><way changeset="1" id="1017655137" uid="1" timestamp="2026-05-15T09:34:42Z" version="1" visible="true" user="OSMnx"><nd ref="29396438" /><nd ref="5194522699" /><nd ref="11638206736" /><nd ref="4897796309" /><tag k="ref" v="R114" /><tag k="maxspeed" v="50" /><tag k="highway" v="secondary" /><tag k="lanes" v="3" /><tag k="name" v="Rathmines Road Lower" /><tag k="oneway" v="no" /></way><way changeset="1" id="1017655138" uid="1" timestamp="2026-05-15T09:34:42Z" version="1" visible="true" user="OSMnx"><nd ref="9386576690" /><nd ref="2885197618" /><nd ref="12191242012" /><nd ref="560602897" /><tag k="ref" v="R114" /><tag k="maxspeed" v="50" /><tag k="highway" v="secondary" /><tag k="lanes" v="3" /><tag k="name" v="Rathmines Road Lower" /><tag k="oneway" v="no" /></way><way changeset="1" id="1017655139" uid="1" timestamp="2026-05-15T09:34:42Z" version="1" visible="true" user="OSMnx"><nd ref="59816068" /><nd ref="6406327374" /><tag k="ref" v="R114" /><tag k="maxspeed" v="50" /><tag k="highway" v="secondary" /><tag k="lanes" v="3" /><tag k="name" v="Rathmines Road Lower" /><tag k="oneway" v="no" /></way><way changeset="1" id="1017655140" uid="1" timestamp="2026-05-15T09:34:42Z" version="1" visible="true" user="OSMnx"><nd ref="6641136332" /><nd ref="2764046932" /><nd ref="59816068" /><tag k="ref" v="R114" /><tag k="maxspeed" v="50" /><tag k="highway" v="secondary" /><tag k="lanes" v="3" /><tag k="name" v="Rathmines Road Lower" /><tag k="oneway" v="no" /></way><way changeset="1" id="1017655141" uid="1" timestamp="2026-05-15T09:34:42Z" version="1" visible="true" user="OSMnx"><nd ref="12014014430" /><nd ref="2425181630" /><nd ref="12108766522" /><nd ref="564323054" /><nd ref="389679" /><nd ref="9386576692" /><tag k="ref" v="R114" /><tag k="maxspeed" v="50" /><tag k="highway" v="secondary" /><tag k="lanes" v="3" /><tag k="name" v="Rathmines Road Lower" /><tag k="oneway" v="no" /></way><way changeset="1" id="1017655142" uid="1" timestamp="2026-05-15T09:34:42Z" version="1" visible="true" user="OSMnx"><nd ref="9386576692" /><nd ref="337429610" /><nd ref="4936866421" /><nd ref="9386576691" /><tag k="ref" v="R114" /><tag k="maxspeed" v="50" /><tag k="highway" v="secondary" /><tag k="lanes" v="3" /><tag k="name" v="Rathmines Road Lower" /><tag k="oneway" v="no" /></way><way changeset="1" id="1061460113" uid="1" timestamp="2026-05-15T09:34:42Z" version="1" visible="true" user="OSMnx"><nd ref="2776327480" /><nd ref="2383668114" /><nd ref="2383668122" /><tag k="ref" v="R114" /><tag k="maxspeed" v="30" /><tag k="highway" v="secondary" /><tag k="lanes" v="2" /><tag k="name" v="Harcourt Street" /><tag k="oneway" v="yes" /></way><way changeset="1" id="1061460116" uid="1" timestamp="2026-05-15T09:34:42Z" version="1" visible="true" user="OSMnx"><nd ref="2776327470" /><nd ref="1316646544" /><nd ref="21620584" /><tag k="ref" v="R811" /><tag k="maxspeed" v="30" /><tag k="highway" v="secondary" /><tag k="lanes" v="2" /><tag k="name" v="Harcourt Street" /><tag k="oneway" v="yes" /></way><way changeset="1" id="1061460118" uid="1" timestamp="2026-05-15T09:34:42Z" version="1" visible="true" user="OSMnx"><nd ref="389681" /><nd ref="2421354276" /><nd ref="2776327480" /><tag k="ref" v="R114" /><tag k="maxspeed" v="30" /><tag k="highway" v="secondary" /><tag k="lanes" v="2" /><tag k="name" v="Harcourt Street" /><tag k="oneway" v="yes" /></way><way changeset="1" id="1072020499" uid="1" timestamp="2026-05-15T09:34:42Z" version="1" visible="true" user="OSMnx"><nd ref="9836579981" /><nd ref="9836579982" /><tag k="maxspeed" v="50" /><tag k="highway" v="tertiary" /><tag k="lanes" v="2" /><tag k="name" v="Marlborough Road" /><tag k="oneway" v="no" /></way><way changeset="1" id="1082793329" uid="1" timestamp="2026-05-15T09:34:42Z" version="1" visible="true" user="OSMnx"><nd ref="50881066" /><nd ref="5485574311" /><nd ref="11772359953" /><nd ref="6580291318" /><nd ref="6580291317" /><nd ref="11772370841" /><nd ref="466179735" /><nd ref="466179731" /><tag k="maxspeed" v="30" /><tag k="highway" v="residential" /><tag k="lanes" v="2" /><tag k="name" v="Mount Eden Road" /><tag k="oneway" v="no" /></way><way changeset="1" id="1082796246" uid="1" timestamp="2026-05-15T09:34:42Z" version="1" visible="true" user="OSMnx"><nd ref="2784725492" /><nd ref="8376389444" /><nd ref="9923641721" /><nd ref="8828260396" /><nd ref="499551753" /><tag k="maxspeed" v="30" /><tag k="highway" v="residential" /><tag k="lanes" v="1" /><tag k="name" v="Bushfield Terrace" /><tag k="oneway" v="no" /></way><way changeset="1" id="1088842437" uid="1" timestamp="2026-05-15T09:34:42Z" version="1" visible="true" user="OSMnx"><nd ref="8418133397" /><nd ref="8418133405" /><nd ref="9975171190" /><tag k="maxspeed" v="30" /><tag k="highway" v="residential" /><tag k="lanes" v="1" /><tag k="oneway" v="no" /></way><way changeset="1" id="1089518391" uid="1" timestamp="2026-05-15T09:34:42Z" version="1" visible="true" user="OSMnx"><nd ref="259151623" /><nd ref="259151624" /><tag k="maxspeed" v="50" /><tag k="highway" v="residential" /><tag k="lanes" v="2" /><tag k="name" v="Garrynure" /><tag k="oneway" v="no" /></way><way changeset="1" id="1108004310" uid="1" timestamp="2026-05-15T09:34:42Z" version="1" visible="true" user="OSMnx"><nd ref="4842834989" /><nd ref="12286983930" /><tag k="ref" v="R117" /><tag k="maxspeed" v="50" /><tag k="highway" v="secondary" /><tag k="lanes" v="2" /><tag k="name" v="Sandford Road" /><tag k="oneway" v="no" /></way><way changeset="1" id="1109167839" uid="1" timestamp="2026-05-15T09:34:42Z" version="1" visible="true" user="OSMnx"><nd ref="2473982646" /><nd ref="2473982650" /><nd ref="2473982591" /><nd ref="3417476987" /><nd ref="259594805" /><nd ref="2473982569" /><nd ref="259594807" /><nd ref="2473982517" /><nd ref="665783" /><nd ref="2473982585" /><nd ref="7394704792" /><nd ref="9672768225" /><nd ref="7394704790" /><nd ref="9672768224" /><nd ref="9672768223" /><nd ref="259594808" /><tag k="ref" v="R117" /><tag k="maxspeed" v="50" /><tag k="highway" v="secondary" /><tag k="lanes" v="2" /><tag k="name" v="Milltown Road" /><tag k="oneway" v="no" /></way><way changeset="1" id="1109770134" uid="1" timestamp="2026-05-15T09:34:42Z" version="1" visible="true" user="OSMnx"><nd ref="654187746" /><nd ref="790132296" /><tag k="maxspeed" v="30" /><tag k="highway" v="residential" /><tag k="lanes" v="1" /><tag k="name" v="Clonskeagh Road" /><tag k="oneway" v="no" /></way><way changeset="1" id="1125712379" uid="1" timestamp="2026-05-15T09:34:42Z" version="1" visible="true" user="OSMnx"><nd ref="244448523" /><nd ref="10294050010" /><tag k="maxspeed" v="30" /><tag k="highway" v="residential" /><tag k="lanes" v="1" /><tag k="name" v="Bloomfield Park" /><tag k="oneway" v="no" /></way><way changeset="1" id="1137887050" uid="1" timestamp="2026-05-15T09:34:42Z" version="1" visible="true" user="OSMnx"><nd ref="3493931973" /><nd ref="5159793826" /><nd ref="559828162" /><nd ref="54829952" /><tag k="ref" v="R820" /><tag k="maxspeed" v="50" /><tag k="highway" v="secondary" /><tag k="lanes" v="2" /><tag k="name" v="Rathmines Road Upper" /><tag k="oneway" v="no" /></way><way changeset="1" id="1137887051" uid="1" timestamp="2026-05-15T09:34:42Z" version="1" visible="true" user="OSMnx"><nd ref="67378038" /><nd ref="3493931973" /><tag k="ref" v="R820" /><tag k="maxspeed" v="50" /><tag k="highway" v="secondary" /><tag k="lanes" v="2" /><tag k="name" v="Rathmines Road Upper" /><tag k="oneway" v="no" /></way><way changeset="1" id="1138476859" uid="1" timestamp="2026-05-15T09:34:42Z" version="1" visible="true" user="OSMnx"><nd ref="5407237262" /><nd ref="389676" /><tag k="ref" v="R114" /><tag k="maxspeed" v="50" /><tag k="highway" v="secondary" /><tag k="lanes" v="4" /><tag k="name" v="Harcourt Road" /><tag k="oneway" v="yes" /></way><way changeset="1" id="1149386369" uid="1" timestamp="2026-05-15T09:34:42Z" version="1" visible="true" user="OSMnx"><nd ref="5658872351" /><nd ref="5658872353" /><tag k="highway" v="residential" /><tag k="name" v="Charlemont Row" /><tag k="width" v="5" /><tag k="oneway" v="no" /></way><way changeset="1" id="1169400681" uid="1" timestamp="2026-05-15T09:34:42Z" version="1" visible="true" user="OSMnx"><nd ref="5167772731" /><nd ref="1420144286" /><nd ref="9923237955" /><nd ref="5167772730" /><nd ref="1420144276" /><tag k="maxspeed" v="50" /><tag k="highway" v="residential" /><tag k="lanes" v="1" /><tag k="name" v="Wellington Place" /><tag k="oneway" v="yes" /></way><way changeset="1" id="1169400682" uid="1" timestamp="2026-05-15T09:34:42Z" version="1" visible="true" user="OSMnx"><nd ref="5167772734" /><nd ref="12165570512" /><nd ref="389706" /><tag k="ref" v="R138" /><tag k="maxspeed" v="50" /><tag k="highway" v="secondary" /><tag k="lanes" v="4" /><tag k="name" v="Morehampton Road" /><tag k="oneway" v="no" /></way><way changeset="1" id="1169422019" uid="1" timestamp="2026-05-15T09:34:42Z" version="1" visible="true" user="OSMnx"><nd ref="1420144275" /><nd ref="13199971085" /><nd ref="13199971082" /><nd ref="10874072587" /><nd ref="2895626300" /><tag k="maxspeed" v="30" /><tag k="highway" v="residential" /><tag k="name" v="Wellington Road" /><tag k="oneway" v="yes" /></way><way changeset="1" id="1169422020" uid="1" timestamp="2026-05-15T09:34:42Z" version="1" visible="true" user="OSMnx"><nd ref="2895626300" /><nd ref="2895628301" /><nd ref="13199971042" /><tag k="maxspeed" v="30" /><tag k="highway" v="residential" /><tag k="lanes" v="2" /><tag k="name" v="Wellington Road" /><tag k="oneway" v="yes" /></way><way changeset="1" id="1169422021" uid="1" timestamp="2026-05-15T09:34:42Z" version="1" visible="true" user="OSMnx"><nd ref="13199971042" /><nd ref="8668935600" /><nd ref="1420144368" /><nd ref="8668935608" /><nd ref="13785557887" /><nd ref="13796290424" /><nd ref="8668935610" /><nd ref="8668935612" /><nd ref="13796295740" /><nd ref="13796295760" /><nd ref="13796305403" /><nd ref="13796297500" /><nd ref="1420144473" /><nd ref="8664300080" /><nd ref="8664300082" /><nd ref="1420144489" /><nd ref="8664300076" /><nd ref="8664300078" /><nd ref="8664300084" /><nd ref="8664300072" /><nd ref="8664300086" /><nd ref="8664300074" /><nd ref="13201802839" /><nd ref="1420144531" /><tag k="maxspeed" v="30" /><tag k="highway" v="residential" /><tag k="lanes" v="2" /><tag k="name" v="Wellington Road" /><tag k="oneway" v="no" /></way><way changeset="1" id="1169422022" uid="1" timestamp="2026-05-15T09:34:42Z" version="1" visible="true" user="OSMnx"><nd ref="10874072588" /><nd ref="1420144275" /><tag k="maxspeed" v="50" /><tag k="highway" v="residential" /><tag k="lanes" v="2" /><tag k="name" v="Wellington Place" /><tag k="oneway" v="no" /></way><way changeset="1" id="1169422023" uid="1" timestamp="2026-05-15T09:34:42Z" version="1" visible="true" user="OSMnx"><nd ref="8668935406" /><nd ref="4906770130" /><nd ref="8668935403" /><nd ref="4906770131" /><nd ref="8668953232" /><nd ref="8668953234" /><nd ref="4906770132" /><nd ref="1420144285" /><tag k="maxspeed" v="50" /><tag k="highway" v="residential" /><tag k="lanes" v="2" /><tag k="name" v="Wellington Place" /><tag k="oneway" v="no" /></way><way changeset="1" id="1169423109" uid="1" timestamp="2026-05-15T09:34:42Z" version="1" visible="true" user="OSMnx"><nd ref="321525355" /><nd ref="321525382" /><nd ref="1623826491" /><nd ref="13270734696" /><nd ref="13270734688" /><nd ref="1623826650" /><nd ref="1472077042" /><tag k="ref" v="R118" /><tag k="maxspeed" v="50" /><tag k="highway" v="secondary" /><tag k="lanes" v="5" /><tag k="name" v="Pembroke Road" /><tag k="oneway" v="no" /></way><way changeset="1" id="1169423110" uid="1" timestamp="2026-05-15T09:34:42Z" version="1" visible="true" user="OSMnx"><nd ref="1420144545" /><nd ref="3417266864" /><nd ref="9566315285" /><nd ref="3417266865" /><nd ref="223828632" /><nd ref="10874110139" /><nd ref="1261227683" /><nd ref="11891077981" /><nd ref="60790663" /><tag k="ref" v="R816" /><tag k="maxspeed" v="50" /><tag k="highway" v="secondary" /><tag k="lanes" v="1" /><tag k="name" v="Pembroke Road" /><tag k="oneway" v="yes" /></way><way changeset="1" id="1230232351" uid="1" timestamp="2026-05-15T09:34:42Z" version="1" visible="true" user="OSMnx"><nd ref="11408762025" /><nd ref="11408762026" /><nd ref="11408762018" /><tag k="ref" v="L1313" /><tag k="maxspeed" v="50" /><tag k="highway" v="tertiary" /><tag k="lanes" v="2" /><tag k="name" v="Fitzwilliam Place" /><tag k="oneway" v="no" /></way><way changeset="1" id="1230232352" uid="1" timestamp="2026-05-15T09:34:42Z" version="1" visible="true" user="OSMnx"><nd ref="26189923" /><nd ref="1998326274" /><nd ref="11408762019" /><tag k="ref" v="L1313" /><tag k="maxspeed" v="50" /><tag k="highway" v="tertiary" /><tag k="lanes" v="2" /><tag k="name" v="Fitzwilliam Place" /><tag k="oneway" v="no" /></way><way changeset="1" id="1230232353" uid="1" timestamp="2026-05-15T09:34:42Z" version="1" visible="true" user="OSMnx"><nd ref="11408762019" /><nd ref="11408762025" /><tag k="ref" v="L1313" /><tag k="maxspeed" v="50" /><tag k="highway" v="tertiary" /><tag k="lanes" v="2" /><tag k="name" v="Fitzwilliam Place" /><tag k="oneway" v="no" /></way><way changeset="1" id="1243362826" uid="1" timestamp="2026-05-15T09:34:42Z" version="1" visible="true" user="OSMnx"><nd ref="654187744" /><nd ref="43314895" /><nd ref="665781" /><nd ref="2760574664" /><nd ref="702387949" /><nd ref="1307050299" /><nd ref="43314855" /><tag k="ref" v="R825" /><tag k="maxspeed" v="50" /><tag k="highway" v="secondary" /><tag k="lanes" v="2" /><tag k="name" v="Clonskeagh Road" /><tag k="oneway" v="no" /></way><way changeset="1" id="1250270477" uid="1" timestamp="2026-05-15T09:34:42Z" version="1" visible="true" user="OSMnx"><nd ref="564399686" /><nd ref="564323357" /><nd ref="3772637550" /><nd ref="366910972" /><nd ref="565056576" /><tag k="maxspeed" v="30" /><tag k="highway" v="residential" /><tag k="lanes" v="1" /><tag k="name" v="Athlumney Villas" /><tag k="oneway" v="no" /></way><way changeset="1" id="1252047265" uid="1" timestamp="2026-05-15T09:34:42Z" version="1" visible="true" user="OSMnx"><nd ref="11638206719" /><nd ref="130159628" /><tag k="ref" v="R114" /><tag k="maxspeed" v="50" /><tag k="highway" v="secondary" /><tag k="lanes" v="3" /><tag k="bridge" v="yes" /><tag k="name" v="La Touche Bridge" /><tag k="oneway" v="no" /></way><way changeset="1" id="1252047266" uid="1" timestamp="2026-05-15T09:34:42Z" version="1" visible="true" user="OSMnx"><nd ref="5194522709" /><nd ref="11638206721" /><tag k="ref" v="R114" /><tag k="maxspeed" v="50" /><tag k="highway" v="secondary" /><tag k="lanes" v="3" /><tag k="bridge" v="yes" /><tag k="name" v="La Touche Bridge" /><tag k="oneway" v="no" /></way><way changeset="1" id="1252047271" uid="1" timestamp="2026-05-15T09:34:42Z" version="1" visible="true" user="OSMnx"><nd ref="11638206720" /><nd ref="5433932411" /><tag k="ref" v="R114" /><tag k="maxspeed" v="50" /><tag k="highway" v="secondary" /><tag k="lanes" v="3" /><tag k="bridge" v="yes" /><tag k="name" v="La Touche Bridge" /><tag k="oneway" v="no" /></way><way changeset="1" id="1252047275" uid="1" timestamp="2026-05-15T09:34:42Z" version="1" visible="true" user="OSMnx"><nd ref="29396438" /><nd ref="11638206748" /><tag k="ref" v="R111" /><tag k="maxspeed" v="50" /><tag k="highway" v="secondary" /><tag k="lanes" v="2" /><tag k="name" v="Grove Road" /><tag k="oneway" v="no" /></way><way changeset="1" id="1252047276" uid="1" timestamp="2026-05-15T09:34:42Z" version="1" visible="true" user="OSMnx"><nd ref="11638206748" /><nd ref="656486969" /><nd ref="11638206749" /><tag k="ref" v="R111" /><tag k="maxspeed" v="50" /><tag k="highway" v="secondary" /><tag k="lanes" v="2" /><tag k="name" v="Grove Road" /><tag k="oneway" v="no" /></way><way changeset="1" id="1253752605" uid="1" timestamp="2026-05-15T09:34:42Z" version="1" visible="true" user="OSMnx"><nd ref="10606603130" /><nd ref="6139609327" /><nd ref="657357" /><tag k="ref" v="R114" /><tag k="maxspeed" v="50" /><tag k="highway" v="secondary" /><tag k="lanes" v="2" /><tag k="name" v="Rathmines Road Lower" /><tag k="oneway" v="no" /></way><way changeset="1" id="1253752606" uid="1" timestamp="2026-05-15T09:34:42Z" version="1" visible="true" user="OSMnx"><nd ref="11654353305" /><nd ref="10606603130" /><tag k="ref" v="R114" /><tag k="maxspeed" v="50" /><tag k="highway" v="secondary" /><tag k="lanes" v="2" /><tag k="name" v="Rathmines Road Lower" /><tag k="oneway" v="no" /></way><way changeset="1" id="1257428218" uid="1" timestamp="2026-05-15T09:34:42Z" version="1" visible="true" user="OSMnx"><nd ref="11690598955" /><nd ref="11690598956" /><nd ref="11904226632" /><nd ref="259594841" /><nd ref="11690598957" /><nd ref="259594842" /><nd ref="259151623" /><tag k="maxspeed" v="30" /><tag k="highway" v="residential" /><tag k="lanes" v="1" /><tag k="name" v="Grove House" /><tag k="oneway" v="no" /></way><way changeset="1" id="1258016937" uid="1" timestamp="2026-05-15T09:34:42Z" version="1" visible="true" user="OSMnx"><nd ref="11695489202" /><nd ref="13231362048" /><tag k="maxspeed" v="30" /><tag k="highway" v="tertiary" /><tag k="lanes" v="1" /><tag k="name" v="Belmont Avenue" /><tag k="oneway" v="yes" /></way><way changeset="1" id="1268431428" uid="1" timestamp="2026-05-15T09:34:42Z" version="1" visible="true" user="OSMnx"><nd ref="2370573176" /><nd ref="11780949522" /><tag k="maxspeed" v="30" /><tag k="highway" v="residential" /><tag k="lanes" v="2" /><tag k="name" v="Peter Place" /><tag k="oneway" v="no" /></way><way changeset="1" id="1272599397" uid="1" timestamp="2026-05-15T09:34:42Z" version="1" visible="true" user="OSMnx"><nd ref="11817245740" /><nd ref="4915139559" /><nd ref="12183109627" /><tag k="maxspeed" v="30" /><tag k="highway" v="tertiary" /><tag k="lanes" v="2" /><tag k="name" v="Heytesbury Street" /><tag k="oneway" v="no" /></way><way changeset="1" id="1273176962" uid="1" timestamp="2026-05-15T09:34:42Z" version="1" visible="true" user="OSMnx"><nd ref="389708" /><nd ref="12066345895" /><nd ref="12165570516" /><nd ref="538044378" /><nd ref="12165570515" /><tag k="ref" v="R138" /><tag k="maxspeed" v="50" /><tag k="highway" v="secondary" /><tag k="lanes" v="4" /><tag k="name" v="Morehampton Road" /><tag k="oneway" v="no" /></way><way changeset="1" id="1274950215" uid="1" timestamp="2026-05-15T09:34:42Z" version="1" visible="true" user="OSMnx"><nd ref="8392313792" /><nd ref="12286983934" /><nd ref="12815646886" /><tag k="ref" v="R117" /><tag k="maxspeed" v="50" /><tag k="highway" v="secondary" /><tag k="lanes" v="3" /><tag k="name" v="Ranelagh" /><tag k="oneway" v="no" /></way><way changeset="1" id="1274954141" uid="1" timestamp="2026-05-15T09:34:42Z" version="1" visible="true" user="OSMnx"><nd ref="3113100744" /><nd ref="2461880077" /><tag k="ref" v="R820" /><tag k="maxspeed" v="50" /><tag k="highway" v="secondary" /><tag k="lanes" v="2" /><tag k="name" v="Rathmines Road Upper" /><tag k="oneway" v="no" /></way><way changeset="1" id="1274954142" uid="1" timestamp="2026-05-15T09:34:42Z" version="1" visible="true" user="OSMnx"><nd ref="1718460097" /><nd ref="3113100744" /><tag k="ref" v="R820" /><tag k="maxspeed" v="50" /><tag k="highway" v="secondary" /><tag k="lanes" v="2" /><tag k="name" v="Rathmines Road Upper" /><tag k="oneway" v="no" /></way><way changeset="1" id="1274954143" uid="1" timestamp="2026-05-15T09:34:42Z" version="1" visible="true" user="OSMnx"><nd ref="65078356" /><nd ref="1718460097" /><tag k="ref" v="R820" /><tag k="maxspeed" v="50" /><tag k="highway" v="secondary" /><tag k="lanes" v="2" /><tag k="name" v="Rathmines Road Upper" /><tag k="oneway" v="no" /></way><way changeset="1" id="1293309059" uid="1" timestamp="2026-05-15T09:34:42Z" version="1" visible="true" user="OSMnx"><nd ref="13525132105" /><nd ref="130158423" /><tag k="maxspeed" v="30" /><tag k="highway" v="residential" /><tag k="name" v="Saint Kevin's Road" /><tag k="oneway" v="no" /></way><way changeset="1" id="1293320729" uid="1" timestamp="2026-05-15T09:34:42Z" version="1" visible="true" user="OSMnx"><nd ref="43551245" /><nd ref="43551295" /><nd ref="257819050" /><nd ref="257819051" /><nd ref="43551301" /><nd ref="11989245943" /><nd ref="43551305" /><tag k="maxspeed" v="30" /><tag k="highway" v="residential" /><tag k="lanes" v="2" /><tag k="name" v="Richmond Avenue South" /><tag k="oneway" v="no" /></way><way changeset="1" id="1293320730" uid="1" timestamp="2026-05-15T09:34:42Z" version="1" visible="true" user="OSMnx"><nd ref="65084684" /><nd ref="8699583805" /><nd ref="43551305" /><tag k="maxspeed" v="30" /><tag k="highway" v="residential" /><tag k="lanes" v="2" /><tag k="name" v="Temple Gardens" /><tag k="oneway" v="no" /></way><way changeset="1" id="1293320731" uid="1" timestamp="2026-05-15T09:34:42Z" version="1" visible="true" user="OSMnx"><nd ref="228644172" /><nd ref="4358175567" /><nd ref="228644174" /><tag k="maxspeed" v="30" /><tag k="highway" v="residential" /><tag k="lanes" v="2" /><tag k="name" v="Park Drive" /><tag k="oneway" v="no" /></way><way changeset="1" id="1293320732" uid="1" timestamp="2026-05-15T09:34:42Z" version="1" visible="true" user="OSMnx"><nd ref="228644179" /><nd ref="259594859" /><tag k="maxspeed" v="30" /><tag k="highway" v="residential" /><tag k="lanes" v="2" /><tag k="name" v="Albany Road" /><tag k="oneway" v="no" /></way><way changeset="1" id="1296530607" uid="1" timestamp="2026-05-15T09:34:42Z" version="1" visible="true" user="OSMnx"><nd ref="3724987030" /><nd ref="559572093" /><nd ref="5057760195" /><nd ref="2425181744" /><nd ref="2983557897" /><nd ref="12014014429" /><tag k="ref" v="R114" /><tag k="maxspeed" v="50" /><tag k="highway" v="secondary" /><tag k="lanes" v="3" /><tag k="name" v="Rathmines Road Lower" /><tag k="oneway" v="no" /></way><way changeset="1" id="1296530610" uid="1" timestamp="2026-05-15T09:34:42Z" version="1" visible="true" user="OSMnx"><nd ref="12014014429" /><nd ref="778699193" /><nd ref="12014014430" /><tag k="ref" v="R114" /><tag k="maxspeed" v="50" /><tag k="highway" v="secondary" /><tag k="lanes" v="3" /><tag k="name" v="Rathmines Road Lower" /><tag k="oneway" v="no" /></way><way changeset="1" id="1307113510" uid="1" timestamp="2026-05-15T09:34:42Z" version="1" visible="true" user="OSMnx"><nd ref="564453079" /><nd ref="4907016421" /><tag k="maxspeed" v="30" /><tag k="highway" v="residential" /><tag k="lanes" v="2" /><tag k="access" v="destination" /><tag k="name" v="Rathmines Avenue" /><tag k="oneway" v="no" /></way><way changeset="1" id="1314372295" uid="1" timestamp="2026-05-15T09:34:42Z" version="1" visible="true" user="OSMnx"><nd ref="12165570515" /><nd ref="11822855723" /><tag k="ref" v="R138" /><tag k="maxspeed" v="50" /><tag k="highway" v="secondary" /><tag k="lanes" v="4" /><tag k="name" v="Morehampton Road" /><tag k="oneway" v="no" /></way><way changeset="1" id="1315353142" uid="1" timestamp="2026-05-15T09:34:42Z" version="1" visible="true" user="OSMnx"><nd ref="43551251" /><nd ref="43551245" /><tag k="maxspeed" v="30" /><tag k="highway" v="residential" /><tag k="lanes" v="2" /><tag k="name" v="Richmond Avenue South" /><tag k="oneway" v="no" /></way><way changeset="1" id="1315355760" uid="1" timestamp="2026-05-15T09:34:42Z" version="1" visible="true" user="OSMnx"><nd ref="12175126082" /><nd ref="12175126087" /><nd ref="12175126083" /><tag k="maxspeed" v="30" /><tag k="highway" v="tertiary" /><tag k="lanes" v="1" /><tag k="name" v="Mountpleasant Avenue Lower" /><tag k="oneway" v="yes" /></way><way changeset="1" id="1315355762" uid="1" timestamp="2026-05-15T09:34:42Z" version="1" visible="true" user="OSMnx"><nd ref="12175126083" /><nd ref="59979737" /><tag k="maxspeed" v="30" /><tag k="highway" v="tertiary" /><tag k="lanes" v="1" /><tag k="name" v="Mountpleasant Avenue Lower" /><tag k="oneway" v="yes" /></way><way changeset="1" id="1316268500" uid="1" timestamp="2026-05-15T09:34:42Z" version="1" visible="true" user="OSMnx"><nd ref="12183109627" /><nd ref="32475584" /><tag k="maxspeed" v="30" /><tag k="highway" v="tertiary" /><tag k="lanes" v="2" /><tag k="name" v="Heytesbury Street" /><tag k="oneway" v="no" /></way><way changeset="1" id="1325525538" uid="1" timestamp="2026-05-15T09:34:42Z" version="1" visible="true" user="OSMnx"><nd ref="2473982574" /><nd ref="12264668073" /><tag k="ref" v="R117" /><tag k="maxspeed" v="50" /><tag k="highway" v="secondary" /><tag k="lanes" v="3" /><tag k="name" v="Sandford Road" /><tag k="oneway" v="no" /></way><way changeset="1" id="1325525539" uid="1" timestamp="2026-05-15T09:34:42Z" version="1" visible="true" user="OSMnx"><nd ref="12264668073" /><nd ref="12264668074" /><nd ref="12264668076" /><tag k="ref" v="R117" /><tag k="maxspeed" v="50" /><tag k="highway" v="secondary" /><tag k="lanes" v="3" /><tag k="name" v="Sandford Road" /><tag k="oneway" v="no" /></way><way changeset="1" id="1325525540" uid="1" timestamp="2026-05-15T09:34:42Z" version="1" visible="true" user="OSMnx"><nd ref="12264668076" /><nd ref="5247319191" /><nd ref="12264668075" /><tag k="ref" v="R117" /><tag k="maxspeed" v="50" /><tag k="highway" v="secondary" /><tag k="lanes" v="3" /><tag k="name" v="Sandford Road" /><tag k="oneway" v="no" /></way><way changeset="1" id="1329791887" uid="1" timestamp="2026-05-15T09:34:42Z" version="1" visible="true" user="OSMnx"><nd ref="58675530" /><nd ref="473210179" /><nd ref="2587403725" /><nd ref="2587403726" /><nd ref="2587403727" /><nd ref="58675532" /><nd ref="473210180" /><nd ref="2587403728" /><nd ref="2587403729" /><nd ref="58675538" /><tag k="maxspeed" v="30" /><tag k="highway" v="tertiary" /><tag k="lanes" v="1" /><tag k="junction" v="roundabout" /><tag k="name" v="Dartmouth Road" /><tag k="oneway" v="yes" /></way><way changeset="1" id="1384188095" uid="1" timestamp="2026-05-15T09:34:42Z" version="1" visible="true" user="OSMnx"><nd ref="12815646886" /><nd ref="5245029562" /><nd ref="665818" /><tag k="ref" v="R117" /><tag k="maxspeed" v="50" /><tag k="highway" v="secondary" /><tag k="lanes" v="3" /><tag k="name" v="Ranelagh" /><tag k="oneway" v="no" /></way><way changeset="1" id="1390498525" uid="1" timestamp="2026-05-15T09:34:42Z" version="1" visible="true" user="OSMnx"><nd ref="12871458003" /><nd ref="243643729" /><nd ref="799905459" /><tag k="ref" v="R825" /><tag k="maxspeed" v="50" /><tag k="highway" v="secondary" /><tag k="lanes" v="2" /><tag k="name" v="Clonskeagh Road" /><tag k="oneway" v="no" /></way><way changeset="1" id="1390502175" uid="1" timestamp="2026-05-15T09:34:42Z" version="1" visible="true" user="OSMnx"><nd ref="12264668078" /><nd ref="565672573" /><tag k="ref" v="R825" /><tag k="maxspeed" v="50" /><tag k="highway" v="secondary" /><tag k="lanes" v="2" /><tag k="name" v="Clonskeagh Road" /><tag k="oneway" v="no" /></way><way changeset="1" id="1390502176" uid="1" timestamp="2026-05-15T09:34:42Z" version="1" visible="true" user="OSMnx"><nd ref="12871478513" /><nd ref="12264668079" /><nd ref="12264668078" /><tag k="ref" v="R825" /><tag k="maxspeed" v="50" /><tag k="highway" v="secondary" /><tag k="lanes" v="2" /><tag k="name" v="Clonskeagh Road" /><tag k="oneway" v="no" /></way><way changeset="1" id="1390502177" uid="1" timestamp="2026-05-15T09:34:42Z" version="1" visible="true" user="OSMnx"><nd ref="12871478512" /><nd ref="2473982618" /><nd ref="12871478513" /><tag k="ref" v="R825" /><tag k="maxspeed" v="50" /><tag k="highway" v="secondary" /><tag k="lanes" v="2" /><tag k="name" v="Clonskeagh Road" /><tag k="oneway" v="no" /></way><way changeset="1" id="1390506346" uid="1" timestamp="2026-05-15T09:34:42Z" version="1" visible="true" user="OSMnx"><nd ref="12871500619" /><nd ref="2473982574" /><tag k="ref" v="R117" /><tag k="maxspeed" v="50" /><tag k="highway" v="secondary" /><tag k="lanes" v="3" /><tag k="name" v="Sandford Road" /><tag k="oneway" v="no" /></way><way changeset="1" id="1390506347" uid="1" timestamp="2026-05-15T09:34:42Z" version="1" visible="true" user="OSMnx"><nd ref="12871500620" /><nd ref="12871500619" /><tag k="ref" v="R117" /><tag k="maxspeed" v="50" /><tag k="highway" v="secondary" /><tag k="lanes" v="3" /><tag k="name" v="Sandford Road" /><tag k="oneway" v="no" /></way><way changeset="1" id="1390506348" uid="1" timestamp="2026-05-15T09:34:42Z" version="1" visible="true" user="OSMnx"><nd ref="12871500621" /><nd ref="8850167281" /><nd ref="11695520582" /><nd ref="12871500620" /><tag k="ref" v="R117" /><tag k="maxspeed" v="50" /><tag k="highway" v="secondary" /><tag k="lanes" v="3" /><tag k="name" v="Sandford Road" /><tag k="oneway" v="no" /></way><way changeset="1" id="1390506349" uid="1" timestamp="2026-05-15T09:34:42Z" version="1" visible="true" user="OSMnx"><nd ref="12871500622" /><nd ref="6394058391" /><nd ref="5658971351" /><nd ref="12871500621" /><tag k="ref" v="R117" /><tag k="maxspeed" v="50" /><tag k="highway" v="secondary" /><tag k="lanes" v="3" /><tag k="name" v="Sandford Road" /><tag k="oneway" v="no" /></way><way changeset="1" id="1390506350" uid="1" timestamp="2026-05-15T09:34:42Z" version="1" visible="true" user="OSMnx"><nd ref="50881042" /><nd ref="12871500623" /><tag k="ref" v="R117" /><tag k="maxspeed" v="50" /><tag k="highway" v="secondary" /><tag k="lanes" v="3" /><tag k="name" v="Sandford Road" /><tag k="oneway" v="no" /></way><way changeset="1" id="1390506351" uid="1" timestamp="2026-05-15T09:34:42Z" version="1" visible="true" user="OSMnx"><nd ref="12286983929" /><nd ref="50881042" /><tag k="ref" v="R117" /><tag k="maxspeed" v="50" /><tag k="highway" v="secondary" /><tag k="lanes" v="2" /><tag k="name" v="Sandford Road" /><tag k="oneway" v="no" /></way><way changeset="1" id="1390506352" uid="1" timestamp="2026-05-15T09:34:42Z" version="1" visible="true" user="OSMnx"><nd ref="12871500624" /><nd ref="11695496301" /><nd ref="12286983929" /><tag k="ref" v="R117" /><tag k="maxspeed" v="50" /><tag k="highway" v="secondary" /><tag k="lanes" v="2" /><tag k="name" v="Sandford Road" /><tag k="oneway" v="no" /></way><way changeset="1" id="1390506353" uid="1" timestamp="2026-05-15T09:34:42Z" version="1" visible="true" user="OSMnx"><nd ref="12286983930" /><nd ref="12871500624" /><tag k="ref" v="R117" /><tag k="maxspeed" v="50" /><tag k="highway" v="secondary" /><tag k="lanes" v="2" /><tag k="name" v="Sandford Road" /><tag k="oneway" v="no" /></way><way changeset="1" id="1390506354" uid="1" timestamp="2026-05-15T09:34:42Z" version="1" visible="true" user="OSMnx"><nd ref="4842834986" /><nd ref="259594888" /><nd ref="4842834989" /><tag k="ref" v="R117" /><tag k="maxspeed" v="50" /><tag k="highway" v="secondary" /><tag k="lanes" v="2" /><tag k="name" v="Sandford Road" /><tag k="oneway" v="no" /></way><way changeset="1" id="1390506355" uid="1" timestamp="2026-05-15T09:34:42Z" version="1" visible="true" user="OSMnx"><nd ref="12871500625" /><nd ref="6395926032" /><nd ref="4842834986" /><tag k="ref" v="R117" /><tag k="maxspeed" v="50" /><tag k="highway" v="secondary" /><tag k="lanes" v="2" /><tag k="name" v="Sandford Road" /><tag k="oneway" v="no" /></way><way changeset="1" id="1390506356" uid="1" timestamp="2026-05-15T09:34:42Z" version="1" visible="true" user="OSMnx"><nd ref="12871500626" /><nd ref="6395926033" /><nd ref="243643652" /><tag k="ref" v="R117" /><tag k="maxspeed" v="50" /><tag k="highway" v="secondary" /><tag k="lanes" v="2" /><tag k="name" v="Sandford Road" /><tag k="oneway" v="no" /></way><way changeset="1" id="1390509089" uid="1" timestamp="2026-05-15T09:34:42Z" version="1" visible="true" user="OSMnx"><nd ref="12871528270" /><nd ref="13705045494" /><nd ref="688820688" /><nd ref="12871500626" /><tag k="ref" v="R117" /><tag k="maxspeed" v="50" /><tag k="highway" v="secondary" /><tag k="lanes" v="2" /><tag k="name" v="Sandford Road" /><tag k="oneway" v="no" /></way><way changeset="1" id="1390509090" uid="1" timestamp="2026-05-15T09:34:42Z" version="1" visible="true" user="OSMnx"><nd ref="12871528271" /><nd ref="13705030561" /><nd ref="13705030566" /><nd ref="6394058390" /><nd ref="12871528270" /><tag k="ref" v="R117" /><tag k="maxspeed" v="50" /><tag k="highway" v="secondary" /><tag k="lanes" v="2" /><tag k="name" v="Sandford Road" /><tag k="oneway" v="no" /></way><way changeset="1" id="1390509091" uid="1" timestamp="2026-05-15T09:34:42Z" version="1" visible="true" user="OSMnx"><nd ref="2784725491" /><nd ref="243643628" /><nd ref="12871528272" /><tag k="ref" v="R117" /><tag k="maxspeed" v="50" /><tag k="highway" v="secondary" /><tag k="lanes" v="2" /><tag k="name" v="Sandford Road" /><tag k="oneway" v="no" /></way><way changeset="1" id="1390509092" uid="1" timestamp="2026-05-15T09:34:42Z" version="1" visible="true" user="OSMnx"><nd ref="12871528272" /><nd ref="12871528274" /><tag k="ref" v="R117" /><tag k="maxspeed" v="50" /><tag k="highway" v="secondary" /><tag k="lanes" v="2" /><tag k="name" v="Sandford Road" /><tag k="oneway" v="no" /></way><way changeset="1" id="1390509094" uid="1" timestamp="2026-05-15T09:34:42Z" version="1" visible="true" user="OSMnx"><nd ref="12871528278" /><nd ref="2784725491" /><tag k="ref" v="R117" /><tag k="maxspeed" v="50" /><tag k="highway" v="secondary" /><tag k="lanes" v="2" /><tag k="name" v="Sandford Road" /><tag k="oneway" v="no" /></way><way changeset="1" id="1390509095" uid="1" timestamp="2026-05-15T09:34:42Z" version="1" visible="true" user="OSMnx"><nd ref="12871528279" /><nd ref="8376389421" /><nd ref="12871528278" /><tag k="ref" v="R117" /><tag k="maxspeed" v="50" /><tag k="highway" v="secondary" /><tag k="lanes" v="2" /><tag k="name" v="Sandford Road" /><tag k="oneway" v="no" /></way><way changeset="1" id="1390509096" uid="1" timestamp="2026-05-15T09:34:42Z" version="1" visible="true" user="OSMnx"><nd ref="12286983931" /><nd ref="13694515208" /><nd ref="60790659" /><nd ref="13694515211" /><nd ref="3249771206" /><tag k="ref" v="R117" /><tag k="maxspeed" v="50" /><tag k="highway" v="secondary" /><tag k="lanes" v="2" /><tag k="name" v="Sandford Road" /><tag k="oneway" v="no" /></way><way changeset="1" id="1390509097" uid="1" timestamp="2026-05-15T09:34:42Z" version="1" visible="true" user="OSMnx"><nd ref="12871528276" /><nd ref="12286983931" /><tag k="ref" v="R117" /><tag k="maxspeed" v="50" /><tag k="highway" v="secondary" /><tag k="lanes" v="2" /><tag k="name" v="Sandford Road" /><tag k="oneway" v="no" /></way><way changeset="1" id="1390509098" uid="1" timestamp="2026-05-15T09:34:42Z" version="1" visible="true" user="OSMnx"><nd ref="666361" /><nd ref="13694515202" /><nd ref="13694478799" /><nd ref="13686143250" /><nd ref="13694478796" /><nd ref="13694478793" /><nd ref="13694515205" /><nd ref="12871528276" /><tag k="ref" v="R117" /><tag k="maxspeed" v="50" /><tag k="highway" v="secondary" /><tag k="lanes" v="2" /><tag k="name" v="Sandford Road" /><tag k="oneway" v="no" /></way><way changeset="1" id="1390509099" uid="1" timestamp="2026-05-15T09:34:42Z" version="1" visible="true" user="OSMnx"><nd ref="6395926034" /><nd ref="13686193755" /><nd ref="13686193773" /><nd ref="666361" /><tag k="ref" v="R117" /><tag k="maxspeed" v="50" /><tag k="highway" v="secondary" /><tag k="lanes" v="2" /><tag k="name" v="Sandford Road" /><tag k="oneway" v="no" /></way><way changeset="1" id="1390509100" uid="1" timestamp="2026-05-15T09:34:42Z" version="1" visible="true" user="OSMnx"><nd ref="4592202872" /><nd ref="13686193776" /><nd ref="6395926034" /><tag k="ref" v="R117" /><tag k="maxspeed" v="50" /><tag k="highway" v="secondary" /><tag k="lanes" v="2" /><tag k="name" v="Sandford Road" /><tag k="oneway" v="no" /></way><way changeset="1" id="1390509102" uid="1" timestamp="2026-05-15T09:34:42Z" version="1" visible="true" user="OSMnx"><nd ref="12177679235" /><nd ref="565771599" /><tag k="ref" v="R117" /><tag k="maxspeed" v="50" /><tag k="highway" v="secondary" /><tag k="lanes" v="2" /><tag k="name" v="Sandford Road" /><tag k="oneway" v="no" /></way><way changeset="1" id="1390509104" uid="1" timestamp="2026-05-15T09:34:42Z" version="1" visible="true" user="OSMnx"><nd ref="565771599" /><nd ref="12177679236" /><tag k="ref" v="R117" /><tag k="maxspeed" v="50" /><tag k="highway" v="secondary" /><tag k="lanes" v="2" /><tag k="name" v="Sandford Road" /><tag k="oneway" v="no" /></way><way changeset="1" id="1390513287" uid="1" timestamp="2026-05-15T09:34:42Z" version="1" visible="true" user="OSMnx"><nd ref="12177679232" /><nd ref="54845154" /><tag k="ref" v="R117" /><tag k="maxspeed" v="50" /><tag k="highway" v="secondary" /><tag k="lanes" v="2" /><tag k="name" v="Ranelagh" /><tag k="oneway" v="no" /></way><way changeset="1" id="1390513288" uid="1" timestamp="2026-05-15T09:34:42Z" version="1" visible="true" user="OSMnx"><nd ref="12871547912" /><nd ref="3731552604" /><nd ref="12871547911" /><tag k="ref" v="R117" /><tag k="maxspeed" v="50" /><tag k="highway" v="secondary" /><tag k="lanes" v="2" /><tag k="name" v="Ranelagh" /><tag k="oneway" v="no" /></way><way changeset="1" id="1390513289" uid="1" timestamp="2026-05-15T09:34:42Z" version="1" visible="true" user="OSMnx"><nd ref="12871547911" /><nd ref="12177679232" /><tag k="ref" v="R117" /><tag k="maxspeed" v="50" /><tag k="highway" v="secondary" /><tag k="lanes" v="2" /><tag k="name" v="Ranelagh" /><tag k="oneway" v="no" /></way><way changeset="1" id="1390513290" uid="1" timestamp="2026-05-15T09:34:42Z" version="1" visible="true" user="OSMnx"><nd ref="12177679233" /><nd ref="12871547912" /><tag k="ref" v="R117" /><tag k="maxspeed" v="50" /><tag k="highway" v="secondary" /><tag k="lanes" v="2" /><tag k="name" v="Ranelagh" /><tag k="oneway" v="no" /></way><way changeset="1" id="1390513291" uid="1" timestamp="2026-05-15T09:34:42Z" version="1" visible="true" user="OSMnx"><nd ref="12871547913" /><nd ref="12177679233" /><tag k="ref" v="R117" /><tag k="maxspeed" v="50" /><tag k="highway" v="secondary" /><tag k="lanes" v="2" /><tag k="name" v="Ranelagh" /><tag k="oneway" v="no" /></way><way changeset="1" id="1390513292" uid="1" timestamp="2026-05-15T09:34:42Z" version="1" visible="true" user="OSMnx"><nd ref="12871547915" /><nd ref="6395926035" /><nd ref="12871547913" /><tag k="ref" v="R117" /><tag k="maxspeed" v="50" /><tag k="highway" v="secondary" /><tag k="lanes" v="2" /><tag k="name" v="Ranelagh" /><tag k="oneway" v="no" /></way><way changeset="1" id="1390513293" uid="1" timestamp="2026-05-15T09:34:42Z" version="1" visible="true" user="OSMnx"><nd ref="12871547914" /><nd ref="12871547915" /><tag k="ref" v="R117" /><tag k="maxspeed" v="50" /><tag k="highway" v="secondary" /><tag k="lanes" v="2" /><tag k="name" v="Ranelagh" /><tag k="oneway" v="no" /></way><way changeset="1" id="1390513294" uid="1" timestamp="2026-05-15T09:34:42Z" version="1" visible="true" user="OSMnx"><nd ref="12871547916" /><nd ref="666360" /><nd ref="12871547914" /><tag k="ref" v="R117" /><tag k="maxspeed" v="50" /><tag k="highway" v="secondary" /><tag k="lanes" v="2" /><tag k="name" v="Ranelagh" /><tag k="oneway" v="no" /></way><way changeset="1" id="1390513295" uid="1" timestamp="2026-05-15T09:34:42Z" version="1" visible="true" user="OSMnx"><nd ref="12871547917" /><nd ref="12871547916" /><tag k="ref" v="R117" /><tag k="maxspeed" v="50" /><tag k="highway" v="secondary" /><tag k="lanes" v="2" /><tag k="name" v="Ranelagh" /><tag k="oneway" v="no" /></way><way changeset="1" id="1390513296" uid="1" timestamp="2026-05-15T09:34:42Z" version="1" visible="true" user="OSMnx"><nd ref="12871547918" /><nd ref="12871547917" /><tag k="ref" v="R117" /><tag k="maxspeed" v="50" /><tag k="highway" v="secondary" /><tag k="lanes" v="2" /><tag k="name" v="Ranelagh" /><tag k="oneway" v="no" /></way><way changeset="1" id="1390513297" uid="1" timestamp="2026-05-15T09:34:42Z" version="1" visible="true" user="OSMnx"><nd ref="12871547919" /><nd ref="6394058389" /><nd ref="3731552612" /><nd ref="12871547918" /><tag k="ref" v="R117" /><tag k="maxspeed" v="50" /><tag k="highway" v="secondary" /><tag k="lanes" v="2" /><tag k="name" v="Ranelagh" /><tag k="oneway" v="no" /></way><way changeset="1" id="1390513298" uid="1" timestamp="2026-05-15T09:34:42Z" version="1" visible="true" user="OSMnx"><nd ref="12871547920" /><nd ref="12871547919" /><tag k="ref" v="R117" /><tag k="maxspeed" v="50" /><tag k="highway" v="secondary" /><tag k="lanes" v="2" /><tag k="name" v="Ranelagh" /><tag k="oneway" v="no" /></way><way changeset="1" id="1390513299" uid="1" timestamp="2026-05-15T09:34:42Z" version="1" visible="true" user="OSMnx"><nd ref="12871547921" /><nd ref="666355" /><nd ref="12871547920" /><tag k="ref" v="R117" /><tag k="maxspeed" v="50" /><tag k="highway" v="secondary" /><tag k="lanes" v="2" /><tag k="name" v="Ranelagh" /><tag k="oneway" v="no" /></way><way changeset="1" id="1390513300" uid="1" timestamp="2026-05-15T09:34:42Z" version="1" visible="true" user="OSMnx"><nd ref="12871547922" /><nd ref="5966992443" /><tag k="ref" v="R117" /><tag k="maxspeed" v="50" /><tag k="highway" v="secondary" /><tag k="lanes" v="2" /><tag k="name" v="Ranelagh" /><tag k="oneway" v="no" /></way><way changeset="1" id="1390513302" uid="1" timestamp="2026-05-15T09:34:42Z" version="1" visible="true" user="OSMnx"><nd ref="12871547925" /><nd ref="12871547926" /><nd ref="8411899935" /><nd ref="665794" /><tag k="ref" v="R117" /><tag k="maxspeed" v="50" /><tag k="highway" v="secondary" /><tag k="lanes" v="4" /><tag k="name" v="Ranelagh" /><tag k="oneway" v="no" /></way><way changeset="1" id="1418028514" uid="1" timestamp="2026-05-15T09:34:42Z" version="1" visible="true" user="OSMnx"><nd ref="13031174690" /><nd ref="5407237265" /><nd ref="389676" /><tag k="ref" v="R114" /><tag k="maxspeed" v="50" /><tag k="highway" v="secondary" /><tag k="lanes" v="2" /><tag k="name" v="Richmond Street South" /><tag k="oneway" v="yes" /></way><way changeset="1" id="1418028515" uid="1" timestamp="2026-05-15T09:34:42Z" version="1" visible="true" user="OSMnx"><nd ref="389676" /><nd ref="13031174691" /><tag k="ref" v="R114" /><tag k="maxspeed" v="30" /><tag k="highway" v="secondary" /><tag k="lanes" v="3" /><tag k="name" v="Camden Street Upper" /><tag k="oneway" v="yes" /></way><way changeset="1" id="1418030829" uid="1" timestamp="2026-05-15T09:34:42Z" version="1" visible="true" user="OSMnx"><nd ref="658464" /><nd ref="3889003904" /><nd ref="658465" /><nd ref="13031173341" /><tag k="ref" v="R138" /><tag k="maxspeed" v="30" /><tag k="highway" v="secondary" /><tag k="lanes" v="3" /><tag k="name" v="Leeson Street Lower" /><tag k="oneway" v="yes" /></way><way changeset="1" id="1418030830" uid="1" timestamp="2026-05-15T09:34:42Z" version="1" visible="true" user="OSMnx"><nd ref="13031173342" /><nd ref="10119901775" /><nd ref="13031173343" /><tag k="ref" v="R138" /><tag k="maxspeed" v="30" /><tag k="highway" v="secondary" /><tag k="lanes" v="3" /><tag k="name" v="Leeson Street Lower" /><tag k="oneway" v="yes" /></way><way changeset="1" id="1418030831" uid="1" timestamp="2026-05-15T09:34:42Z" version="1" visible="true" user="OSMnx"><nd ref="13031173341" /><nd ref="13031173342" /><tag k="ref" v="R138" /><tag k="maxspeed" v="30" /><tag k="highway" v="secondary" /><tag k="lanes" v="3" /><tag k="name" v="Leeson Street Lower" /><tag k="oneway" v="yes" /></way><way changeset="1" id="1418030832" uid="1" timestamp="2026-05-15T09:34:42Z" version="1" visible="true" user="OSMnx"><nd ref="13031173343" /><nd ref="13031173340" /><tag k="ref" v="R138" /><tag k="maxspeed" v="30" /><tag k="highway" v="secondary" /><tag k="lanes" v="3" /><tag k="name" v="Leeson Street Lower" /><tag k="oneway" v="yes" /></way><way changeset="1" id="1436094703" uid="1" timestamp="2026-05-15T09:34:42Z" version="1" visible="true" user="OSMnx"><nd ref="13199971042" /><nd ref="13199971046" /><nd ref="13199971043" /><nd ref="13199971044" /><nd ref="13199971073" /><nd ref="13199971084" /><nd ref="13199971045" /><nd ref="1420144288" /><tag k="maxspeed" v="30" /><tag k="highway" v="residential" /><tag k="lanes" v="2" /><tag k="name" v="Wellington Road" /><tag k="oneway" v="yes" /></way><way changeset="1" id="1436094713" uid="1" timestamp="2026-05-15T09:34:42Z" version="1" visible="true" user="OSMnx"><nd ref="1420144275" /><nd ref="8668935406" /><tag k="maxspeed" v="50" /><tag k="highway" v="residential" /><tag k="lanes" v="2" /><tag k="name" v="Wellington Place" /><tag k="oneway" v="no" /></way><way changeset="1" id="1436312739" uid="1" timestamp="2026-05-15T09:34:42Z" version="1" visible="true" user="OSMnx"><nd ref="13246935067" /><nd ref="8562043196" /><nd ref="1260861246" /><nd ref="8562043147" /><nd ref="355146343" /><nd ref="8562043148" /><nd ref="8718928274" /><nd ref="355146344" /><tag k="maxspeed" v="30" /><tag k="highway" v="residential" /><tag k="name" v="Clyde Lane" /><tag k="oneway" v="no" /></way><way changeset="1" id="1441982801" uid="1" timestamp="2026-05-15T09:34:42Z" version="1" visible="true" user="OSMnx"><nd ref="13231362048" /><nd ref="13231362049" /><nd ref="11695496305" /><nd ref="11695520580" /><nd ref="2479785929" /><nd ref="50881042" /><tag k="maxspeed" v="30" /><tag k="highway" v="tertiary" /><tag k="lanes" v="1" /><tag k="name" v="Belmont Avenue" /><tag k="oneway" v="yes" /></way><way changeset="1" id="1443265590" uid="1" timestamp="2026-05-15T09:34:42Z" version="1" visible="true" user="OSMnx"><nd ref="1771090366" /><nd ref="666725" /><tag k="ref" v="R820" /><tag k="maxspeed" v="50" /><tag k="highway" v="secondary" /><tag k="lanes" v="2" /><tag k="name" v="Rathmines Road Upper" /><tag k="oneway" v="no" /></way><way changeset="1" id="1443265591" uid="1" timestamp="2026-05-15T09:34:42Z" version="1" visible="true" user="OSMnx"><nd ref="13243707840" /><nd ref="65078356" /><tag k="ref" v="R820" /><tag k="maxspeed" v="50" /><tag k="highway" v="secondary" /><tag k="lanes" v="2" /><tag k="name" v="Rathmines Road Upper" /><tag k="oneway" v="no" /></way><way changeset="1" id="1491236511" uid="1" timestamp="2026-05-15T09:34:42Z" version="1" visible="true" user="OSMnx"><nd ref="13666960502" /><nd ref="130253645" /><tag k="highway" v="residential" /><tag k="name" v="Charlemont Square" /><tag k="width" v="5" /><tag k="oneway" v="no" /></way></osm>